rank,symbol,name,scan_theme,trade_group,parent_group,in_execution_pool,execution_theme,scan_rank_60d_dollar_volume,median_dollar_volume_60d,eligible,scan_score,mom20_pct,mom63_skip5_pct,mom126_skip5_pct,dollar_volume20,dollar_accel20_60_pct,obs
1,SNDK,Sandisk Corporation - Common Stock When-Issued,memory_storage,us_unclassified_stock,us_unclassified,False,,4.0,14216017969.226074,True,2.939398198017032,56.887308846573404,204.0480248693453,757.3361670487621,18802586144.073486,14.067050789925739,338
2,MRVL,"Marvell Technology, Inc. - Common Stock",ai_compute,asic_network_chip,us_semiconductor,True,ai_compute,17.0,3639722033.9199066,True,1.8985204924764392,66.26337339309964,220.3496145910615,216.14464117286528,15362374140.100098,234.05887709830014,420
3,AEHR,Aehr Test Systems - Common Stock,semi_equipment,us_unclassified_stock,us_unclassified,False,,484.0,202559046.52023315,True,1.644513984068738,40.02915737160395,173.65204410012765,320.1875891347094,184779514.8006439,-17.447501961817768,420
4,AXTI,AXT Inc - Common Stock,compound_semiconductor,us_unclassified_stock,us_unclassified,False,,100.0,881560364.9177551,True,1.5940509541011194,-19.156869131634735,89.04343505941108,490.50799540527873,1006740677.287674,5.399246083842213,420
5,MU,"Micron Technology, Inc. - Common Stock",memory_storage,memory_dram_nand,us_semiconductor,True,memory_storage,3.0,21397682386.9812,True,1.5619651974867959,54.91878377616668,145.7847223880278,294.85415095057635,50146326969.506836,58.96100181189663,420
6,DELL,Dell Technologies Inc. Class C Common Stock,server_network,ai_server_hardware,us_ai_hardware,True,server_network,69.0,1191660077.4597168,True,1.4843987252464625,68.56708201795654,161.9313048328516,185.32703970922393,3834325567.666626,155.25609018965721,420
7,AAOI,"Applied Optoelectronics, Inc. - Common Stock",optical_communication,us_unclassified_stock,us_unclassified,False,,54.0,1538543416.442871,True,1.479371056152286,-2.0634082758481886,62.70834806189389,468.7294389475453,2367848359.1781616,29.48670905659634,420
8,ARM,Arm Holdings plc - American Depositary Shares,ai_compute,semi_eda_ip,us_semiconductor,True,us981a_ai_theme,,,True,1.4793436788824357,71.17593294477795,197.28110043542287,141.12592732115726,4860491023.020935,96.41204273058364,420
9,DOCN,"DigitalOcean Holdings, Inc. Common Stock",cloud_infra,us_unclassified_stock,us_unclassified,False,,266.0,372093865.1031494,True,1.3839409248630619,8.21935145333985,163.893078795906,251.46821341435347,447935845.92285156,1.3128338389214012,420
10,ALAB,"Astera Labs, Inc. - Common Stock",ai_data_center_connectivity,us_unclassified_stock,us_unclassified,False,,101.0,880360816.1865234,True,1.3676786030149184,45.07791546733093,206.4803974513623,119.93655565809465,1992820831.1462402,48.519594403889485,420
11,STX,Seagate Technology Holdings PLC - Ordinary Shares (Ireland),memory_storage,storage_hdd_ssd,us_semiconductor,True,memory_storage,38.0,1870515419.140625,True,1.2215368794148682,42.49403784363308,132.52695913599973,208.23936620026603,2849252490.927124,19.579072114938167,420
12,INTC,Intel Corporation - Common Stock,semi_foundry_idm,semi_foundry_idm,us_semiconductor,True,us981a_ai_theme,12.0,7252457155.057716,True,1.2176738935647915,12.634504475759712,158.47513609828212,188.7901211962288,14183130573.070908,7.29146918043051,420
13,STM,STMicroelectronics N.V. Common Stock,power_semiconductor,us_unclassified_stock,us_unclassified,False,,230.0,438953602.0374298,True,1.2043178325218125,20.730015433866722,135.68805519136146,203.0458275888935,965943899.887085,44.646984320718474,420
14,WDC,Western Digital Corporation - Common Stock,memory_storage,storage_hdd_ssd,us_semiconductor,True,memory_storage,22.0,2654565205.595398,True,1.13800615740003,62.358032373784496,102.65333979252533,212.3412228253382,3635584797.280884,20.497006522751416,420
15,HUT,Hut 8 Corp. - Common Stock,crypto_infra,us_unclassified_stock,us_unclassified,False,,323.0,304202241.4161682,True,1.1031998153407854,28.94000589260235,139.616801328464,158.98463138225995,481325544.78034973,19.582619121842693,420
16,UMC,United Microelectronics Corporation (NEW) Common Stock,us_unclassified,us_unclassified_stock,us_unclassified,False,,715.0,121665785.21895409,True,1.0632015573727478,37.12984428279289,121.17646482839062,155.62422639214049,360167479.360199,54.58721109905304,420
17,HPE,Hewlett Packard Enterprise Company Common Stock,server_network,ai_server_hardware,us_ai_hardware,True,server_network,250.0,393331667.0117378,True,1.032442530497641,40.26627490402031,117.62912341678016,90.74211046998771,1463371111.7088318,195.72364913912043,420
18,FLEX,Flex Ltd. - Ordinary Shares,electronics_manufacturing,us_unclassified_stock,us_unclassified,False,,337.0,295275706.10141754,True,1.017827712007225,12.23387759671759,140.11059609014617,121.88321969804971,772446023.110199,58.154225163007744,420
19,AMD,"Advanced Micro Devices, Inc. - Common Stock",ai_compute,ai_gpu_accelerator,us_semiconductor,True,ai_compute,8.0,9888385481.311035,True,1.0171617656919443,20.0612206172504,147.0162833205328,120.39979377706884,15926820657.202148,14.466565072373804,420
20,NBIS,Nebius Group N.V. - Class A Ordinary Shares,cloud_ai_infra,us_unclassified_stock,us_unclassified,False,,29.0,2256853697.172928,True,0.9462204604755133,49.457820610357906,105.70159534423338,130.51550363181642,3931336918.9170837,45.358881126206384,416
21,STRL,"Sterling Infrastructure, Inc. - Common Stock",us_unclassified,us_unclassified_stock,us_unclassified,False,,451.0,220606610.46142575,True,0.9442710873229526,14.611702776969748,107.25919953113703,158.7318642398115,536970837.7502441,35.551623279367625,420
22,IRDM,Iridium Communications Inc - Common Stock,space_ev_defense,us_unclassified_stock,us_unclassified,True,space_ev_defense,948.0,74425071.70028687,True,0.9392865293852984,-1.5680192217613187,101.99274137611533,184.26981904629778,128179282.6248169,22.78068402055766,420
23,NVTS,Navitas Semiconductor Corporation - Common Stock,power_semiconductor,us_unclassified_stock,us_unclassified,False,,240.0,423525182.6161861,True,0.9302531132881718,4.4802118177464045,122.54509121446131,142.20282333355038,690803369.5964813,14.33272085372721,420
24,TTMI,"TTM Technologies, Inc. - Common Stock",us_unclassified,us_unclassified_stock,us_unclassified,False,,435.0,228538099.6650696,True,0.9220741492876389,27.798772827931305,106.77049350654602,143.95362513067354,434624408.3251953,26.12532002563539,420
25,CRDO,Credo Technology Group Holding Ltd - Ordinary Shares,ai_data_center_connectivity,us_unclassified_stock,us_unclassified,False,,94.0,932664772.3220824,True,0.9156564770436785,48.55721549858709,137.3039441514916,55.47596465093356,2067931090.5975342,61.984385737458084,420
26,SITM,SiTime Corporation - Common Stock,us_unclassified,us_unclassified_stock,us_unclassified,False,,555.0,173579940.23895264,True,0.8361383295497915,4.596840463033547,123.37709964299121,96.7966409595888,347343620.95336914,29.756097831292006,420
27,TSEM,Tower Semiconductor Ltd. - Ordinary Shares,us_unclassified,us_unclassified_stock,us_unclassified,False,,189.0,514250534.4467163,True,0.7949953976084627,8.416507230558757,117.93486953149764,108.33870672410532,419651933.3328247,-23.391296554657494,420
28,GFS,GlobalFoundries Inc. - Ordinary Share,semi_foundry_idm,semi_foundry_idm,us_semiconductor,True,us981a_ai_theme,506.0,192964738.5169983,True,0.7874835502124458,21.245939710432204,94.13319924872752,102.05205133536364,397870953.26156616,66.26214583389842,420
29,SMTC,Semtech Corporation - Common Stock,us_unclassified,us_unclassified_stock,us_unclassified,False,,380.0,262361136.819458,True,0.7859325497364403,11.54740142349382,96.10358487314588,103.09163827273315,564134541.8586731,72.64251927846348,420
30,ON,ON Semiconductor Corporation - Common Stock,us_unclassified,us_unclassified_stock,us_unclassified,False,,118.0,768222834.8831177,True,0.7741409651045131,10.352965934936599,101.00537674616304,109.9583560484985,1373258953.8841248,24.014947755660067,420
31,HUM,Humana Inc. Common Stock,health_insurance,health_insurance,us_healthcare,False,,341.0,292210057.12280273,True,0.7357177811929102,18.595852238726728,126.40832018062844,48.50106072765712,401294936.9796753,8.43598408348587,420
32,VIAV,Viavi Solutions Inc. - Common Stock,us_unclassified,us_unclassified_stock,us_unclassified,False,,411.0,241173213.6762619,True,0.7333274955275902,-1.9334726292686621,68.81720864272467,165.25871310365594,319081180.31082153,14.370219134726735,420
33,LRCX,Lam Research Corporation - Common Stock,semi_equipment,semi_equipment,us_semiconductor,True,semi_equipment,26.0,2381657240.762329,True,0.7202536038457779,33.19182903302145,72.92700917763437,118.74365182908404,3424347574.4674683,28.839274907670266,420
34,POWL,"Powell Industries, Inc. - Common Stock",thermal_power,transformer,us_industrial,True,thermal_power,660.0,140572828.6605835,True,0.7136334568008041,9.647675923909738,69.75620838786953,152.7732056425246,147751728.2470703,-1.4978468987398075,420
35,AMAT,"Applied Materials, Inc. - Common Stock",semi_equipment,semi_equipment,us_semiconductor,True,semi_equipment,27.0,2304604427.575684,True,0.7080734018225199,44.75276195101179,64.06056165728735,107.38830160956083,4678470526.805115,61.824596438801116,420
36,SOXX,iShares PHLX SOX Semiconductor Sector Index Fund,semiconductor_etf,semiconductor_etf,us_etf,True,,,,True,0.6559070739755475,22.897890720429757,77.78032820481708,88.31216958738996,5641751563.934326,39.319391644536104,420
37,AMKR,"Amkor Technology, Inc. - Common Stock",us_unclassified,us_unclassified_stock,us_unclassified,False,,438.0,227967586.8202209,True,0.6431530549980246,32.07767835590052,84.51659966374837,71.02874104749894,398776342.1173096,21.101147180608535,420
38,BE,Bloom Energy Corporation Class A Common Stock,clean_power,energy_oil_gas,us_energy_materials,False,,39.0,1868126576.287841,True,0.6341899102884818,16.50667936187553,58.350835262647394,127.41228009023659,2856903727.0751953,20.067092657225906,420
39,SNX,TD SYNNEX Corporation Common Stock,us_unclassified,us_unclassified_stock,us_unclassified,False,,658.0,140709497.10083008,True,0.6266738357364764,23.35703424377178,81.04506104700316,80.63571654089701,199266512.6312256,13.667701185176107,420
40,MTSI,"MACOM Technology Solutions Holdings, Inc. - Common Stock",us_unclassified,us_unclassified_stock,us_unclassified,False,,342.0,290579881.2194824,True,0.6247664366069604,4.178758234836133,73.54821039576184,99.25563915203387,579244518.7698364,37.30287547627511,420
41,MKSI,MKS Inc. - Common Stock,us_unclassified,us_unclassified_stock,us_unclassified,False,,345.0,288275940.90271,True,0.615270164427975,30.45166523635423,61.749964138380165,109.24590028730191,345317037.03308105,3.377244614300956,420
42,RIOT,"Riot Platforms, Inc. - Common Stock",us_unclassified,us_unclassified_stock,us_unclassified,False,,335.0,299201783.72626305,True,0.5915896041225498,18.71567507772225,80.27585785964442,68.53642168858276,425398301.52397156,21.575839377248517,420
43,NTAP,"NetApp, Inc. - Common Stock",server_network,us_unclassified_stock,us_unclassified,True,server_network,446.0,224111638.57269287,True,0.5905847047295828,34.243931306335476,66.40044176988016,38.17473518800274,561006472.6760864,127.85801618244426,420
44,CNC,Centene Corporation Common Stock,us_unclassified,us_unclassified_stock,us_unclassified,False,,397.0,252158554.96730804,True,0.5880476772295933,4.701444296255097,83.80098778259601,66.8592380783704,351181422.25723267,34.39224841947504,420
45,RKLB,Rocket Lab Corporation - Common Stock,space_ev_defense,us_unclassified_stock,us_unclassified,True,space_ev_defense,42.0,1749003281.39534,True,0.5815023418843472,-20.137027972401466,67.88064087804206,114.823129559627,3064998084.7236633,29.255689978893386,420
46,DDOG,"Datadog, Inc. - Class A Common Stock",us981a_ai_theme,saas_software,us_technology,True,us981a_ai_theme,159.0,587950873.5557556,True,0.5782757404354676,5.069729659040401,84.20886972887214,53.529523660172984,1313925724.812317,55.37255818702971,420
47,SANM,Sanmina Corporation - Common Stock,us_unclassified,us_unclassified_stock,us_unclassified,False,,685.0,133304062.23983765,True,0.5751654837431184,4.459734035826424,95.47289173741089,50.35002697016671,194797340.8519287,10.742935427699795,420
48,FTNT,"Fortinet, Inc. - Common Stock",us981a_ai_theme,cybersecurity,us_technology,True,us981a_ai_theme,202.0,486956494.719696,True,0.5731130739105356,11.330765944260811,71.87203191473301,73.72454797436376,838772589.3630981,42.71602846980602,420
49,ONTO,Onto Innovation Inc. Common Stock,us_unclassified,us_unclassified_stock,us_unclassified,False,,463.0,214784020.86639404,True,0.5714520965466157,26.84707204291947,64.43469570457513,86.66133548982626,304644101.4022827,11.148483065623038,420
50,LITE,Lumentum Holdings Inc. - Common Stock,optical_communication,us_unclassified_stock,us_unclassified,False,,15.0,4830532777.377319,True,0.5684464381788965,-2.0816301878599175,44.39286274376934,146.88204146369537,5294265550.57373,5.636712548415801,420
51,SEDG,"SolarEdge Technologies, Inc. - Common Stock",us_unclassified,us_unclassified_stock,us_unclassified,False,,577.0,164732287.65964508,True,0.5661279966210278,3.255065771296217,66.06990880173946,93.12623326066789,216076155.18188477,29.487692318937953,420
52,WULF,TeraWulf Inc. - Common Stock,us_unclassified,us_unclassified_stock,us_unclassified,False,,182.0,533564985.5262756,True,0.5559897078444946,33.980585606316005,72.80163769347337,62.60423433839226,667295833.2278252,3.910581165251825,420
53,PL,Planet Labs PBC Class A Common Stock,space_ev_defense,us_unclassified_stock,us_unclassified,False,,260.0,377354588.3394241,True,0.5497040838886363,-33.82559858600457,36.84420948570257,166.12147790401997,623012695.5161095,36.25264361493401,420
54,FORM,"FormFactor, Inc. - Common Stock",us_unclassified,us_unclassified_stock,us_unclassified,False,,515.0,189601003.90319824,True,0.5474046187027721,19.34403157404074,47.330320412988435,123.47290360519008,180309452.48565674,-12.952145316732476,420
55,CRS,Carpenter Technology Corporation Common Stock,us_unclassified,us_unclassified_stock,us_unclassified,False,,360.0,277604616.8960571,True,0.5291829271355365,38.970630348042555,49.177568569947816,87.37882506329122,326537179.4403077,11.49554521645808,420
56,LSCC,Lattice Semiconductor Corporation - Common Stock,us_unclassified,us_unclassified_stock,us_unclassified,False,,538.0,180219371.1120605,True,0.5269734773213395,10.797171064172373,65.34722000851065,83.27133573232697,262372613.2080078,3.138305823879306,420
57,FLY,Firefly Aerospace Inc. - Common Stock,us_unclassified,us_unclassified_stock,us_unclassified,False,,444.0,226213677.6594162,True,0.521533128211083,-29.65908917513761,69.47912056693333,102.31243979501782,294491974.78027344,12.414164522613568,218
58,AXSM,"Axsome Therapeutics, Inc. - Common Stock",biotech,biotech,us_healthcare,False,,740.0,114517804.8751831,True,0.5164872135414481,8.620243389004777,64.65741779936016,74.74865868289393,159198289.49432373,21.416699959082997,420
59,RVMD,"Revolution Medicines, Inc. - Common Stock",us_unclassified,us_unclassified_stock,us_unclassified,False,,344.0,288390896.69647217,True,0.5136859884827527,8.421475093399566,56.96854549970447,91.78768848458512,400625708.8218689,11.015362335820633,420
60,CORZ,"Core Scientific, Inc. - Common Stock",us_unclassified,us_unclassified_stock,us_unclassified,False,,428.0,233086105.10721207,True,0.5093176789478766,25.798099497440784,67.61083557256926,55.63178770478778,339347947.2348213,14.39325061446386,420
61,IBRX,"ImmunityBio, Inc. - Common Stock",us_unclassified,us_unclassified_stock,us_unclassified,False,,697.0,128389772.61810304,True,0.5016097364859061,-8.571429079152237,-7.928393206985307,224.32431155293733,92071176.98945999,-6.380414806698842,420
62,KNX,Knight-Swift Transportation Holdings Inc.,us_unclassified,us_unclassified_stock,us_unclassified,False,,551.0,175652269.9262619,True,0.4929847723150124,4.4366218674350755,58.5272055548331,66.17350222000115,349101975.0,55.30534803339038,420
63,STLD,"Steel Dynamics, Inc. - Common Stock",us_unclassified,us_unclassified_stock,us_unclassified,False,,457.0,217246332.85446167,True,0.49097785860168386,9.465615559125663,60.14571393631214,70.00385651392669,296908126.30462646,26.38127348521111,420
64,ATI,ATI Inc. Common Stock,us_unclassified,us_unclassified_stock,us_unclassified,False,,369.0,272923081.70928955,True,0.48808317559560893,30.969883518849773,36.55030230364884,100.66385402762509,307460378.7109375,10.007413122426856,420
65,SMH,VanEck Semiconductor ETF,semiconductor_etf,semiconductor_etf,us_etf,True,,,,True,0.48610371366548893,16.86325156146824,57.022132929671734,65.67652669657957,6529771201.031494,31.586295617580774,420
66,IESC,"IES Holdings, Inc. - Common Stock",grid_engineering,us_unclassified_stock,us_unclassified,True,grid_engineering,756.0,110421365.41748048,True,0.4856874583707915,8.61590677333146,67.92882137539466,61.1036452084748,136255961.03515625,10.01683561366562,420
67,LGN,Legence Corp. - Class A Common stock,us_unclassified,us_unclassified_stock,us_unclassified,False,,754.0,111223303.02314758,True,0.48375634746296586,3.771526370216982,68.5210959713971,75.57756507902711,89369638.98162842,-21.075549846322794,193
68,FROG,JFrog Ltd. - Ordinary shares,us_unclassified,us_unclassified_stock,us_unclassified,False,,738.0,114689010.92128754,True,0.4769281540847491,12.651506028759375,87.34782645121504,14.020051240976471,187262892.9588318,23.50979489432148,420
69,BWA,BorgWarner Inc. Common Stock,us_unclassified,us_unclassified_stock,us_unclassified,False,,681.0,133534724.27501678,True,0.4743631301160602,14.122312100407441,42.59858274081012,78.2328661355812,251256065.0817871,58.84271824264682,420
70,NUE,Nucor Corporation Common Stock,materials_steel,materials_steel,us_energy_materials,False,,367.0,273622786.0054016,True,0.4642727892630674,8.047150179225016,58.01885763652581,66.10753270644165,371062602.66342163,21.824797774147097,420
71,TXN,Texas Instruments Incorporated - Common Stock,us_unclassified,us_unclassified_stock,us_unclassified,False,,53.0,1543315222.3648071,True,0.45170993422019806,5.897395755966683,57.121587921129446,67.42350599593092,2346640445.915222,14.309232073354906,420
72,TWLO,Twilio Inc. Class A Common Stock,us_unclassified,us_unclassified_stock,us_unclassified,False,,336.0,297054642.40112305,True,0.45147073964583656,-1.6690453871801791,64.62432603014298,59.36753169626663,476861821.83532715,15.580534043886907,420
73,CSCO,"Cisco Systems, Inc. - Common Stock",server_network,datacenter_networking,us_ai_hardware,True,server_network,49.0,1644573532.302475,True,0.44846900959833025,4.538699178540706,57.56387930046913,54.880638094376245,2844793502.749634,43.15255915319709,420
74,ASML,ASML Holding N.V. - New York Registry Shares,semi_equipment,semi_equipment,us_semiconductor,True,semi_equipment,25.0,2450085714.72168,True,0.44381520978945255,24.485046262737043,40.8447058167569,71.50183663716408,3424684077.4414062,32.289349495662265,420
75,CROX,"Crocs, Inc. - Common Stock",us_unclassified,us_unclassified_stock,us_unclassified,False,,747.0,112782201.65100098,True,0.438210598421872,21.513942864429403,58.068576024193334,46.838545210125226,144779642.72499084,16.777757558830153,420
76,MOD,Modine Manufacturing Company Common Stock,thermal_power,us_unclassified_stock,us_unclassified,True,thermal_power,429.0,232553752.52456665,True,0.43692561711242234,15.559791176407444,41.46304388406597,77.51553787706393,344712840.0405884,25.433492588650818,420
77,RMBS,"Rambus, Inc. - Common Stock",us_unclassified,us_unclassified_stock,us_unclassified,False,,427.0,233245829.89501956,True,0.4228149183321373,5.697814277821478,60.91557494431341,37.97154281718109,394171073.3263397,42.37034548413128,420
78,AGX,"Argan, Inc. Common Stock",us_unclassified,us_unclassified_stock,us_unclassified,False,,526.0,185746130.267334,True,0.4172150564112059,17.184770116722838,35.895299104661675,87.74698183080984,199255013.72680664,1.9492156297580054,420
79,JBL,Jabil Inc. Common Stock,us_unclassified,us_unclassified_stock,us_unclassified,False,,287.0,346309217.1936035,True,0.4171802966691408,7.744462250909057,49.51024532163524,65.32668096159078,409865192.7062988,15.578565815987222,420
80,FIX,"Comfort Systems USA, Inc. Common Stock",thermal_power,us_unclassified_stock,us_unclassified,True,thermal_power,156.0,614258626.0375977,True,0.4137914737799519,7.1860149883304025,34.24050490006876,87.58455874429507,864624839.7399902,26.375774892243985,420
81,OKTA,"Okta, Inc. - Class A Common Stock",us_unclassified,us_unclassified_stock,us_unclassified,False,,393.0,255728409.08241272,True,0.4027259814270198,32.31131665234444,48.82837814044543,33.84212185287478,400036589.8403168,33.77034185813959,420
82,GLXY,Galaxy Digital Inc. - Class A common stock,us_unclassified,us_unclassified_stock,us_unclassified,False,,707.0,125062457.97309875,True,0.4010058660135655,23.154483972571004,61.270003932115394,12.97113614893821,211262270.28007507,46.55404000155872,274
83,IONQ,"IonQ, Inc. Common Stock",quantum_compute,us_unclassified_stock,us_unclassified,False,,84.0,978484804.0737152,True,0.400880117607391,7.775867965384342,75.56767732857075,6.520946255160531,1865702399.381256,28.971468060152606,420
84,Q,"Qnity Electronics, Inc. Common Stock",us_unclassified,us_unclassified_stock,us_unclassified,False,,443.0,226470001.70440677,True,0.4004958447906728,10.415579678969177,39.31240082375223,75.36215994486157,259191058.75535583,14.353481863695517,162
85,CIEN,Ciena Corporation Common Stock,server_network,datacenter_networking,us_ai_hardware,True,server_network,72.0,1161695579.6478271,True,0.40047075487821315,-22.80986486361598,32.1794433302876,107.70701588209613,1665308615.4922485,32.01544991391059,420
86,NVT,nVent Electric plc Ordinary Shares,thermal_power,us_unclassified_stock,us_unclassified,True,thermal_power,347.0,288095322.1748352,True,0.39134788597246145,9.366121095355929,52.74160059765099,53.6707148649785,292064822.07870483,1.1016539298739358,420
87,AAON,"AAON, Inc. - Common Stock",thermal_power,us_unclassified_stock,us_unclassified,True,thermal_power,976.0,71148442.71240234,True,0.3851097953455916,2.212923770504416,47.94625672613524,57.748933252798686,140833105.65185547,20.553459404977502,420
88,NVMI,Nova Ltd. - Ordinary Shares,us_unclassified,us_unclassified_stock,us_unclassified,False,,583.0,164046241.9921875,True,0.38495012536335665,16.452441952944618,33.2079728238019,66.23692097376308,258482456.68945312,37.01706131595115,420
89,NXPI,NXP Semiconductors N.V. - Common Stock,us_unclassified,us_unclassified_stock,us_unclassified,False,,127.0,735316888.2408142,True,0.3827224710636102,1.00596330117253,59.04201564871619,33.952384954356816,1225278027.2216797,30.140511656150217,420
90,CLSK,"CleanSpark, Inc. - Common Stock",us_unclassified,us_unclassified_stock,us_unclassified,False,,445.0,224973155.25636676,True,0.3812471367570517,11.948053234844803,69.31936914495161,8.888886605493628,337590795.8144188,23.19165262134584,420
91,GH,"Guardant Health, Inc. - Common Stock",us_unclassified,us_unclassified_stock,us_unclassified,False,,573.0,165871474.47509766,True,0.38039240542784114,14.621203253120175,55.79623795103621,26.82879087068757,275032574.9710083,32.99495096521894,420
92,ODFL,"Old Dominion Freight Line, Inc. - Common Stock",us_unclassified,us_unclassified_stock,us_unclassified,False,,270.0,369204351.7944336,True,0.37614817121077787,5.3424159354027445,40.58101837522128,66.63711700076982,472754427.90145874,16.25596414955204,420
93,ESI,Element Solutions Inc. Common Stock,us_unclassified,us_unclassified_stock,us_unclassified,False,,778.0,105721354.16259766,True,0.3749350270955197,13.366219693264458,42.63874360683238,63.13261859995918,106770924.1109848,-1.5033050216529231,420
94,CRWD,"CrowdStrike Holdings, Inc. - Class A Common Stock",us981a_ai_theme,cybersecurity,us_technology,True,us981a_ai_theme,57.0,1412893160.5499268,True,0.37457603063559464,5.34524938594938,56.61775058069725,33.50516532918311,2021001498.8586426,25.34274092760045,420
95,ENPH,"Enphase Energy, Inc. - Common Stock",energy_oil_gas,energy_oil_gas,us_energy_materials,False,,454.0,218767384.6488953,True,0.36942413946726543,-1.636881884487651,28.94366730680753,74.10460105701576,442691598.4208832,57.18989771306748,420
96,POET,POET Technologies Inc. - Common Shares,optical_communication,us_unclassified_stock,us_unclassified,False,,607.0,156610208.99891853,True,0.3647091522590444,-17.794317739897657,51.20967625641302,63.04347600738587,447153164.3928051,12.245554566516393,420
97,ENTG,"Entegris, Inc. - Common Stock",us_unclassified,us_unclassified_stock,us_unclassified,False,,285.0,347727577.8804779,True,0.36454598127303356,39.99217583765316,31.860522814528913,56.75640301322933,385135972.6097107,-0.7017306007261803,420
98,DVA,DaVita Inc. Common Stock,us_unclassified,us_unclassified_stock,us_unclassified,False,,729.0,118286421.19674684,True,0.3582107261297981,5.607765946430909,33.170002013769405,74.70644127027097,139135821.38061523,10.964081999296482,420
99,DAVE,Dave Inc.  - Class A Common Stock,us_unclassified,us_unclassified_stock,us_unclassified,False,,785.0,103723416.11938477,True,0.35671291091840795,28.97456870607662,34.099123556974554,46.60742159150366,158314845.88012695,28.79916352111007,420
100,JBHT,"J.B. Hunt Transport Services, Inc. - Common Stock",us_unclassified,us_unclassified_stock,us_unclassified,False,,493.0,199066714.7827148,True,0.355085032534618,3.1725487610244185,44.02538496548243,52.952584253319856,248480946.74987793,18.244242034598646,420
101,SAIA,"Saia, Inc. - Common Stock",us_unclassified,us_unclassified_stock,us_unclassified,False,,543.0,179108659.375,True,0.353750370199598,-6.720690724264355,54.28028967488123,47.774919965995096,191229773.13232422,3.49314819617339,420
102,MCHP,Microchip Technology Incorporated - Common Stock,us_unclassified,us_unclassified_stock,us_unclassified,False,,123.0,746440594.046402,True,0.3520257143001563,6.648321957395331,48.902391986980184,40.548177757707585,1057066645.6295013,17.297862049685754,420
103,APLD,Applied Digital Corporation - Common Stock,us_unclassified,us_unclassified_stock,us_unclassified,False,,155.0,617640243.2275772,True,0.3509136900073298,17.889675133936713,50.90975950332308,26.548674523677953,917006312.727356,19.66873566530758,420
104,CASY,"Caseys General Stores, Inc. - Common Stock",us_unclassified,us_unclassified_stock,us_unclassified,False,,313.0,314924031.59484863,True,0.34941460535833013,-1.2035060759516103,36.07927230925099,62.94500629970625,447164892.05322266,32.10237636933824,420
105,JEF,Jefferies Financial Group Inc. Common Stock,us_unclassified,us_unclassified_stock,us_unclassified,False,,767.0,108333002.27413176,True,0.3455264829992898,20.34883781104384,66.9084567069789,1.664046763803495,102253386.5076065,-0.4193647137116785,420
106,CLF,Cleveland-Cliffs Inc. Common Stock,us_unclassified,us_unclassified_stock,us_unclassified,False,,626.0,149944386.2080574,True,0.3365110643352142,18.762084639793343,53.69955068255068,10.653750268341167,239202100.65727234,30.704541313296517,420
107,QCOM,QUALCOMM Incorporated - Common Stock,us981a_ai_theme,asic_network_chip,us_semiconductor,True,us981a_ai_theme,55.0,1511732939.7472382,True,0.33595895800647907,11.653748824095178,54.75411068189746,16.058578349956587,4841191142.669678,26.111516414858627,420
108,URI,"United Rentals, Inc. Common Stock",us_unclassified,us_unclassified_stock,us_unclassified,False,,233.0,429304889.932251,True,0.33228355764532513,15.01063113532808,45.90728585447428,35.85371808305153,495276082.59277344,6.045213821905948,420
109,M,Macy's Inc Common Stock,us_unclassified,us_unclassified_stock,us_unclassified,False,,750.0,112114776.15003586,True,0.33194635887109236,20.699996948242205,46.36881412080533,12.194775399782865,171972668.24817657,51.399762931526794,420
110,ILMN,"Illumina, Inc. - Common Stock",us_unclassified,us_unclassified_stock,us_unclassified,False,,516.0,189358155.0567627,True,0.33147328499947043,14.099488983233721,43.83005384678358,25.792780270674022,293994711.6333008,41.557114045791835,420
111,ADI,"Analog Devices, Inc. - Common Stock",us_unclassified,us_unclassified_stock,us_unclassified,False,,66.0,1237227626.7791748,True,0.3311240263341269,9.147093274387096,34.12634478418748,49.65987992789556,2056866571.4889526,35.11158843677023,420
112,SEI,"Solaris Energy Infrastructure, Inc. Class A Common Stock",energy_oil_gas,energy_oil_gas,us_energy_materials,False,,615.0,153347733.5521698,True,0.32706729716378347,15.997201950135253,42.58390831565349,41.97238716935758,154414063.13972473,-1.485662080321748,420
113,GNRC,Generac Holdlings Inc. Common Stock,us_unclassified,us_unclassified_stock,us_unclassified,False,,554.0,173837576.1604309,True,0.3165331066098542,13.850479675733784,26.08034241887911,60.72074548204611,218414325.440979,19.668742668315353,420
114,MUSA,Murphy USA Inc. Common Stock,us_unclassified,us_unclassified_stock,us_unclassified,False,,584.0,163970757.64770508,True,0.3160634986439289,-0.7882810394035045,36.75741856022625,61.21867904069143,162311329.32434082,-0.8150204000107686,420
115,KMX,CarMax Inc,us_unclassified,us_unclassified_stock,us_unclassified,False,,758.0,110248859.85946655,True,0.3155436142833408,43.74496977059496,25.780487060546875,32.129134787929004,153799831.52446747,31.71864599986747,420
116,H,Hyatt Hotels Corporation Class A Common Stock,us_unclassified,us_unclassified_stock,us_unclassified,False,,749.0,112545232.76138306,True,0.314870948846463,16.686871926260217,37.843116807130684,30.29206548890602,186467638.12026978,35.47301563958942,420
117,FFIV,"F5, Inc. - Common Stock",us_unclassified,us_unclassified_stock,us_unclassified,False,,498.0,196529735.01586917,True,0.31019711158044316,0.8027761881820972,39.318685817169175,52.662989210727076,208415006.55670166,0.0,420
118,ARMK,Aramark Common Stock,us_unclassified,us_unclassified_stock,us_unclassified,False,,783.0,105056881.05010986,True,0.30934293464705664,3.4931168142798175,36.677308174385615,47.457734120560666,136437445.97320557,18.66447893236003,420
119,AAL,"American Airlines Group, Inc. - Common Stock",us_unclassified,us_unclassified_stock,us_unclassified,False,,129.0,715881999.4878768,True,0.30783933510981276,23.474903526083814,38.86255311536466,-2.5282775861087736,1480853013.1005287,92.32873300377611,420
120,VIK,Viking Holdings Ltd Ordinary Shares,us_unclassified,us_unclassified_stock,us_unclassified,False,,423.0,234162426.69067383,True,0.30005200608072896,16.90326631147885,37.433622582646706,37.49447383912346,252696195.57609558,4.057987238052441,420
121,CAT,"Caterpillar, Inc. Common Stock",us981a_ai_theme,industrial_machinery,us_industrial,True,us981a_ai_theme,40.0,1854174817.236328,True,0.29936521770808305,12.980197359783197,28.35046692390688,51.66618850214741,2477987838.2263184,16.66225057556716,420
122,MARA,"MARA Holdings, Inc. - Common Stock",us_unclassified,us_unclassified_stock,us_unclassified,False,,226.0,441131232.499361,True,0.29716783584282697,8.136887296869189,55.36528882504932,11.102038013691807,507119163.6401653,3.995166502137182,420
123,MGM,MGM Resorts International Common Stock,us_unclassified,us_unclassified_stock,us_unclassified,False,,593.0,161308444.8726654,True,0.2935812711981986,28.293624502749324,30.08265072494487,31.568687722860588,206990711.22951508,22.700374623296547,420
124,HST,"Host Hotels & Resorts, Inc. - Common Stock",us_unclassified,us_unclassified_stock,us_unclassified,False,,560.0,171421258.1896782,True,0.28545171735952557,12.152471231108919,31.548065379579306,43.72154903659642,204712572.21870422,9.876608097709827,420
125,KEYS,Keysight Technologies Inc. Common Stock,us_unclassified,us_unclassified_stock,us_unclassified,False,,251.0,392915096.9924927,True,0.2844812394082612,6.31139724711951,20.24542055560381,61.56513728595845,499054320.24383545,26.841209198908935,420
126,IREN,IREN Limited - Ordinary Shares,crypto_ai_power,us_unclassified_stock,us_unclassified,False,,50.0,1607869934.9578855,True,0.2825186028342352,13.754506025282232,37.08001099503295,21.07173121206629,2842962372.012329,35.47021327585671,420
127,CENX,Century Aluminum Company - Common Stock,us_unclassified,us_unclassified_stock,us_unclassified,False,,781.0,105206758.67919922,True,0.28156718773147327,-12.027900377082645,5.596949564162057,100.98944340395803,128185112.17918396,27.963106937014224,420
128,ECG,"Everus Construction Group, Inc. Common Stock",grid_engineering,us_unclassified_stock,us_unclassified,True,grid_engineering,1055.0,64341803.07769776,True,0.28077471863368264,6.023533925288871,27.23811392287818,57.10693623416052,75601558.19778442,3.388797544751765,411
129,HBM,Hudbay Minerals Inc. Ordinary Shares (Canada),us_unclassified,us_unclassified_stock,us_unclassified,False,,752.0,111938896.05875015,True,0.2806751951396046,12.658229524059262,21.922191874380736,51.66927031469866,158712732.40299225,27.53569687002613,420
130,UNH,UnitedHealth Group Incorporated Common Stock (DE),health_insurance,health_insurance,us_healthcare,False,,28.0,2279171479.589844,True,0.27928300424583635,4.607358263639694,45.5502163713458,25.581528625373085,2526989919.415283,1.1384924840681654,420
131,SN,"SharkNinja, Inc. Ordinary Shares",us_unclassified,us_unclassified_stock,us_unclassified,False,,490.0,200232350.2796173,True,0.27849230112547163,31.44189858352442,33.34972062444883,23.106952142069947,215215000.19969943,7.76738079322814,420
132,ALM,Almonty Industries Inc. - Common Shares,us_unclassified,us_unclassified_stock,us_unclassified,False,,792.0,101441172.66826628,True,0.27701209956019734,6.632653723222504,-18.945868339506255,140.76162662131355,89601318.30883026,-2.900866911753397,420
133,ETSY,"Etsy, Inc. Common Stock",us_unclassified,us_unclassified_stock,us_unclassified,False,,603.0,157182931.20937347,True,0.2723070015928303,21.448509918714187,33.56414733521136,25.911152348421652,199357360.19744873,13.593437875896663,420
134,DAL,"Delta Air Lines, Inc. Common Stock",us_unclassified,us_unclassified_stock,us_unclassified,False,,130.0,715567941.5252686,True,0.2722953909274964,13.572581200501443,41.60701638248654,22.044248345471807,611186442.9328918,2.808033941624566,420
135,BEN,"Franklin Resources, Inc. Common Stock",us_unclassified,us_unclassified_stock,us_unclassified,False,,712.0,123016839.91241457,True,0.2680866604676071,5.929482143854914,35.77994655297287,39.461849021703266,119461139.99404907,-3.4366858627388086,420
136,WST,"West Pharmaceutical Services, Inc. Common Stock",biotech,biotech,us_healthcare,False,,478.0,209970529.1564941,True,0.26721731980788443,7.348612833725454,43.05637604151058,24.36260691577068,209005771.49658203,-2.140115335790793,420
137,MS,Morgan Stanley Common Stock,fin_broker_investment,fin_broker_investment,us_finance,False,,80.0,1011729146.118164,True,0.2648673004491804,12.843198335320704,38.50025564671162,20.215542702096933,1255114734.4535828,15.390896613094363,420
138,XPO,"XPO, Inc. Common Stock",us_unclassified,us_unclassified_stock,us_unclassified,False,,396.0,252720863.1515503,True,0.2647990309383213,-5.329092182044515,24.52819700055995,59.48576792466689,307066293.8079834,16.365908988223367,420
139,STT,State Street Corporation Common Stock,us_unclassified,us_unclassified_stock,us_unclassified,False,,364.0,276248849.8023987,True,0.2645068154964351,9.242545308905537,34.68992242021742,32.40255211332712,304282470.63217163,8.910693704327866,420
140,BAP,Credicorp Ltd. Common Stock,us_unclassified,us_unclassified_stock,us_unclassified,False,,762.0,108901800.0,True,0.26127619501199273,14.849828182375834,13.802547083138684,33.9483385006669,227901568.58520508,84.59423052144976,420
141,CLS,"Celestica, Inc. Common Stock",us_unclassified,us_unclassified_stock,us_unclassified,False,,147.0,652071901.7028809,True,0.25765061656267296,7.524236891019198,45.667999552069396,12.814661500071512,788737690.8432007,5.059491046143516,420
142,XLK,State Street Technology Select Sector SPDR ETF,technology_etf,technology_etf,us_etf,True,,,,True,0.2538903609554899,8.072712600784548,33.08024460379346,24.1156867242738,2525391495.9991455,28.594618226165693,420
143,PTEN,"Patterson-UTI Energy, Inc. - Common Stock",energy_oil_gas,energy_oil_gas,us_energy_materials,False,,789.0,101996080.03234863,True,0.25249346639819886,-18.241040878070013,16.649739351621527,83.96554350178707,101935758.95328522,4.137862317574337,420
144,DY,"Dycom Industries, Inc. Common Stock",grid_engineering,us_unclassified_stock,us_unclassified,True,grid_engineering,624.0,150945744.0032959,True,0.2519837524026222,10.627936248588355,30.040589873819123,33.80087519293773,201387714.70794678,11.04303749091513,420
145,MTZ,"MasTec, Inc. Common Stock",grid_engineering,us_unclassified_stock,us_unclassified,True,grid_engineering,340.0,292883242.6208496,True,0.2513560054479197,-1.1842450467612897,20.72739022150858,62.67356024001953,343463154.32891846,3.767338944604859,420
146,C,"Citigroup, Inc. Common Stock",us_unclassified,us_unclassified_stock,us_unclassified,False,,58.0,1402001679.38385,True,0.24687298666717802,14.613041105884461,31.491117629073685,27.42959887421572,1595331273.1163025,7.362877939038226,420
147,TSM,Taiwan Semiconductor Manufacturing Company Ltd.,semi_foundry_idm,semi_foundry_idm,us_semiconductor,True,us981a_ai_theme,14.0,4933452821.685791,True,0.240743609166872,15.063991020254575,25.406580490226105,39.54595853294123,4756747173.475647,-2.578881412007694,420
148,AEIS,"Advanced Energy Industries, Inc. - Common Stock",energy_oil_gas,energy_oil_gas,us_energy_materials,False,,468.0,213499557.70263672,True,0.24024793810019185,19.056097726988597,11.341687949159596,53.933203816234766,282853018.0496216,16.26513733440953,420
149,CVS,CVS Health Corporation Common Stock,us_unclassified,us_unclassified_stock,us_unclassified,False,,163.0,572747624.8878479,True,0.24019391510769833,5.403088530749378,33.248228557668824,30.618492501205253,623117073.7236023,3.2244782836767127,420
150,FRO,Frontline Plc Ordinary Shares,us_unclassified,us_unclassified_stock,us_unclassified,False,,733.0,117278015.09399414,True,0.2401795911762788,5.110430787488163,15.632113427796156,61.35673374147033,116232680.16548157,6.222384822543936,420
151,JAZZ,Jazz Pharmaceuticals plc - Ordinary Shares,biotech,biotech,us_healthcare,False,,595.0,159505833.50906372,True,0.23812029975323828,-6.00392919732744,30.97270883774268,45.55035508706096,170773731.76879883,-3.1249193396013286,420
152,WCC,"WESCO International, Inc. Common Stock",us_unclassified,us_unclassified_stock,us_unclassified,False,,600.0,157767095.50323486,True,0.23610680475853169,4.394529368088729,33.64049465079153,29.780153516542395,171826409.23156738,1.4851363024363184,420
153,QBTS,D-Wave Quantum Inc. Common Shares,us_unclassified,us_unclassified_stock,us_unclassified,False,,238.0,424714828.74794006,True,0.23460422159799577,27.92746896407643,33.59506335809963,-15.919520794308028,1007276008.9605218,67.37030054416464,420
154,VRT,"Vertiv Holdings, LLC Class A Common Stock",thermal_power,backup_power,us_industrial,True,thermal_power,43.0,1731589590.0039673,True,0.23441439907759318,5.50574132034658,12.24995263922315,66.99682482098441,1694588647.845459,0.7860675079348178,420
155,BROS,Dutch Bros Inc. Class A Common Stock,us_unclassified,us_unclassified_stock,us_unclassified,False,,486.0,201321849.25842285,True,0.2340103739796133,28.325168639935505,35.00104058800033,10.407465355878864,186944852.6992798,-6.163309335956368,420
156,GS,"Goldman Sachs Group, Inc. (The) Common Stock",fin_broker_investment,fin_broker_investment,us_finance,False,,48.0,1648314852.209473,True,0.23289832154289233,11.652350430245262,31.5065000207708,18.76728705719306,2409707240.512085,20.89615294595053,420
157,CAVA,"CAVA Group, Inc. Common Stock",us_unclassified,us_unclassified_stock,us_unclassified,False,,421.0,234814594.96269223,True,0.23272970924942094,10.741340689182643,9.83198715109288,66.82419178537778,230889758.92562866,-0.05739377230673526,420
158,ELV,"Elevance Health, Inc. Common Stock",us_unclassified,us_unclassified_stock,us_unclassified,False,,170.0,549407551.6906738,True,0.2294910007520751,-1.9459356455810872,38.65711638635601,21.77942057919737,608376902.3239136,4.977296856641811,420
159,AKAM,"Akamai Technologies, Inc. - Common Stock",us_unclassified,us_unclassified_stock,us_unclassified,False,,191.0,509693189.84375,True,0.22861237639030102,-12.985021938959951,25.590220139170803,54.63460314146496,603337255.5084229,2.839921788289912,420
160,JHX,James Hardie Industries plc. Ordinary Shares,us_unclassified,us_unclassified_stock,us_unclassified,False,,684.0,133309968.4999466,True,0.22712727954764947,20.786792884542884,21.515765895558413,25.27530032489942,187827437.51125336,25.54449643630228,420
161,SOLS,Solstice Advanced Materials Inc. - Common Stock,materials_mining,materials_mining,us_energy_materials,False,,619.0,152075102.866745,True,0.22698375266872606,1.2902418259683524,12.610982390367154,71.44456166886171,128113230.51795197,-10.95755591201707,167
162,WSM,"Williams-Sonoma, Inc. Common Stock (DE)",us_unclassified,us_unclassified_stock,us_unclassified,False,,480.0,206689850.59890747,True,0.22638484604798373,25.89181590510141,22.482745386159976,22.06557918659535,227631433.25042725,18.264912033572635,420
163,ESLT,Elbit Systems Ltd. - Ordinary Shares,us_unclassified,us_unclassified_stock,us_unclassified,False,,757.0,110322627.07214355,True,0.22504608097515658,2.5219750450019562,5.585166911342898,82.72357974283402,83424261.41357422,-11.940069572975409,420
164,CDNS,"Cadence Design Systems, Inc. - Common Stock",us981a_ai_theme,semi_eda_ip,us_semiconductor,True,us981a_ai_theme,134.0,691548877.4490356,True,0.22269452117652797,10.402119888355887,32.178279330858594,14.525317648936099,876101252.2293091,20.774730288612254,420
165,TECK,Teck Resources Ltd Ordinary Shares,us_unclassified,us_unclassified_stock,us_unclassified,False,,523.0,186520661.85836792,True,0.22155111518709822,5.1290416972199715,22.663485026329667,42.243567311615735,191291597.74212646,3.6984308951354183,420
166,MRNA,"Moderna, Inc. - Common Stock",biotech,biotech,us_healthcare,False,,330.0,301382441.7509079,True,0.22136157703924705,32.917706783430866,-7.023787306367845,75.77903609056204,272122818.5054779,-2.3143838753644674,420
167,AFRM,"Affirm Holdings, Inc. - Class A Common Stock",us_unclassified,us_unclassified_stock,us_unclassified,False,,376.0,267672443.7290192,True,0.22081083648487482,10.131101227807315,43.35919864710671,-2.8208131494101285,343674809.1117859,12.484272990805302,420
168,TD,Toronto Dominion Bank (The) Common Stock,fin_bank,fin_bank,us_finance,False,,508.0,192393468.8911438,True,0.21923446371372476,8.861105057693909,24.609560602851353,31.445338683238113,241677744.22798157,12.15588417741056,420
169,RPRX,Royalty Pharma plc - Class A Ordinary Shares,us_unclassified,us_unclassified_stock,us_unclassified,False,,623.0,151669617.9965973,True,0.21389255062994886,-0.18847019643820628,21.06909770333658,46.56134108107371,172347277.20546722,3.055198655126379,420
170,EXEL,"Exelixis, Inc. - Common Stock",us_unclassified,us_unclassified_stock,us_unclassified,False,,782.0,105076927.02140808,True,0.2132447399623177,4.028052625390788,29.948997763996154,27.77645417912533,106535268.61572266,0.9770093257400747,420
171,CMI,Cummins Inc. Common Stock,us_unclassified,us_unclassified_stock,us_unclassified,False,,206.0,477144802.7313232,True,0.20990069923146681,7.350906292207315,22.088059165998718,31.949906366609927,667365996.2463379,15.927854483533132,420
172,UBS,UBS Group AG Registered Ordinary Shares,us_unclassified,us_unclassified_stock,us_unclassified,False,,799.0,99900443.78471376,True,0.2087411681985827,7.467735868653036,31.786622144963907,19.72187098939866,100539543.6822319,1.4612193354424097,420
173,MOH,Molina Healthcare Inc Common Stock,us_unclassified,us_unclassified_stock,us_unclassified,False,,546.0,178483053.48510742,True,0.20824332285246527,7.2047789882863755,29.49929203474655,23.15144756182299,173505255.3237915,3.2083318149755735,420
174,RBC,RBC Bearings Incorporated Common Stock,us_unclassified,us_unclassified_stock,us_unclassified,False,,766.0,108473371.08154295,True,0.2059120490667191,11.930655168407544,10.990119800912822,39.16609896280785,160104254.4189453,34.67995221877664,420
175,BURL,"Burlington Stores, Inc. Common Stock",us_unclassified,us_unclassified_stock,us_unclassified,False,,419.0,235184884.30023196,True,0.20570481057824036,8.626973646798897,16.845835878113835,28.61381646027752,299415554.93927,41.1100606824365,420
176,RGTI,"Rigetti Computing, Inc.  - Common stock",us_unclassified,us_unclassified_stock,us_unclassified,False,,236.0,427948587.8003597,True,0.20512258498107014,26.540294267298403,28.375852847159997,-26.895819763525253,1100373754.0185928,91.59020804306645,420
177,CVE,Cenovus Energy Inc Common Stock,energy_oil_gas,energy_oil_gas,us_energy_materials,False,,355.0,282480687.4259949,True,0.20448444167061072,-17.589258822330635,20.759951487163384,60.559716509665826,224266571.37784958,-5.156113651127836,420
178,TGT,Target Corporation Common Stock,us_unclassified,us_unclassified_stock,us_unclassified,False,,164.0,571814940.1870728,True,0.20395751737457338,6.8748496167964745,15.674459120092754,44.472258873854685,594678604.6520233,8.492104915926312,420
179,SLB,SLB Limited Common Shares,energy_service,energy_service,us_energy_materials,False,,121.0,757537489.1923904,True,0.20366587445771406,-16.043992357818627,25.673245678053426,47.07633458918743,752142000.3915787,2.533417149142325,420
180,BBY,"Best Buy Co., Inc. Common Stock",us_unclassified,us_unclassified_stock,us_unclassified,False,,464.0,214701401.7024994,True,0.20365166616893282,22.54838294180972,23.396138566090197,6.964674513437963,306542576.1703491,35.86059045431258,420
181,SM,SM Energy Company Common Stock,energy_oil_gas,energy_oil_gas,us_energy_materials,False,,672.0,137042166.89691544,True,0.20363810017948605,-22.033903134308996,22.762956234732034,60.30313628494082,119044788.72528076,-5.485237320542158,420
182,F,Ford Motor Company Common Stock,us_unclassified,us_unclassified_stock,us_unclassified,False,,169.0,552311122.6654053,True,0.203418011741912,6.354010103032182,23.716116341916795,15.112710736994938,849898720.4517841,46.205691154734716,420
183,IRM,Iron Mountain Incorporated (Delaware)Common Stock REIT,data_center_reit,reit_infrastructure,us_defensive_assets,True,data_center_reit,617.0,152428261.89613342,True,0.20330984423611614,1.6055991667276892,16.719701287013567,48.820709202887656,167090135.87799072,2.8082171038805726,420
184,UAL,"United Airlines Holdings, Inc. - Common Stock",us_unclassified,us_unclassified_stock,us_unclassified,False,,145.0,655843334.2037201,True,0.19843458990170837,20.710062994267364,30.13983843634882,6.537373568225324,636218017.3519135,5.041757029040639,420
185,RRX,Regal Rexnord Corporation Common Stock,us_unclassified,us_unclassified_stock,us_unclassified,False,,496.0,197473691.46881104,True,0.19666605835272355,16.18422867091953,12.804848486033693,42.54435415697502,199307945.89614868,0.31489743129531345,420
186,FCX,"Freeport-McMoRan, Inc. Common Stock",materials_mining,materials_mining,us_energy_materials,False,,89.0,955995949.5601654,True,0.19657171526939304,12.830625119659732,12.288594056488211,48.77620406391514,837200031.3079834,-6.328718383911259,420
187,SWKS,"Skyworks Solutions, Inc. - Common Stock",us_unclassified,us_unclassified_stock,us_unclassified,False,,537.0,180446740.33470157,True,0.1932377709646062,-1.7087636863703182,32.90212847826473,8.321793278500888,373048399.68681335,27.791236988903357,420
188,PFG,Principal Financial Group Inc - Common Stock,us_unclassified,us_unclassified_stock,us_unclassified,False,,737.0,115634013.73291016,True,0.1926979809016183,6.575238105980663,27.26534323511103,25.46963337018715,102779736.94152832,-6.8206232938105575,420
189,FTI,TechnipFMC plc Ordinary Share,us_unclassified,us_unclassified_stock,us_unclassified,False,,381.0,262041677.7099609,True,0.19170679844073538,-9.799310492809255,13.089514871646223,54.17262494133357,296189449.52926636,16.971040150611948,420
190,RY,Royal Bank Of Canada Common Stock,fin_bank,fin_bank,us_finance,False,,476.0,210254380.92193604,True,0.19086905623802908,7.659436088233962,23.11158208787505,22.93807617696155,264094590.15274048,14.20287422371953,420
191,VTRS,Viatris Inc. - Common Stock,us_unclassified,us_unclassified_stock,us_unclassified,False,,648.0,143670239.93315697,True,0.1903016139958282,-6.6734352296814015,19.056371892119483,48.08048273013712,138446406.6950798,-2.3063958846894606,420
192,DINO,HF Sinclair Corporation Common Stock,us_unclassified,us_unclassified_stock,us_unclassified,False,,678.0,134163813.88053893,True,0.18987468405213934,-9.308214975990259,22.858943973927225,42.250346448578924,131848889.75753784,0.0,420
193,RL,Ralph Lauren Corporation Common Stock,us_unclassified,us_unclassified_stock,us_unclassified,False,,479.0,208565938.3148193,True,0.18886869656347316,25.44345219777735,17.69351413519886,11.207972949021606,288285039.1143799,30.341046186969557,420
194,HPQ,HP Inc. Common Stock,us_unclassified,us_unclassified_stock,us_unclassified,False,,300.0,329343679.16965485,True,0.18836134378811456,11.532986902570785,30.23746338545008,-0.003438982747361319,467728282.9589844,29.235382205316007,420
195,MET,"MetLife, Inc. Common Stock",us_unclassified,us_unclassified_stock,us_unclassified,False,,404.0,247219381.08062744,True,0.18710795995509497,3.720760653666466,28.290610163729333,14.216818895582017,307208432.13539124,16.816645672024965,420
196,GEV,GE Vernova Inc. Common Stock,grid_engineering,grid_equipment,us_industrial,True,grid_engineering,34.0,2194656120.9381104,True,0.18614973726948658,8.317061581333096,8.984986551609975,45.13715949589838,2666652546.0693364,16.240275884829547,420
197,NTNX,"Nutanix, Inc. - Class A Common Stock",us_unclassified,us_unclassified_stock,us_unclassified,False,,670.0,137389074.74136353,True,0.1855825260646666,4.152793242894304,25.76028045286978,4.192249759531919,223732068.67160797,50.875053142134185,420
198,ARWR,"Arrowhead Pharmaceuticals, Inc. - Common Stock",biotech,biotech,us_healthcare,False,,714.0,122077281.41403198,True,0.18379854742684962,6.066891809962605,35.26632599983592,8.106932562272728,104409600.65689087,-7.301034598019074,420
199,ROST,"Ross Stores, Inc. - Common Stock",us_unclassified,us_unclassified_stock,us_unclassified,False,,178.0,534608405.519104,True,0.18202198838880757,6.89196484151815,14.19088954164971,35.36218508728961,695381659.4520569,15.973593050123558,420
200,PLUG,"Plug Power, Inc. - Common Stock",us_unclassified,us_unclassified_stock,us_unclassified,False,,499.0,196477041.48037437,True,0.1819878267604752,-13.897282359488262,28.054292979964647,28.054292979964647,233124407.92586803,13.402340619699181,420
201,ROKU,"Roku, Inc. - Class A Common Stock",us_unclassified,us_unclassified_stock,us_unclassified,False,,378.0,264765748.03123477,True,0.18165401191644787,11.203288701540504,26.202526939085423,13.338387795281271,288655569.66171265,7.990093799279285,420
202,RIO,Rio Tinto Plc Common Stock,us_unclassified,us_unclassified_stock,us_unclassified,False,,403.0,247290104.24423215,True,0.1811300302101475,-3.1265083766042645,14.266816843213824,43.19653434985433,289113885.10780334,15.191035294258004,420
203,FITB,Fifth Third Bancorp - Common Stock,fin_bank,fin_bank,us_finance,False,,293.0,341298400.7461548,True,0.18061169103760608,7.941058165466353,23.65809982677467,20.318821767160244,351829933.9027405,7.47107106828675,420
204,ROK,"Rockwell Automation, Inc. Common Stock",us_unclassified,us_unclassified_stock,us_unclassified,False,,317.0,310793861.36932373,True,0.18019243163919,8.610136077907505,28.14113214809644,14.973533398801099,283927963.4765625,-1.0967686800617216,420
205,ANET,"Arista Networks, Inc. Common Stock",server_network,datacenter_networking,us_ai_hardware,True,server_network,74.0,1098188145.263672,True,0.17948802992013005,20.770155551884507,16.690289726871875,20.27068745870393,1381195736.2060547,12.164696398677766,420
206,SATS,EchoStar Corporation - Common stock,us_unclassified,us_unclassified_stock,us_unclassified,False,,148.0,649239518.964386,True,0.17894971607511845,-23.011286446095735,18.95831953570555,36.97883646432949,1146396697.0932007,47.21275989581122,420
207,APH,Amphenol Corporation Common Stock,us_unclassified,us_unclassified_stock,us_unclassified,False,,70.0,1187736579.5059202,True,0.17838735311329457,33.24664985575146,16.194830063232768,10.445879234454413,1438863035.786438,12.902620031108182,420
208,BUD,Anheuser-Busch Inbev SA Sponsored ADR (Belgium),us_unclassified,us_unclassified_stock,us_unclassified,False,,705.0,127346989.8349762,True,0.17682894235053323,-2.145199644448592,16.057008133133355,38.13934067063079,144557239.3863678,13.514453363753365,420
209,SPG,"Simon Property Group, Inc. Common Stock",us_unclassified,us_unclassified_stock,us_unclassified,False,,358.0,278572123.8746643,True,0.1731851964122704,3.5423789864426514,14.549230804774393,21.520613618875984,416935777.9083252,46.82736577071036,420
210,CSX,CSX Corporation - Common Stock,us_unclassified,us_unclassified_stock,us_unclassified,False,,184.0,523699444.8839188,True,0.17155128987166615,-0.6747879143677471,20.780207693822028,30.673645181919042,548404991.9834137,2.705818123404935,420
211,MNST,Monster Beverage Corporation - Common Stock,us_unclassified,us_unclassified_stock,us_unclassified,False,,269.0,370526601.5949249,True,0.1710887271257012,5.133516603900667,19.53500627723095,25.091748214009236,443113342.2328949,10.184795135337477,420
212,WWD,"Woodward, Inc. - Common Stock",us_unclassified,us_unclassified_stock,us_unclassified,False,,426.0,233737255.0048828,True,0.171078731098433,20.788628186599677,7.401984201161715,35.139012681169035,268542638.4048462,8.345014117083327,420
213,DOC,"Healthpeak Properties, Inc. Common Stock",us_unclassified,us_unclassified_stock,us_unclassified,False,,700.0,128090029.13274764,True,0.1694103117947021,-0.5086489432648222,22.78926536898258,28.172647903021897,132922217.20924377,-2.555704236744627,420
214,AA,Alcoa Corporation Common Stock,us_unclassified,us_unclassified_stock,us_unclassified,False,,324.0,304092037.71972656,True,0.1683019465510847,-7.43685766004778,4.793556156457579,59.19839001157803,332124315.5643463,13.60868413817613,420
215,TRGP,"Targa Resources, Inc. Common Stock",us_unclassified,us_unclassified_stock,us_unclassified,False,,310.0,318906623.3543396,True,0.16810546752356062,-4.473758084863877,13.672672697036914,48.115278573328936,277846432.07092285,-4.76223987670007,420
216,BNY,The Bank of New York Mellon Corporation Common Stock,fin_bank,fin_bank,us_finance,False,,221.0,443672397.4792481,True,0.16798893785093394,4.7171194575365005,21.80158370664895,23.596918654613418,467803414.2791748,1.455275619407126,420
217,PPG,"PPG Industries, Inc. Common Stock",us_unclassified,us_unclassified_stock,us_unclassified,False,,494.0,198098537.53700253,True,0.1671298841341936,13.27713448739225,18.14840652780689,20.381033770019474,210540577.1888733,7.955201359229425,420
218,MAS,Masco Corporation Common Stock,us_unclassified,us_unclassified_stock,us_unclassified,False,,564.0,168911897.20802307,True,0.16606107806940326,12.08180007155477,22.161452547713623,21.78099361537198,155613890.59066772,-12.281542576847526,420
219,ASTS,"AST SpaceMobile, Inc. - Class A Common Stock",space_ev_defense,us_unclassified_stock,us_unclassified,True,space_ev_defense,64.0,1254262352.570343,True,0.16600043084207855,-9.95757756934207,12.02204806632643,33.93740041670492,2474163202.1545415,46.97286864053145,420
220,MDB,"MongoDB, Inc. - Class A Common Stock",us_unclassified,us_unclassified_stock,us_unclassified,False,,248.0,398374318.6462402,True,0.16486433429178396,1.0967932159261728,35.95596655662949,-14.406123327101472,627412135.2783203,36.88420667285255,420
221,EWBC,"East West Bancorp, Inc. - Common Stock",fin_bank,fin_bank,us_finance,False,,787.0,102837182.79647829,True,0.16371993602597307,2.855054438257465,23.889368943694755,20.367946157854643,98497154.32243347,-0.41219849180487156,420
222,KIM,Kimco Realty Corporation (HC) Common Stock,us_unclassified,us_unclassified_stock,us_unclassified,False,,779.0,105316929.62808608,True,0.16287375285553277,2.393950892941188,12.200431999906925,30.844001152167078,131023027.96926498,26.073904189651543,420
223,GVA,Granite Construction Incorporated Common Stock,grid_engineering,us_unclassified_stock,us_unclassified,True,grid_engineering,961.0,72581974.39613342,True,0.16194750401681784,12.184482183316248,12.513377319970665,28.482172855889097,91778334.58557129,10.062909570594613,420
224,HWM,Howmet Aerospace Inc. Common Stock,us981a_ai_theme,us_unclassified_stock,us_unclassified,True,us981a_ai_theme,186.0,517949215.4006957,True,0.16008599011852703,6.297619825105438,8.570486562944835,38.413560817769635,601555396.9230652,12.889658890640332,420
225,VG,"Venture Global, Inc. Class A common stock",us_unclassified,us_unclassified_stock,us_unclassified,False,,325.0,303924290.12789726,True,0.1578695453005313,-21.454022327127152,-0.1568286731064683,92.84033835809315,166650598.76481295,-30.61752691146815,352
226,CFG,"Citizens Financial Group, Inc. Common Stock",us_unclassified,us_unclassified_stock,us_unclassified,False,,395.0,253513855.6276321,True,0.1571465797826941,6.764284380299634,17.647505759500337,20.591478750826187,295225025.5010605,12.725538227277866,420
227,HLT,Hilton Worldwide Holdings Inc. Common Stock,us_unclassified,us_unclassified_stock,us_unclassified,False,,209.0,468894194.86694336,True,0.15612114673504895,7.759963573424433,16.230176686019917,27.086505655099625,458318530.5328369,-0.1508396366386,420
228,LLY,Eli Lilly and Company Common Stock,pharma_big,pharma_big,us_healthcare,False,,21.0,2657685368.096924,True,0.15550016429978522,7.822386718013807,19.002143990123965,18.59761174974681,3191950215.4418945,7.851713533832738,420
229,EQIX,"Equinix, Inc. - Common Stock",data_center_reit,reit_infrastructure,us_defensive_assets,True,data_center_reit,185.0,519285721.27685547,True,0.1553145509286452,2.547263188924842,7.912709179795296,42.310791339351404,572172676.4404297,8.83585489333818,420
230,RBRK,"Rubrik, Inc. Class A Common Stock",us_unclassified,us_unclassified_stock,us_unclassified,False,,528.0,184563348.4741211,True,0.15450265007132208,4.978325402063044,32.26582070117976,-21.750083387755414,291364165.36979675,53.72501458127559,420
231,HSBC,"HSBC Holdings, plc. Common Stock",us_unclassified,us_unclassified_stock,us_unclassified,False,,616.0,152505818.33648682,True,0.15405233906984486,3.2394862769175914,14.15688794331389,32.492307027193746,145731186.71150205,2.6366032031128306,420
232,LUV,Southwest Airlines Company Common Stock,us_unclassified,us_unclassified_stock,us_unclassified,False,,331.0,300935617.411232,True,0.15363844386261494,20.831235009657334,14.711215269064093,17.104011278755536,278587295.4395294,3.015476935622985,420
233,IEX,IDEX Corporation Common Stock,us_unclassified,us_unclassified_stock,us_unclassified,False,,668.0,138250086.78588867,True,0.15332879139118824,8.425686208772909,15.715705888405672,25.917606406839422,138572471.34399414,0.9627264587183326,420
234,MPC,Marathon Petroleum Corporation Common Stock,us_unclassified,us_unclassified_stock,us_unclassified,False,,161.0,582890230.5885315,True,0.15170735135511984,-5.983663640224957,13.793789864573448,37.95283059070555,607267005.2986145,6.720547768225371,420
235,EXPD,"Expeditors International of Washington, Inc. Common Stock",us_unclassified,us_unclassified_stock,us_unclassified,False,,641.0,145837379.51202393,True,0.15083387152128755,1.8305827476280845,17.02173060614074,12.68024837600976,217789817.3477173,38.874297358373646,420
236,SAN,"Banco Santander, S.A. Sponsored ADR (Spain)",us_unclassified,us_unclassified_stock,us_unclassified,False,,744.0,114031761.40069962,True,0.1499761026545727,9.046848749642855,15.694757202133403,15.484595261156887,115007818.79239082,22.54450959279446,420
237,BNS,Bank Nova Scotia Halifax Pfd 3 Ordinary Shares,fin_bank,fin_bank,us_finance,False,,621.0,151847446.33369446,True,0.14992353154112176,10.234328237342115,18.297568864561665,14.640240662823366,178253546.6583252,10.51521351885163,420
238,RCL,Royal Caribbean Cruises Ltd. Common Stock,us_unclassified,us_unclassified_stock,us_unclassified,False,,151.0,629468652.0812988,True,0.14851669838032663,23.088743360076826,8.056588242515407,16.978782681526706,790764050.4470825,23.6376078650369,420
239,BTE,Baytex Energy Corp Common Shares,energy_oil_gas,energy_oil_gas,us_energy_materials,False,,798.0,100172543.8689232,True,0.14783023642045087,-23.314065988565645,16.480070196523823,51.53719377030348,87075656.74126148,-8.544931912533727,420
240,INCY,Incyte Corporation - Common Stock,us_unclassified,us_unclassified_stock,us_unclassified,False,,695.0,128768947.5578308,True,0.1468921276387947,1.1742885951242066,17.168318223766164,13.314415386041233,183349011.93923947,34.000079976495435,420
241,CCL,Carnival Corporation Ltd. Common Shares,us_unclassified,us_unclassified_stock,us_unclassified,False,,141.0,674673966.3516998,True,0.1463686280734835,18.593930176386884,18.278569814861644,11.41911103096871,655580945.2616692,-1.6205740235894606,420
242,EBAY,eBay Inc. - Common Stock,us_unclassified,us_unclassified_stock,us_unclassified,False,,198.0,489934146.2493897,True,0.1462457128031346,-9.011433509755618,21.78888956705729,31.095992935117955,433925021.8070984,-11.521405566906894,420
243,HOOD,"Robinhood Markets, Inc. - Class A Common Stock",us_unclassified,us_unclassified_stock,us_unclassified,False,,41.0,1802875925.351715,True,0.14564360219047887,42.75342987900823,21.163951693465943,-32.03890738035805,3005702189.9765015,44.99622826276077,420
244,IBM,International Business Machines Corporation Common Stock,us_unclassified,us_unclassified_stock,us_unclassified,False,,61.0,1291376760.057068,True,0.14378077113083546,10.711113823784713,11.786540884515606,-10.315805637019936,2699519157.2372437,95.10862359549563,420
245,CRL,"Charles River Laboratories International, Inc. Common Stock",us_unclassified,us_unclassified_stock,us_unclassified,False,,669.0,137621561.227417,True,0.14334112189074488,18.566943182304918,23.188780982107836,1.1129587635319016,137365098.29177856,-0.924675802179975,420
246,QQQ,"Invesco QQQ Trust, Series 1",technology_index_etf,technology_index_etf,us_etf,True,,,,True,0.14318063538891831,3.8519203200890084,20.219703198087412,15.022689711223824,31651101153.155518,6.931406079287394,420
247,NBIX,"Neurocrine Biosciences, Inc. - Common Stock",us_unclassified,us_unclassified_stock,us_unclassified,False,,643.0,145048049.48120117,True,0.14116942178130967,2.3404636710691706,27.336052800330535,4.960651676857397,167817103.276062,1.074627645540427,420
248,VLO,Valero Energy Corporation Common Stock,energy_oil_gas,energy_oil_gas,us_energy_materials,False,,104.0,835150710.3553772,True,0.13864695615928416,-6.441780021637911,8.907339831104233,47.37909654187496,663086960.1737976,-7.000254392096439,420
249,RDDT,"Reddit, Inc. Class A Common Stock",us_unclassified,us_unclassified_stock,us_unclassified,False,,142.0,663958173.2917786,True,0.137691276522665,19.24754993062201,31.00944764222,-26.61895131127291,877518830.9356079,26.201040549613207,420
250,EAT,"Brinker International, Inc. Common Stock",us_unclassified,us_unclassified_stock,us_unclassified,False,,637.0,146709732.39898682,True,0.1364530359519203,25.6975214179066,14.457747411793243,13.281473921539423,124729483.73794556,-13.205555040811067,420
251,KDP,Keurig Dr Pepper Inc. - Common Stock,us_unclassified,us_unclassified_stock,us_unclassified,False,,373.0,270742059.88111496,True,0.13637013209725493,7.215056313320556,16.99160177717618,9.314143215792559,365056543.2336807,22.19245343383962,420
252,PNC,"PNC Financial Services Group, Inc. (The) Common Stock",us_unclassified,us_unclassified_stock,us_unclassified,False,,234.0,428699173.17047113,True,0.13616445536359034,7.014707986272639,16.30425448566055,17.510035284837144,419329581.64520264,4.990805993479741,420
253,IVZ,Invesco Ltd Common Stock,us_unclassified,us_unclassified_stock,us_unclassified,False,,711.0,123436892.1552658,True,0.13600626940315266,4.299480604498052,24.50243248885451,8.29374200780919,129461618.62726212,-3.5879930252117,420
254,CRWV,"CoreWeave, Inc. - Class A Common Stock",us_unclassified,us_unclassified_stock,us_unclassified,False,,24.0,2470517097.567749,True,0.13559177322556415,16.459319085569458,19.88479480597396,5.603346565695411,2912618714.209366,-0.8168079866961109,308
255,ROIV,Roivant Sciences Ltd. - Common Shares,us_unclassified,us_unclassified_stock,us_unclassified,False,,657.0,140754020.76396942,True,0.1353664984560547,-3.0237567011731414,4.133101004234119,45.5212878029398,151287700.4283905,9.011837831997948,420
256,EME,"EMCOR Group, Inc. Common Stock",thermal_power,us_unclassified_stock,us_unclassified,True,thermal_power,356.0,280595220.2453613,True,0.1341918943584582,-1.941041679037292,14.271624435812068,30.249596010100134,288521982.48291016,-1.772322269871851,420
257,APO,"Apollo Global Management, Inc. (New) Common Stock",us_unclassified,us_unclassified_stock,us_unclassified,False,,194.0,504670223.69384766,True,0.1335705902526338,3.977612135767683,34.072490043971904,-6.161637514618256,397918455.9062958,-12.306745430229494,420
258,PFGC,Performance Food Group Company Common Stock,us_unclassified,us_unclassified_stock,us_unclassified,False,,663.0,139678253.46298218,True,0.13348498234927197,9.500164592723138,19.30749381128578,10.997330729166688,143933759.93566513,0.1076041901229674,420
259,HEI,Heico Corporation Common Stock,us_unclassified,us_unclassified_stock,us_unclassified,False,,549.0,176831304.43267822,True,0.13298850140055263,11.811342672258473,16.97241421403557,11.001828067395447,196300911.81030273,5.4853819243869895,420
260,MTB,M&T Bank Corporation Common Stock,fin_bank,fin_bank,us_finance,False,,465.0,214496468.35327148,True,0.13244004527764688,6.986026554586133,14.944505969751098,16.06086458682734,234094107.5805664,11.06555383752632,420
261,JBLU,JetBlue Airways Corporation - Common Stock,us_unclassified,us_unclassified_stock,us_unclassified,False,,718.0,121179002.9510498,True,0.13237665046137057,20.084562482754986,19.71154331102898,0.4032254188043316,130709319.62535882,2.4975170492193666,420
262,SWK,"Stanley Black & Decker, Inc. Common Stock",us_unclassified,us_unclassified_stock,us_unclassified,False,,674.0,136275170.18013,True,0.13163455298299895,15.697514158590664,16.936280117811854,16.934548294781983,104186176.76506042,-18.310106601290688,420
263,OC,Owens Corning Inc Common Stock New,us_unclassified,us_unclassified_stock,us_unclassified,False,,679.0,134085816.5428162,True,0.13064355302220484,12.96834968253231,17.81659395112303,10.530923017777315,123075799.35569763,-1.7951266673566724,420
264,CM,Canadian Imperial Bank of Commerce Common Stock,fin_bank,fin_bank,us_finance,False,,720.0,120799087.76016235,True,0.13049696659620683,-2.334730810331642,16.382447518863906,24.613720293385732,112405081.42547607,-0.08888635148183166,420
265,ADM,Archer-Daniels-Midland Company Common Stock,us_unclassified,us_unclassified_stock,us_unclassified,False,,375.0,268422141.07513428,True,0.1303878280180747,-3.1592578739185306,9.545099305352966,37.79716799490469,265311032.57865906,-0.7395230954383214,420
266,MDLZ,"Mondelez International, Inc. - Class A Common Stock",us_unclassified,us_unclassified_stock,us_unclassified,False,,204.0,479975715.6522751,True,0.12970078987905337,-2.781373247831642,17.5870693786933,19.19596508510597,501322595.9060669,8.131811457831862,420
267,RVTY,"Revvity, Inc. Common Stock",us_unclassified,us_unclassified_stock,us_unclassified,False,,797.0,100463351.7047882,True,0.12944508558137366,5.485228671778808,19.867188266402145,2.9167201948873345,125589090.1863098,21.780480551788028,420
268,NXT,Nextpower Inc. - Class A Common Stock,us_unclassified,us_unclassified_stock,us_unclassified,False,,462.0,215650005.52215576,True,0.12942476456907706,0.3827167628299488,3.2614311730210455,35.109503083367464,302777903.1452179,26.2091330564038,420
269,IFF,"International Flavors & Fragrances, Inc. Common Stock",us_unclassified,us_unclassified_stock,us_unclassified,False,,739.0,114546512.13417052,True,0.12864349407437561,3.0767175952410852,10.7808450249691,20.909321980617214,141999276.50299072,21.702951319989474,420
270,CNI,Canadian National Railway Company Common Stock,us_unclassified,us_unclassified_stock,us_unclassified,False,,653.0,142836686.02676392,True,0.12794388627367267,-1.193382151709832,13.88541009226756,21.802273732644295,164996854.68215942,13.340620830277604,420
271,DXCM,"DexCom, Inc. - Common Stock",us_unclassified,us_unclassified_stock,us_unclassified,False,,363.0,276277057.327652,True,0.12781207139532805,1.441767558927043,15.307994999625318,13.447908823619393,403144969.0032959,22.422786720111553,420
272,JCI,Johnson Controls International plc Ordinary Share,thermal_power,us_unclassified_stock,us_unclassified,True,thermal_power,220.0,448694743.5897827,True,0.1271041757789179,5.13249170542196,10.016280705166803,24.432341158250637,549727818.1304932,10.685076299196773,420
273,HIMS,"Hims & Hers Health, Inc. Class A Common Stock",us_unclassified,us_unclassified_stock,us_unclassified,False,,177.0,535510593.9720153,True,0.12703148824428245,53.949651958558874,21.098996033770945,-27.498741686364436,477867679.7572136,-7.066443608893469,420
274,WTS,"Watts Water Technologies, Inc. Class A Common Stock",thermal_power,us_unclassified_stock,us_unclassified,True,thermal_power,993.0,69580956.4086914,True,0.12697186143807593,14.955715080988652,5.806520687160721,20.229066899069316,101271629.58374023,20.358420936202105,420
275,DECK,Deckers Outdoor Corporation Common Stock,us_unclassified,us_unclassified_stock,us_unclassified,False,,495.0,197594519.7845459,True,0.12649995696916894,11.06474245007172,13.586254815254883,13.451051995221807,199541520.8141327,9.604695412324006,420
276,XYZ,"Block, Inc. Class A Common Stock,",us_unclassified,us_unclassified_stock,us_unclassified,False,,261.0,376271631.16493225,True,0.125667889302849,5.487373992298927,15.342228009862936,12.213735066330633,427271818.9590454,15.118777608041345,420
277,ALK,"Alaska Air Group, Inc. Common Stock",us_unclassified,us_unclassified_stock,us_unclassified,False,,585.0,163771961.75880432,True,0.12411971624435524,23.6135513368289,20.72444503312618,-5.813486101920018,145597362.71076202,-1.8336738235703476,420
278,RH,RH Common Stock,us_unclassified,us_unclassified_stock,us_unclassified,False,,690.0,129497189.07623293,True,0.12382955060790402,11.212069889743903,21.294251938336608,0.8163061158555696,130943741.00341797,3.5405118162625593,420
279,WBS,Webster Financial Corporation Common Stock,us_unclassified,us_unclassified_stock,us_unclassified,False,,483.0,202699170.63293457,True,0.12320633995757052,3.4473383379796774,8.40029497355259,18.092564945421174,268905737.5946045,33.278923537071556,420
280,ALLY,Ally Financial Inc. Common Stock,us_unclassified,us_unclassified_stock,us_unclassified,False,,682.0,133528313.24386597,True,0.12298579212707682,6.7339343465701695,18.854282234643094,4.154050500719775,145719201.4284134,14.28852712624311,420
281,INVH,Invitation Homes Inc. Common Stock,us_unclassified,us_unclassified_stock,us_unclassified,False,,602.0,157268996.5909958,True,0.12286886191941673,-2.6054173016594406,18.714818691030022,15.523250537446408,164461009.90009308,5.054886069484477,420
282,ETN,"Eaton Corporation, PLC Ordinary Shares",thermal_power,electrical_grid_power,us_industrial,True,thermal_power,82.0,988348060.0341796,True,0.11979810306046268,11.082721773470805,13.21931698328902,15.858701347041503,926449970.5123901,-1.5010202788832805,420
283,HAL,Halliburton Company Common Stock,energy_service,energy_service,us_energy_materials,False,,175.0,538889246.295166,True,0.11883515603361393,-17.42316563785572,14.121693878867148,39.79223852507674,432844842.8741455,-9.346731458268653,420
284,KEY,KeyCorp Common Stock,us_unclassified,us_unclassified_stock,us_unclassified,False,,366.0,274033862.15724945,True,0.1187344885743989,5.511444715486125,16.181065148065144,12.86831861905069,273188249.0260124,2.7260094295067816,420
285,LIN,Linde plc - Ordinary Shares,materials_chemical,materials_chemical,us_energy_materials,False,,77.0,1062954157.6477052,True,0.11844596176617153,1.0895563780370265,5.10389237421478,32.47895467210829,1203930717.477417,12.101946645860263,420
286,SCCO,Southern Copper Corporation Common Stock,us_unclassified,us_unclassified_stock,us_unclassified,False,,385.0,259490558.90972137,True,0.1183048589976283,10.821986750648293,2.4291276005636853,33.42231851666324,253967339.73846436,2.174015002137031,420
287,SJM,The J.M. Smucker Company Common Stock,us_unclassified,us_unclassified_stock,us_unclassified,False,,552.0,174446467.3439026,True,0.11735819372810243,10.330410934149015,11.440381040625013,20.029211827764648,158917189.05029297,-4.85737239241979,420
288,BAC,Bank of America Corporation Common Stock,fin_bank,fin_bank,us_finance,False,,44.0,1727645887.8997805,True,0.11676152151010266,9.70134933654574,17.037977078955336,3.6081930925353944,1959191920.4978943,11.667443250373676,420
289,GE,GE Aerospace Common Stock,us_unclassified,us_unclassified_stock,us_unclassified,False,,51.0,1554968586.7889404,True,0.11668658650841718,19.14581692036301,8.496901376385502,16.934510484167188,1495598992.2042847,-2.177379736461593,420
290,UPS,"United Parcel Service, Inc. Common Stock",us981a_ai_theme,logistics_transport,us_industrial,True,us981a_ai_theme,195.0,503603816.86477655,True,0.1156204298288199,6.0584582758865135,12.862899966238551,15.522549694015941,563904300.3299713,6.814089193933537,420
291,FCNCA,"First Citizens BancShares, Inc. - Class A Common Stock",us_unclassified,us_unclassified_stock,us_unclassified,False,,631.0,147795324.70703125,True,0.11542509588483595,5.0107258665527565,16.13354307516788,7.510928828108887,157431997.43652344,14.025378243202757,420
292,BAX,Baxter International Inc. Common Stock,us_unclassified,us_unclassified_stock,us_unclassified,False,,699.0,128104918.62945557,True,0.11513527438686826,5.966962730794778,13.770124990111121,12.885836799106865,138301182.92770386,9.021194472011484,420
293,TLN,Talen Energy Corporation - Common Stock,energy_oil_gas,energy_oil_gas,us_energy_materials,False,,415.0,239130898.84643555,True,0.11434420431292576,26.65912424311825,10.707970550268797,-1.0276184165758817,285247803.23791504,15.409134391919377,420
294,WAT,Waters Corporation Common Stock,us_unclassified,us_unclassified_stock,us_unclassified,False,,352.0,283608661.8438721,True,0.11362913144649493,4.136878827549939,26.973027295846652,-6.8417270502338035,294034330.4672241,1.081068585669609,420
295,TRP,TC Energy Corporation Common Stock,energy_oil_gas,energy_oil_gas,us_energy_materials,False,,601.0,157306135.4587555,True,0.11343397884319185,-3.4099008624949856,10.880383237052737,29.336551157705614,149171815.02342224,-2.0493218928195334,420
296,BCS,Barclays PLC Common Stock,us_unclassified,us_unclassified_stock,us_unclassified,False,,565.0,168586654.92725372,True,0.1131190901643347,10.222029915887276,18.47774400732771,8.240159655997182,127082975.85277557,-11.07521684040751,420
297,D,"Dominion Energy, Inc. Common Stock",energy_oil_gas,energy_oil_gas,us_energy_materials,False,,359.0,277951866.3690567,True,0.11247565280692529,1.0039868174702704,6.126674537666776,15.293731731848315,469866510.87493896,44.663314422863465,420
298,GOOGL,Alphabet Inc. - Class A Common Stock,software_platform,mega_cap_platform,us_technology,True,software_platform,9.0,8919268934.51233,True,0.11190379118431067,-5.368852610166686,17.86196784751084,12.912154061421766,10766460390.856934,9.982255937290851,420
299,GOOG,Alphabet Inc. - Class C Capital Stock,us_unclassified,us_unclassified_stock,us_unclassified,False,,13.0,6106986134.590149,True,0.11146740088025021,-4.531047731348259,17.595068634609824,12.293057504193783,7066244314.181519,10.619043726718068,420
300,AVGO,Broadcom Inc. - Common Stock,ai_compute,asic_network_chip,us_semiconductor,True,ai_compute,11.0,8231470947.738647,True,0.11100599442486347,-1.5343746438788108,15.003959577717874,-4.71876845295689,14140222020.225525,58.35384674528288,420
301,ARES,Ares Management Corporation Class A Common Stock,us_unclassified,us_unclassified_stock,us_unclassified,False,,273.0,365054257.36007696,True,0.11029676549836238,5.920887471460845,38.11975595583499,-23.86435228528978,280596884.72366333,-13.423030532592295,420
302,TFC,Truist Financial Corporation Common Stock,us_unclassified,us_unclassified_stock,us_unclassified,False,,255.0,386862535.70518494,True,0.11012940702729807,0.6875038146972656,15.428049534780609,7.955032448774513,464675974.625206,19.440595369454506,420
303,FELE,"Franklin Electric Co., Inc. - Common Stock",thermal_power,us_unclassified_stock,us_unclassified,True,thermal_power,1650.0,23096504.558563232,True,0.10842542123705345,7.312047977027913,12.278450956791387,11.372199202458976,26280453.951263424,10.117797971288933,420
304,WAB,Westinghouse Air Brake Technologies Corporation Common Stock,us_unclassified,us_unclassified_stock,us_unclassified,False,,440.0,227479092.42858887,True,0.10718911008606463,5.801360145721146,9.173242772639467,25.334829694648153,201464274.11956787,-9.030276918875646,420
305,PSA,Public Storage Common Stock,us_unclassified,us_unclassified_stock,us_unclassified,False,,349.0,286525839.9002075,True,0.10616667991933104,5.0351636827211665,9.154358863756219,24.128704699085013,255017397.96295166,-5.420024080726815,420
306,USB,U.S. Bancorp Common Stock,fin_bank,fin_bank,us_finance,False,,199.0,489250645.6277847,True,0.10536022778283527,6.678897962657682,13.102306754585946,13.996398261217058,442143363.69181633,-1.9489441911594851,420
307,AMPX,"Amprius Technologies, Inc. Common Stock",us_unclassified,us_unclassified_stock,us_unclassified,False,,650.0,143431357.44323736,True,0.10500237548635766,7.299272752125652,-6.5062901831096305,46.15385179688953,137791508.12482834,4.297506313875843,420
308,ELAN,Elanco Animal Health Incorporated Common Stock,us_unclassified,us_unclassified_stock,us_unclassified,False,,753.0,111570104.7873497,True,0.1046574182271764,16.16306412579167,6.040559583114824,17.719035133678716,126351188.86899948,0.8511840173795582,420
309,TTE,TotalEnergies SE Ordinary Shares,us_unclassified,us_unclassified_stock,us_unclassified,False,,557.0,172420254.15420532,True,0.10450143166182144,-13.08623351042092,8.896205692862447,37.3544161953844,114228979.13780212,-2.7450674236787487,420
310,TOL,"Toll Brothers, Inc. Common Stock",us_unclassified,us_unclassified_stock,us_unclassified,False,,629.0,148642087.4633789,True,0.10320045328346647,14.202920517278672,6.856581397502226,11.111411834187601,164523859.29489136,16.1614663746801,420
311,AAPL,Apple Inc. - Common Stock,consumer_platform,mega_cap_platform,us_technology,True,us981a_ai_theme,6.0,11086714896.533203,True,0.10136182335834229,-1.4028090105459023,15.695335582857762,6.854493651408222,14874881541.392517,16.40219712805362,420
312,DRI,"Darden Restaurants, Inc. Common Stock",us_unclassified,us_unclassified_stock,us_unclassified,False,,449.0,222118279.4013977,True,0.10056362043881391,8.201952818652636,7.072111902426337,20.829090393956108,213548390.39993286,0.26248525569985137,420
313,FTAI,FTAI Aviation Ltd. - Common Stock,us_unclassified,us_unclassified_stock,us_unclassified,False,,319.0,309800831.06918335,True,0.09949463456097,15.122577371363066,2.1113637566803733,33.589169117335295,218383773.9555359,-24.22457988015604,420
314,A,"Agilent Technologies, Inc. Common Stock",us_unclassified,us_unclassified_stock,us_unclassified,False,,420.0,234854136.43951413,True,0.09931700619612256,11.671646090501886,16.31784534276932,-7.51018046224925,304685745.45059204,21.318861128279963,420
315,MRK,"Merck & Company, Inc. Common Stock (new)",pharma_big,pharma_big,us_healthcare,False,,87.0,959035260.310364,True,0.09917370981290438,0.7699139350283657,4.206571563311767,25.72835111677292,1223225696.854782,14.383432116012408,420
316,RF,Regions Financial Corporation Common Stock,us_unclassified,us_unclassified_stock,us_unclassified,False,,329.0,301841939.5523548,True,0.0989955274291302,3.9593175641170264,14.099525031013261,10.316705289618255,296798928.6596775,1.8372664372908298,420
317,VRSN,"VeriSign, Inc. - Common Stock",us_unclassified,us_unclassified_stock,us_unclassified,False,,456.0,217460386.27624512,True,0.09870800277851968,-12.660061172132842,19.206339870437716,15.989802565565148,224811812.01324463,-2.374910708097211,420
318,WFRD,Weatherford International plc - Ordinary shares,us_unclassified,us_unclassified_stock,us_unclassified,False,,702.0,128006218.4326172,True,0.09845356716407576,-17.732088783467738,18.99254173930234,26.79538085855868,93126339.16473389,-18.53714524224599,420
319,CP,Canadian Pacific Kansas City Limited Common Shares,us_unclassified,us_unclassified_stock,us_unclassified,False,,472.0,211281504.47807312,True,0.09817312659306361,-0.35904282110527097,10.258394269898563,22.464052853739535,225123336.50398254,-3.431694113618222,420
320,MASI,Masimo Corporation - Common Stock,us_unclassified,us_unclassified_stock,us_unclassified,False,,586.0,163568990.7913208,True,0.09660031625064543,0.6488079342633624,2.535610796719201,29.815324835435785,148952599.5680542,9.354139708292841,424
321,CRBG,Corebridge Financial Inc. Common Stock,us_unclassified,us_unclassified_stock,us_unclassified,False,,686.0,132060537.4649048,True,0.09622485142246918,6.031976089389213,23.78138990043166,-7.224598722006236,151374004.0939331,-4.793858503236114,420
322,DKS,Dick's Sporting Goods Inc Common Stock,us_unclassified,us_unclassified_stock,us_unclassified,False,,437.0,228072716.24450684,True,0.09612460659218869,6.311322741242464,13.439664199988922,3.4077833647066624,266328851.99813843,14.504013797986959,420
323,CHRD,Chord Energy Corporation - Common Stock,energy_oil_gas,energy_oil_gas,us_energy_materials,False,,723.0,119668812.84942628,True,0.09570765373022258,-15.410511738154774,9.702370730764631,38.40824248013441,88991482.8300476,-13.152597282244749,420
324,CPAY,"Corpay, Inc. Common Stock",us_unclassified,us_unclassified_stock,us_unclassified,False,,571.0,166351967.9534912,True,0.09521803918576728,-1.4836829616608593,9.10872271653902,16.840950955706923,191460760.52856445,15.0937754953961,420
325,MAA,"Mid-America Apartment Communities, Inc. Common Stock",us_unclassified,us_unclassified_stock,us_unclassified,False,,788.0,102417573.14300536,True,0.09264832581405584,1.719641937376637,9.426944196081767,8.329099665342232,138697887.69836426,25.965043893579033,420
326,BG,Bunge Limited Common Shares,us_unclassified,us_unclassified_stock,us_unclassified,False,,470.0,212566120.42541504,True,0.09257723215246588,-5.579867154795526,0.16157532680285414,38.60848082295825,223944197.21984863,6.488675434048474,420
327,P,"Everpure, Inc. Class A common stock",us_unclassified,us_unclassified_stock,us_unclassified,False,,569.0,166853482.7835083,True,0.09250251118368524,-4.260233134637515,13.672125144083003,-1.1546759378037397,272516625.53482056,42.38510414909611,420
328,ZETA,Zeta Global Holdings Corp. Class A Common Stock,us_unclassified,us_unclassified_stock,us_unclassified,False,,719.0,121095055.09405136,True,0.09200440166032468,3.053432177116777,11.135735810752113,4.099631496689615,181368894.07036972,25.53764741598259,420
329,APA,APA Corporation - Common Stock,us_unclassified,us_unclassified_stock,us_unclassified,False,,357.0,280056434.3036652,True,0.09199779340851906,-15.996950570565016,10.164191863920792,41.63804766976389,185213200.0,-25.84228801240417,420
330,PLD,"Prologis, Inc. Common Stock",reit_infrastructure,reit_infrastructure,us_defensive_assets,False,,213.0,461249585.7872009,True,0.09171658306116834,-2.861487143509822,11.679352459006843,16.479097410169864,490154104.95224,3.684727757232542,420
331,ZM,"Zoom Communications, Inc. - Class A Common Stock",us_unclassified,us_unclassified_stock,us_unclassified,False,,281.0,353705178.0335045,True,0.0908675608665249,-13.136187687713274,23.191882422217635,5.35205133904455,392269309.2372894,-0.6036630056392989,420
332,CYTK,"Cytokinetics, Incorporated - Common Stock",us_unclassified,us_unclassified_stock,us_unclassified,False,,692.0,129428651.77993774,True,0.09020119251006017,0.012697901049540938,15.44999440511068,12.451296037235426,118838652.9624939,-10.477418208125533,420
333,TT,Trane Technologies plc,thermal_power,us_unclassified_stock,us_unclassified,True,thermal_power,158.0,589548214.7598267,True,0.08951148032613596,7.020299604526126,9.084445180137045,15.601483741702715,566375256.6192627,-4.412831547789786,420
334,TJX,"TJX Companies, Inc. (The) Common Stock",us_unclassified,us_unclassified_stock,us_unclassified,False,,135.0,686653625.6881714,True,0.0894674025410126,2.889259877360395,8.4096421557033,10.2087820545671,924013796.7559814,20.323537949209182,420
335,HBAN,Huntington Bancshares Incorporated - Common Stock,us_unclassified,us_unclassified_stock,us_unclassified,False,,295.0,339146215.0228977,True,0.08946551983641723,6.573962930401289,11.301736934993901,2.3030594657003522,413340751.4006138,19.70212910389122,420
336,LYV,"Live Nation Entertainment, Inc. Common Stock",us_unclassified,us_unclassified_stock,us_unclassified,False,,254.0,390014799.59259033,True,0.08941457534316952,4.1352486930184895,7.491263696456718,23.916008308891335,331182035.89553833,-12.356629449151036,420
337,SU,Suncor Energy  Inc. Common Stock,energy_oil_gas,energy_oil_gas,us_energy_materials,False,,405.0,246320054.64782715,True,0.0881533069806424,-18.428423503708512,3.4309610662101253,42.22077216126425,252960939.2276764,4.018898786953229,420
338,USFD,US Foods Holding Corp. Common Stock,us_unclassified,us_unclassified_stock,us_unclassified,False,,492.0,199377501.9138336,True,0.08789178103597814,13.301282729532415,-1.490116881895065,21.058920671508208,231645273.2685089,15.347439866670577,420
339,FTV,Fortive Corporation Common Stock,us_unclassified,us_unclassified_stock,us_unclassified,False,,578.0,164495792.3740387,True,0.08733812707546317,3.3881078118901176,9.13733780317818,11.618193369820972,186083615.25821686,10.398407912828667,420
340,GM,General Motors Company Common Stock,us_unclassified,us_unclassified_stock,us_unclassified,False,,187.0,517738431.3858032,True,0.08721513214050329,4.137117876451102,10.074883367379094,5.030364851977676,647952804.2762756,21.028009104450973,420
341,DE,Deere & Company Common Stock,us981a_ai_theme,industrial_machinery,us_industrial,True,us981a_ai_theme,138.0,681904860.1776123,True,0.08366281912199933,5.135061758806914,-2.6504015360939492,23.639106598906622,889899252.6977539,26.22173601954172,420
342,SBUX,Starbucks Corporation - Common Stock,consumer_brand,consumer_brand,us_consumer,False,,133.0,692171293.1652069,True,0.08365912891004372,-5.492956313728725,2.6946336906082724,25.842189943546746,816419841.4199829,17.913715070897073,420
343,NET,"Cloudflare, Inc. Class A Common Stock",us981a_ai_theme,cybersecurity,us_technology,True,us981a_ai_theme,124.0,741717836.9285583,True,0.08254382056340534,6.629225884970524,7.2273828612239965,8.859431586899502,893424334.3559265,14.613566950707547,420
344,ALGN,"Align Technology, Inc. - Common Stock",us_unclassified,us_unclassified_stock,us_unclassified,False,,536.0,180816917.81463623,True,0.0825227865024353,11.445707179195598,5.745265062958049,11.012575161532045,173388587.1307373,6.246241456902779,420
345,PRU,"Prudential Financial, Inc. Common Stock",us_unclassified,us_unclassified_stock,us_unclassified,False,,507.0,192953319.77653503,True,0.08218453157552438,4.613377185276724,16.917547817301347,-2.0181670052866085,188756758.7768555,1.8742295403313847,420
346,MSCI,MSCI Inc. Common Stock,us_unclassified,us_unclassified_stock,us_unclassified,False,,316.0,311179136.2701416,True,0.08217119842202021,-0.1340220803448644,11.206557471411394,11.464023935773525,331620250.42419434,3.3496741219248616,420
347,CAH,"Cardinal Health, Inc. Common Stock",us_unclassified,us_unclassified_stock,us_unclassified,False,,286.0,346780996.0609436,True,0.08206178881847098,11.313561726792853,1.1895156518689554,12.246851127894075,442773482.0518494,23.464717111739787,420
348,UNP,Union Pacific Corporation Common Stock,us_unclassified,us_unclassified_stock,us_unclassified,False,,132.0,701939140.7440186,True,0.08155866456055437,-3.355900421298741,9.905773072995029,16.463118937261644,722267334.8632812,2.536689231520106,420
349,DOV,Dover Corporation Common Stock,us_unclassified,us_unclassified_stock,us_unclassified,False,,503.0,194423352.7015686,True,0.08074755264494252,5.9673958913804,7.227671985754669,15.23118841404365,176400874.7390747,-1.7897341088234264,420
350,EIX,Edison International Common Stock,us_unclassified,us_unclassified_stock,us_unclassified,False,,510.0,191262834.76715088,True,0.0803895020809049,3.0828815482310867,3.1757360607040264,31.187476064082944,147927886.63101196,-18.03576344893274,420
351,DHI,"D.R. Horton, Inc. Common Stock",us_unclassified,us_unclassified_stock,us_unclassified,False,,292.0,341550176.020813,True,0.07991658498934358,11.321955187423383,11.40483779427155,4.010093601360087,313299542.1989441,-4.07432946312537,420
352,JPM,JP Morgan Chase & Co. Common Stock,fin_bank,fin_bank,us_finance,False,,23.0,2561992073.1262207,True,0.07971077454175875,7.695870385085568,11.384041406371503,5.326156177275432,2524239446.1746216,-0.22454300027273666,420
353,NTRA,"Natera, Inc. - Common Stock",us_unclassified,us_unclassified_stock,us_unclassified,False,,374.0,269181301.79672235,True,0.07862677895802404,12.92699869698637,15.196257968550132,-6.920563468024188,275573412.30010986,1.6910293756361883,420
354,NVDA,NVIDIA Corporation - Common Stock,ai_compute,ai_gpu_accelerator,us_semiconductor,True,ai_compute,1.0,31995035685.48508,True,0.07846249695114943,-5.718887863912936,11.865237413977692,10.764492096630018,35482344145.47653,9.595474074500654,420
355,KO,Coca-Cola Company (The) Common Stock,us_unclassified,us_unclassified_stock,us_unclassified,False,,76.0,1079553697.5471497,True,0.0776339308526066,-2.648686181824511,6.3837284458226895,17.797713505739043,1224404079.8324585,9.710241445705915,420
356,PINS,"Pinterest, Inc. Class A Common Stock",us_unclassified,us_unclassified_stock,us_unclassified,False,,326.0,303683708.61854553,True,0.07753830836973016,7.761834307676541,18.85019247456605,-20.897719799120683,407590860.9855652,29.433073116631547,420
357,AVB,"AvalonBay Communities, Inc. Common Stock",us_unclassified,us_unclassified_stock,us_unclassified,False,,597.0,158842891.5237427,True,0.07750176590767492,-5.019012799107081,8.988444473631008,7.306440890817534,219323985.63842773,28.825689147505717,420
358,PM,Philip Morris International Inc Common Stock,us_unclassified,us_unclassified_stock,us_unclassified,False,,116.0,773177590.9423828,True,0.07721670855332985,-5.423321169229456,6.037052193358372,22.39623157887558,785632124.8779297,4.906037074487135,420
359,AME,"AMETEK, Inc.",us_unclassified,us_unclassified_stock,us_unclassified,False,,391.0,258164400.0,True,0.07715726489060423,5.656175103613559,4.945012485464573,15.441124403130324,261780950.30899048,4.989547490960722,420
360,FAST,Fastenal Company - Common Stock,us_unclassified,us_unclassified_stock,us_unclassified,False,,348.0,286598721.3983536,True,0.0755058847992966,5.059521678187329,3.0656209523013622,16.249909305672915,322701358.8417053,10.966773893383518,420
361,ANF,Abercrombie & Fitch Company Common Stock,us_unclassified,us_unclassified_stock,us_unclassified,False,,793.0,101096422.58605956,True,0.07515628612859938,16.74025685116638,7.778307294365239,-9.34373391700185,130909204.55322266,30.032724394127676,420
362,VSEC,VSE Corporation - Common Stock,us_unclassified,us_unclassified_stock,us_unclassified,False,,796.0,100909696.20437622,True,0.07505604515463547,28.58231811687808,-3.3185310144527413,18.722446406041126,72984526.58996582,-13.981317529186176,420
363,FN,Fabrinet Ordinary Shares,us_unclassified,us_unclassified_stock,us_unclassified,False,,232.0,435940280.50231934,True,0.0747004116996095,-13.356791542288605,13.541342452106498,16.810106525294156,482378864.5202637,-1.547312563527925,420
364,SPY,State Street SPDR S&P 500 ETF Trust,market_index_etf,market_index_etf,us_etf,True,,,,True,0.07440508240438808,0.7406394919898807,10.781902608700445,8.347134643179421,40129258217.46216,3.5374050733077533,420
365,FANG,"Diamondback Energy, Inc. - Common Stock",energy_oil_gas,energy_oil_gas,us_energy_materials,False,,171.0,548387788.6512755,True,0.07424471910084074,-10.194294349528498,8.832127524893018,22.523395830529935,501147927.71987915,-1.4197556384456744,420
366,CI,The Cigna Group Common Stock,us_unclassified,us_unclassified_stock,us_unclassified,False,,225.0,441661396.5133667,True,0.07364926462420922,-1.352884848912117,10.892128374919485,12.848477302209771,402682404.9926758,-4.780736620628656,420
367,AFL,AFLAC Incorporated Common Stock,us_unclassified,us_unclassified_stock,us_unclassified,False,,418.0,236180791.2902832,True,0.07288619022861673,-1.4929192815013592,6.770962235539013,8.93808779191405,305813647.3953247,23.057479251908752,420
368,ENB,Enbridge Inc Common Stock,us_unclassified,us_unclassified_stock,us_unclassified,False,,430.0,230876066.56455997,True,0.07211308917760947,-4.432380015477988,6.617669834849282,21.88635222686468,217881720.50590515,-3.5175456154180162,420
369,AEP,"American Electric Power Company, Inc. - Common Stock",power_generation,us_unclassified_stock,us_unclassified,True,power_generation,245.0,406580477.2994995,True,0.07126939912044751,-0.9156457829522235,-2.122916626223903,12.377288485087078,650067947.9553223,51.71059429164182,420
370,EQH,"Equitable Holdings, Inc. Common Stock",us_unclassified,us_unclassified_stock,us_unclassified,False,,646.0,143877587.1307373,True,0.07097373935077654,6.790853757314919,17.67403938031449,-6.051003701304958,150854521.08097076,-7.0136361220061065,420
371,GTLB,GitLab Inc. - Class A Common Stock,us_unclassified,us_unclassified_stock,us_unclassified,False,,732.0,117618834.11045074,True,0.0705355230684606,-0.5243494119722913,24.452234874357394,-27.216813722820888,162221719.05584338,29.591199264849124,420
372,BIIB,Biogen Inc. - Common Stock,biotech,biotech,us_healthcare,False,,509.0,191754494.0689087,True,0.07032631704755193,4.675185642503488,8.14495041347274,13.717021655089233,181243563.92211914,-9.968885235805446,420
373,SNA,Snap-On Incorporated Common Stock,us_unclassified,us_unclassified_stock,us_unclassified,False,,704.0,127436717.96569824,True,0.0689858964696068,6.589414715334185,6.3384815312025555,13.676669657794015,109621030.99212646,-6.907773995958111,420
374,AMZN,"Amazon.com, Inc. - Common Stock",software_platform,cloud_platform,us_technology,True,software_platform,7.0,10071576000.402832,True,0.06816132551644885,-7.780842087516959,15.26272892371101,5.962616903768625,10680398630.325317,0.13418727536165242,420
375,VMC,Vulcan Materials Company (Holding Company) Common Stock,materials_mining,materials_mining,us_energy_materials,False,,334.0,299344254.2312622,True,0.06800059995959029,15.26325680756866,6.420169103599793,-3.3538637702648644,357160302.24609375,16.96798480391606,420
376,DKNG,DraftKings Inc. - Class A Common Stock,us_unclassified,us_unclassified_stock,us_unclassified,False,,343.0,288935235.6939316,True,0.06797138417734569,5.517789476758828,17.44914352507734,-14.081277510939415,296790599.34864044,13.61785313832855,420
377,BA,Boeing Company (The) Common Stock,space_ev_defense,aerospace_defense,us_industrial,True,space_ev_defense,56.0,1429306350.8926394,True,0.06776458415421371,0.23402532835410383,8.238919138774104,10.610375946354122,1453342394.7669983,3.6954575071367346,420
378,BLD,TopBuild Corp. Common Stock,us_unclassified,us_unclassified_stock,us_unclassified,False,,488.0,200889697.76000977,True,0.06769049674383075,3.361282140561306,12.337256097974114,-2.2258312357671173,328589517.5628663,11.01485811124241,420
379,MO,"Altria Group, Inc.",us_unclassified,us_unclassified_stock,us_unclassified,False,,157.0,590329868.5035706,True,0.0676564746857231,-5.74116866132377,5.636056521047861,25.20786992741506,531651052.5970459,-9.243117154882386,420
380,MTCH,"Match Group, Inc. - Common Stock",us_unclassified,us_unclassified_stock,us_unclassified,False,,725.0,119002691.47472382,True,0.06681258083302856,-1.5004192563025986,15.569659552682523,2.8550408835008367,99339478.7475586,-7.3876508501896865,420
381,PKG,Packaging Corporation of America Common Stock,us_unclassified,us_unclassified_stock,us_unclassified,False,,556.0,173505291.23382568,True,0.06672791700846308,7.415223048049113,4.76299540959908,16.6545550943461,145075819.94934082,-11.172396166696263,420
382,DUOL,"Duolingo, Inc. - Class A Common Stock",us_unclassified,us_unclassified_stock,us_unclassified,False,,570.0,166619990.34233096,True,0.0650340661169741,17.54352922421658,30.473033722856833,-40.76669211014499,156343693.48449707,-5.264913808952365,420
383,APG,APi Group Corporation Common Stock,thermal_power,us_unclassified_stock,us_unclassified,True,thermal_power,742.0,114355451.73683168,True,0.06482516777833958,1.1893434564967498,4.6101057488742825,13.156495979035965,119077645.82595825,8.809765047821895,420
384,FLS,Flowserve Corporation Common Stock,us_unclassified,us_unclassified_stock,us_unclassified,False,,634.0,147126154.83436584,True,0.06475020246573038,19.654362051650143,3.5101790460081217,8.429317996406716,132744913.64212036,-11.427622335623244,420
385,OVV,Ovintiv Inc. (DE),us_unclassified,us_unclassified_stock,us_unclassified,False,,436.0,228276095.3748703,True,0.06411292692694137,-11.960354573971433,2.9375891658410147,37.50246246053535,158618354.39300537,-18.941671322738685,420
386,NVS,Novartis AG Common Stock,us_unclassified,us_unclassified_stock,us_unclassified,False,,475.0,210892465.9057617,True,0.06377059565136067,-2.2399436261516525,-0.21393959873885482,21.063146823000324,247176672.48840332,16.555344040488016,420
387,RACE,Ferrari N.V. Common Shares,us_unclassified,us_unclassified_stock,us_unclassified,False,,497.0,196918110.64300537,True,0.06327392327826353,5.944825332598858,10.548396127578986,-1.4680562497064953,211857560.40649414,7.586630663226623,420
388,TECH,Bio-Techne Corp - Common Stock,us_unclassified,us_unclassified_stock,us_unclassified,False,,713.0,122438591.2820816,True,0.0632438552375171,24.06851751636254,5.148606762410357,-7.86670624990281,138602400.0,11.60485539870244,420
389,SMCI,"Super Micro Computer, Inc. - Common Stock",server_network,ai_server_hardware,us_ai_hardware,True,server_network,110.0,820911995.5944062,True,0.06271094916821542,-8.368198785635672,3.4627822266461994,-8.709312120334422,2073011700.7543564,85.63810702041492,420
390,LNT,Alliant Energy Corporation - Common Stock,energy_oil_gas,energy_oil_gas,us_energy_materials,False,,645.0,144124811.8358612,True,0.06268191288143916,0.6896551724137945,2.226703603154845,13.667081384263135,175910510.44197083,17.11473286175693,420
391,ALL,Allstate Corporation (The) Common Stock,us_unclassified,us_unclassified_stock,us_unclassified,False,,346.0,288113820.86792,True,0.06230510727231813,-0.36489664572654235,7.091649334970418,9.764252028158138,322396740.9126282,6.711848486008987,420
392,WY,Weyerhaeuser Company Common Stock,us_unclassified,us_unclassified_stock,us_unclassified,False,,736.0,115825933.1870079,True,0.062055561459373645,4.647159786327704,5.644807634827287,10.943843011998178,113076958.27941895,0.0,420
393,RBA,"RB Global, Inc. Common Stock",us_unclassified,us_unclassified_stock,us_unclassified,False,,746.0,112961900.62599182,True,0.06151276320716995,5.758007142368227,8.385250513119825,7.181093280423045,103266109.99450684,-5.6896115876633235,420
394,VFC,V.F. Corporation Common Stock,us_unclassified,us_unclassified_stock,us_unclassified,False,,751.0,112068871.60711288,True,0.06111764546206478,6.909320804997643,11.259538638824074,-2.7565058080148197,121980772.26696014,3.522344497398211,420
395,U,Unity Software Inc. Common Stock,us_unclassified,us_unclassified_stock,us_unclassified,False,,406.0,245676879.5030594,True,0.060980305914172105,4.765535729374348,37.46782637650099,-46.00768460605059,242786665.91863632,-2.136772723704572,420
396,HUBB,Hubbell Inc Common Stock,thermal_power,switchgear,us_industrial,True,thermal_power,351.0,285055572.2722168,True,0.06083747978729093,13.02987010335217,0.19427502721864887,7.270293667558092,344743620.76882935,15.727767789207437,420
397,OKE,"ONEOK, Inc. Common Stock",us_unclassified,us_unclassified_stock,us_unclassified,False,,274.0,364562049.956131,True,0.060620066032821766,-7.7265356795273465,6.286255266530594,22.0722082753684,300398140.3015137,-7.395531995932214,420
398,UPST,"Upstart Holdings, Inc. - Common stock",us_unclassified,us_unclassified_stock,us_unclassified,False,,698.0,128370424.91025925,True,0.06041104054683987,12.447989367523471,23.40838755072965,-31.634406633274526,145613573.30169678,9.263334416695823,420
399,FSLY,"Fastly, Inc. - Class A Common Stock",us_unclassified,us_unclassified_stock,us_unclassified,False,,382.0,261225871.40750888,True,0.060406195459913846,4.556067412738529,-22.047895557302944,73.52940222590037,116713380.69629669,-33.31391492245087,420
400,NVO,Novo Nordisk A/S Common Stock,us_unclassified,us_unclassified_stock,us_unclassified,False,,154.0,620906223.015976,True,0.06004321870881456,-4.171291503982721,19.86381695504289,-1.6992584270909106,508986980.5795765,-16.753228513185725,420
401,PSX,Phillips 66 Common Stock,us_unclassified,us_unclassified_stock,us_unclassified,False,,190.0,513889278.5003662,True,0.05995011170487597,-7.3603196262881365,3.0461392532909137,29.302126280244224,365607860.44921875,-12.29219138296742,420
402,NLY,Annaly Capital Management Inc. Common Stock,us_unclassified,us_unclassified_stock,us_unclassified,False,,706.0,125442300.7555008,True,0.05879259074164363,3.014840605896385,3.4046645449119506,5.306538989845322,159744025.97141266,24.175571603133772,420
403,WSO,"Watsco, Inc. Common Stock",us_unclassified,us_unclassified_stock,us_unclassified,False,,627.0,149439714.54162598,True,0.05836789050823571,3.7431774184609745,6.490930527314109,15.194203978686494,123712837.81433105,-16.313161648315965,420
404,EOG,"EOG Resources, Inc. Common Stock",us_unclassified,us_unclassified_stock,us_unclassified,False,,174.0,541840599.685669,True,0.057983225960718004,-8.2256645863374,3.420077408759914,26.978398659263835,430028503.0822754,-8.401789854186392,420
405,KVUE,Kenvue Inc. Common Stock,us_unclassified,us_unclassified_stock,us_unclassified,False,,303.0,326018275.4029274,True,0.057955625265659554,4.618944333170205,5.162377071790236,8.682450632279437,322361810.2326393,3.7809131955644837,420
406,RGEN,Repligen Corporation - Common Stock,us_unclassified,us_unclassified_stock,us_unclassified,False,,721.0,120590292.68722534,True,0.057392529851479294,18.149281185253187,17.202882671704444,-17.016242390905166,103974881.53076172,-13.77839856443417,420
407,SFM,"Sprouts Farmers Market, Inc. - Common Stock",us_unclassified,us_unclassified_stock,us_unclassified,False,,580.0,164372146.88110352,True,0.05653909666790847,-9.009723381403578,11.770683459851238,5.862572090401907,155975023.8723526,6.934037635380275,420
408,CL,Colgate-Palmolive Company Common Stock,us_unclassified,us_unclassified_stock,us_unclassified,False,,207.0,475728847.177124,True,0.0556482795462791,-0.962916582048079,2.2689489762304227,17.558210072989965,490062232.6816559,3.468317134863441,420
409,PNFP,"Pinnacle Financial Partners, Inc. Common stock",us_unclassified,us_unclassified_stock,us_unclassified,False,,748.0,112554293.0809021,True,0.055412657580027704,-0.6922183723606312,12.766154869561653,-2.1633927826336774,121328292.5075531,4.7578793683057174,420
410,DD,"DuPont de Nemours, Inc. Common Stock",us_unclassified,us_unclassified_stock,us_unclassified,False,,575.0,164976773.54335785,True,0.05511085591738536,0.9735430359209651,3.7182934173971116,16.263430042580353,145730254.96520996,-4.227125639194451,420
411,NCLH,Norwegian Cruise Line Holdings Ltd. Ordinary Shares,us_unclassified,us_unclassified_stock,us_unclassified,False,,263.0,375664679.4319153,True,0.05495786109540411,27.51091490024733,-2.0554965948042514,1.8162401979648912,387823671.6119766,4.645165476616353,420
412,ORCL,Oracle Corporation Common Stock,software_platform,cloud_platform,us_technology,True,software_platform,16.0,3727730164.5217896,True,0.054333070658770834,-2.056765678494621,16.073750046539438,-16.385434107046002,5260586978.046417,27.078312073947618,420
413,TKO,"TKO Group Holdings, Inc. Class A Common Stock",us_unclassified,us_unclassified_stock,us_unclassified,False,,412.0,241067456.300354,True,0.05318903938371123,2.3162446099827427,6.189006430649591,8.83744679788716,237014145.96557617,-1.387595768895311,420
414,EVRG,"Evergy, Inc. - Common Stock",us_unclassified,us_unclassified_stock,us_unclassified,False,,651.0,143215326.46636963,True,0.05253806462053732,0.037495188210034947,2.157798586515902,14.568428532479372,151992996.66862488,6.331909273597258,420
415,CLH,"Clean Harbors, Inc. Common Stock",us_unclassified,us_unclassified_stock,us_unclassified,False,,666.0,138859903.83911133,True,0.05022536234615621,-0.9608743485298055,-0.9087470541906617,20.87671181424526,140233259.4482422,4.04469325146064,420
416,JHG,Janus Henderson Group plc Ordinary Shares,us_unclassified,us_unclassified_stock,us_unclassified,False,,780.0,105285446.6386795,True,0.048959985510759176,0.15444369156949467,2.857714742703621,15.95078511503445,87331163.5345459,-4.0855810021322325,420
417,JNJ,Johnson & Johnson Common Stock,us_unclassified,us_unclassified_stock,us_unclassified,False,,45.0,1720054493.788147,True,0.0480910602105523,0.1672245838608699,-0.966507644834913,20.511561681952827,1759243439.616394,0.826991239705599,420
418,RCAT,"Red Cat Holdings, Inc. - Common Stock",us_unclassified,us_unclassified_stock,us_unclassified,False,,611.0,155881802.2661686,True,0.0474970002581588,27.96420712911054,-25.680690951212238,39.48897453866695,147366356.94766045,8.409258933725393,420
419,HON,Honeywell International Inc. - Common Stock,us981a_ai_theme,industrial_machinery,us_industrial,True,us981a_ai_theme,111.0,807887260.0120544,True,0.04740473588022141,5.345229840292665,-5.602295270789548,16.43166147057462,1129022908.3473206,20.8454512417525,420
420,CBOE,"Cboe Global Markets, Inc. Common Stock",us_unclassified,us_unclassified_stock,us_unclassified,False,,402.0,247299645.06835935,True,0.04708032050434723,-30.98193593152131,1.9465956577034982,17.236051298724608,449610903.61328125,57.194383660912585,420
421,TXT,Textron Inc. Common Stock,us_unclassified,us_unclassified_stock,us_unclassified,False,,760.0,109422075.16021729,True,0.04646831211915094,-0.055848329131003016,2.414780151802609,11.76648739092756,115395875.17852783,6.297279616982299,420
422,WFC,Wells Fargo & Company Common Stock,fin_bank,fin_bank,us_finance,False,,63.0,1254551739.3501282,True,0.0462592160109026,8.428966621070778,10.12770443124924,-6.312974931946713,1200056668.572998,-0.3909498419937596,420
423,LII,"Lennox International, Inc. Common Stock",us_unclassified,us_unclassified_stock,us_unclassified,False,,467.0,213516679.9041748,True,0.0459892023255897,7.925730680834664,7.515726247914367,3.8815123228861825,174343852.21862793,-13.38680795890973,420
424,GEN,Gen Digital Inc. - Common Stock,us_unclassified,us_unclassified_stock,us_unclassified,False,,675.0,136080349.16057587,True,0.04589781606627092,-3.2799987792968777,14.610935501246924,-10.844771108587425,162038466.20340347,13.820531640722077,420
425,FOXA,Fox Corporation - Class A Common Stock,us_unclassified,us_unclassified_stock,us_unclassified,False,,547.0,177677248.4527588,True,0.045493963951462775,-18.55605523286905,18.288883038306516,-2.368370914378859,187923639.761734,6.227028030768711,420
426,SBAC,SBA Communications Corporation - Class A Common Stock,us_unclassified,us_unclassified_stock,us_unclassified,False,,505.0,193049922.74246216,True,0.044577443451349806,-9.502544917447487,11.663858003635475,8.973871479900343,168907746.25549316,-11.33950642986572,420
427,BBWI,"Bath & Body Works, Inc.",us_unclassified,us_unclassified_stock,us_unclassified,False,,776.0,106125565.58113097,True,0.04399812262755035,21.800950759103333,0.2129872562100399,-0.22488861744059951,103526844.83699799,0.0,420
428,CART,Maplebear Inc. - Common Stock,us_unclassified,us_unclassified_stock,us_unclassified,False,,649.0,143665044.03877258,True,0.04388845889892297,7.869249540042644,11.111117855029363,-9.385813138084199,141944229.66041565,1.6144623164160432,420
429,NSC,Norfolk Southern Corporation Common Stock,us_unclassified,us_unclassified_stock,us_unclassified,False,,291.0,342844879.9758911,True,0.04384528694641318,-3.7711678757469502,7.077338011206069,8.193060679658615,342429007.54852295,-0.9430500516667717,420
430,PH,Parker-Hannifin Corporation Common Stock,us_unclassified,us_unclassified_stock,us_unclassified,False,,150.0,634194331.6589355,True,0.04346924820968355,10.917576191857648,0.24824687636864073,5.002173987462344,668955869.1162109,8.011549913653514,420
431,DGX,Quest Diagnostics Incorporated Common Stock,us_unclassified,us_unclassified_stock,us_unclassified,False,,599.0,158098571.02966306,True,0.043460514100860485,0.6451612903225712,1.91113663979261,14.49405120818188,161170404.7782898,-2.6650513793060937,420
432,WEC,"WEC Energy Group, Inc. Common Stock",energy_oil_gas,energy_oil_gas,us_energy_materials,False,,482.0,204339341.44630432,True,0.04340936422013476,1.3736978057889315,-0.8790811028194789,9.900345022000746,262549998.56567383,19.866971016242687,420
433,BLK,"BlackRock, Inc. Common Stock",us_unclassified,us_unclassified_stock,us_unclassified,False,,136.0,685144559.9182129,True,0.04283958773087568,-0.1407400880914067,10.150611138542075,-4.580436627085271,726179323.1018066,8.894409351332321,420
434,DTE,DTE Energy Company Common Stock,energy_oil_gas,energy_oil_gas,us_energy_materials,False,,563.0,170380136.92703247,True,0.042603336294314974,3.3550417754359962,-0.4778773653643209,13.831248460873402,193622040.4258728,3.465579735398916,420
435,RIVN,"Rivian Automotive, Inc. - Class A Common Stock",us_unclassified,us_unclassified_stock,us_unclassified,False,,258.0,383531682.1182251,True,0.04228730158792828,20.320473478128843,1.5686259354656729,-12.252960106148103,487362665.7048702,25.219938187445322,420
436,APD,"Air Products and Chemicals, Inc. Common Stock",materials_mining,materials_mining,us_energy_materials,False,,309.0,319310589.1113281,True,0.04193368488243124,-3.105228711406649,-3.65471875300305,22.164406281976888,337281875.61798096,9.179360988816043,420
437,CHD,"Church & Dwight Company, Inc. Common Stock",us_unclassified,us_unclassified_stock,us_unclassified,False,,535.0,181003984.67636108,True,0.04173715308793367,-0.5097851426991484,-1.7779965211366378,18.235333143901112,183309819.0589905,5.169374858694065,420
438,BN,Brookfield Corporation Class A Limited Voting Shares,us_unclassified,us_unclassified_stock,us_unclassified,False,,417.0,237860376.40247345,True,0.041608813977843356,-1.9850055642920972,16.20442002187028,-3.42494527840721,177262418.19343567,-18.778701795970687,420
439,SYF,Synchrony Financial Common Stock,us_unclassified,us_unclassified_stock,us_unclassified,False,,394.0,255345732.55233765,True,0.04158696269059842,4.45523795768159,13.527384342135607,-9.987507071066137,235601787.43515015,-3.2279750867096557,420
440,TDY,Teledyne Technologies Incorporated Common Stock,us_unclassified,us_unclassified_stock,us_unclassified,False,,533.0,182743952.62146,True,0.041201382390792275,0.875936954719414,-3.532490928552423,21.59901304246581,185821677.83911133,1.3481850536748219,420
441,EG,"Everest Group, Ltd. Common Stock",us_unclassified,us_unclassified_stock,us_unclassified,False,,755.0,110626515.09399414,True,0.04049855247376595,-6.358464285230781,4.3422625401535075,8.3001187843045,136071794.3572998,12.925002652775476,420
442,MMM,3M Company Common Stock,us_unclassified,us_unclassified_stock,us_unclassified,False,,172.0,544763207.7583313,True,0.04029463732411876,7.778473084315296,6.456514424281168,-3.4230409546316065,511830606.98547363,4.240978632801928,420
443,AS,"Amer Sports, Inc. Ordinary Shares",us_unclassified,us_unclassified_stock,us_unclassified,False,,673.0,136827481.5990448,True,0.04016105891519002,5.71183028057185,10.046368325488153,-7.96277612914742,137640253.50894928,3.435681212218178,420
444,BX,Blackstone Inc. Common Stock,us_unclassified,us_unclassified_stock,us_unclassified,False,,120.0,758219424.3530273,True,0.03896391583635564,5.957373085157847,19.46734727839381,-20.89604348984824,600824200.6790161,-8.313784362111608,420
445,CCI,Crown Castle Inc. Common Stock,data_center_reit,us_unclassified_stock,us_unclassified,True,data_center_reit,392.0,257012626.55143735,True,0.038854967542927686,-11.431343272519435,6.974238830078816,3.33121697926575,370463009.116745,22.00553690444751,420
446,AMGN,Amgen Inc. - Common Stock,us_unclassified,us_unclassified_stock,us_unclassified,False,,109.0,822290648.4802246,True,0.03883183390352421,1.818620094127077,-3.0061572136478643,14.451335208590987,982270940.2832031,12.593963155207977,420
447,BOOT,"Boot Barn Holdings, Inc. Common Stock",us_unclassified,us_unclassified_stock,us_unclassified,False,,777.0,105913762.97531128,True,0.03836923199541936,22.45729668149501,4.559300475497952,-13.204369826411588,116087558.53271484,5.948711058717526,420
448,TRV,"The Travelers Companies, Inc. Common Stock",us_unclassified,us_unclassified_stock,us_unclassified,False,,252.0,392151716.1178589,True,0.03792965645117571,0.27691103960691965,0.6258018177364821,9.690922851824425,445779171.534729,10.33241906258664,420
449,CINF,Cincinnati Financial Corporation - Common Stock,us_unclassified,us_unclassified_stock,us_unclassified,False,,791.0,101876538.986969,True,0.037535115445889757,0.9909204183477849,3.0831266320368034,5.380177379677131,110259716.21704102,8.228761315835742,420
450,SNPS,"Synopsys, Inc. - Common Stock",us981a_ai_theme,semi_eda_ip,us_semiconductor,True,us981a_ai_theme,122.0,748529549.8336792,True,0.037354293572188446,-8.702620316989407,8.972584833466302,-2.0521621623569186,970437723.6663818,19.513307861461193,420
451,YUM,"Yum! Brands, Inc.",us_unclassified,us_unclassified_stock,us_unclassified,False,,408.0,244171607.1510315,True,0.037083068871990726,0.015573436837623689,-2.801941464040547,8.172481463943782,330609293.1983948,29.22945492663849,420
452,BF-B,Brown Forman Inc Class B Common Stock,us_unclassified,us_unclassified_stock,us_unclassified,False,,745.0,113976278.99341585,True,0.037004936048897596,3.9001560990821416,15.648030594302398,-9.186378220318403,71462350.75893402,-18.24556827283147,420
453,ALB,Albemarle Corporation Common Stock,us_unclassified,us_unclassified_stock,us_unclassified,False,,290.0,343646601.1047364,True,0.036746733960793455,-5.792844263808061,-2.954400595175377,23.387791085488562,363053092.6864624,3.1577474529773664,420
454,ABNB,"Airbnb, Inc. - Class A Common Stock",us_unclassified,us_unclassified_stock,us_unclassified,False,,214.0,457536477.2003174,True,0.03630710106173175,5.060863486467193,2.482379204934615,4.370361076811258,490287392.729187,4.0887649745634524,420
455,KHC,The Kraft Heinz Company - Common Stock,us_unclassified,us_unclassified_stock,us_unclassified,False,,305.0,323545495.30057913,True,0.03562225668572706,-3.017428691467283,8.46394713885319,1.6365899743896684,311572007.99503326,-0.5221229921518855,420
456,PBF,PBF Energy Inc. Class A Common Stock,energy_oil_gas,energy_oil_gas,us_energy_materials,False,,655.0,142156796.46968842,True,0.034811545417179936,-10.682632537659053,-3.5223264918069486,32.70364031570519,94986847.72224426,-9.731821083633651,420
457,PG,Procter & Gamble Company (The) Common Stock,us_unclassified,us_unclassified_stock,us_unclassified,False,,68.0,1201786125.2174375,True,0.0336429319524355,5.57427850696115,-0.6930213567601817,7.797861476076062,1263478611.8362427,6.118317353743863,420
458,FERG,Ferguson Enterprises Inc. Common Stock,us_unclassified,us_unclassified_stock,us_unclassified,False,,308.0,319463642.829895,True,0.0336234471610035,5.614150052697164,4.177007389970422,2.0630580355999406,315301669.42749023,-1.559031288257573,420
459,GRMN,Garmin Ltd. Common Stock (Switzerland),us_unclassified,us_unclassified_stock,us_unclassified,False,,532.0,182915321.54312137,True,0.03246409344916558,-1.3770178362115804,1.1488699119853285,18.40419550462522,150657976.38015747,-15.962274243908292,420
460,AES,The AES Corporation Common Stock,us_unclassified,us_unclassified_stock,us_unclassified,False,,636.0,146824468.56250763,True,0.03222440431342885,-0.7467729809619961,4.436586551325217,7.641313507833347,124923438.33732605,-5.349972975194007,420
461,CNP,"CenterPoint Energy, Inc (Holding Co) Common Stock",energy_oil_gas,energy_oil_gas,us_energy_materials,False,,518.0,188680196.5866089,True,0.0321928314363434,1.928106444667832,-1.4217637120517046,13.416638738447073,201970087.70771027,1.1929584051227238,420
462,AMT,American Tower Corporation (REIT) Common Stock,data_center_reit,reit_infrastructure,us_defensive_assets,True,data_center_reit,181.0,534051459.2971802,True,0.03145662579849499,-4.331051535518215,5.300583615578702,6.508770045939993,520760136.9781494,-0.005822515422726493,420
463,TDG,Transdigm Group Incorporated Common Stock,us_unclassified,us_unclassified_stock,us_unclassified,False,,216.0,456895218.1018066,True,0.031118008856945434,10.868974491767647,2.580856960611899,-4.584911671708092,499059714.39819336,9.228482729926824,420
464,BMY,Bristol-Myers Squibb Company Common Stock,us_unclassified,us_unclassified_stock,us_unclassified,False,,173.0,543527237.7674103,True,0.031105835282163426,-7.755382378757602,-2.4822832282796803,14.839200033321532,649755320.1072693,20.68887448363337,420
465,AYI,Acuity Inc. Common Stock,us_unclassified,us_unclassified_stock,us_unclassified,False,,795.0,101035357.40966795,True,0.030943126575862106,13.79743176050059,12.03063081611926,-22.104934288912315,104763168.66760254,4.472760104605045,420
466,AER,AerCap Holdings N.V. Ordinary Shares,us_unclassified,us_unclassified_stock,us_unclassified,False,,544.0,178688288.65203857,True,0.029836832981301208,4.022947818660594,3.8781785588341666,-0.747168151107791,185177870.34072876,6.2070542069957435,420
467,BTI,"British American Tobacco  Industries, p.l.c. Common Stock ADR",us_unclassified,us_unclassified_stock,us_unclassified,False,,424.0,233891471.57936096,True,0.02909881715274515,-9.785609350249015,3.995078446945022,10.161757482063916,245094470.87688446,5.287789136830789,420
468,WELL,Welltower Inc. Common Stock,us_unclassified,us_unclassified_stock,us_unclassified,False,,162.0,581749404.6691895,True,0.029065766110423264,-5.470933022494517,2.5165906246022995,8.344860507395513,657489785.3157043,7.820823076213168,420
469,CCEP,Coca-Cola Europacific Partners plc - Ordinary Shares,us_unclassified,us_unclassified_stock,us_unclassified,False,,596.0,159340479.8461914,True,0.02876532119282246,3.9129519443015015,-2.4661297352519984,9.764913355111847,179726707.85369873,7.624717725073826,420
470,CPB,The Campbell's Company - Common Stock,us_unclassified,us_unclassified_stock,us_unclassified,False,,581.0,164286901.12552643,True,0.02833412423256662,5.749998092651376,6.850460036338091,-17.520667128627732,213258732.85179138,29.80872570531179,420
471,WYNN,"Wynn Resorts, Limited - Common Stock",us_unclassified,us_unclassified_stock,us_unclassified,False,,639.0,146438884.66796875,True,0.02727422134304872,7.617786464087528,9.35625340407249,-12.841189244671792,143959789.3333435,2.038481208226939,420
472,CNQ,Canadian Natural Resources Limited Common Stock,us_unclassified,us_unclassified_stock,us_unclassified,False,,215.0,457395451.9924164,True,0.026881575206433094,-15.846657924717068,-5.575129489320496,35.94046878475379,365260151.55239105,-6.188198204075002,420
473,CNM,"Core & Main, Inc. Class A Common Stock",us_unclassified,us_unclassified_stock,us_unclassified,False,,765.0,108503466.68186188,True,0.026523469110957792,3.09847820939142,5.101827106198598,-2.9092318852749766,119120802.13851929,4.641370427468705,420
474,AJG,Arthur J. Gallagher & Co. Common Stock,us_unclassified,us_unclassified_stock,us_unclassified,False,,247.0,402591541.5527344,True,0.026408942026688725,5.1323593717974125,8.172952663383782,-7.642290177933154,352584071.62857056,-1.5283382573002324,420
475,ECL,Ecolab Inc. Common Stock,us_unclassified,us_unclassified_stock,us_unclassified,False,,246.0,404725206.5933228,True,0.025073986813300902,8.236806538695518,-4.448126705263855,4.369360638101982,468102016.17431635,17.69354231434226,420
476,AON,Aon plc Class A Ordinary Shares (Ireland),us_unclassified,us_unclassified_stock,us_unclassified,False,,244.0,417899360.8795166,True,0.024987213599274295,-1.0618102839536459,6.376569058730386,-2.927813922919409,471161217.8512573,5.735808210193372,420
477,FDS,FactSet Research Systems Inc. Common Stock,us_unclassified,us_unclassified_stock,us_unclassified,False,,522.0,187365454.4921875,True,0.024442986363894886,-1.0684904631200864,16.22789405484322,-17.28296085762149,183042868.92700195,-3.238153812605704,420
478,LBRT,Liberty Energy Inc. Class A common stock,energy_oil_gas,energy_oil_gas,us_energy_materials,False,,771.0,107131412.25500108,True,0.024198324617280442,-16.931542508690324,-7.491744579447246,42.3845110288511,89473840.4080391,-14.187017329954054,420
479,SO,Southern Company (The) Common Stock,power_generation,utility_defensive,us_defensive_assets,True,power_generation,222.0,443057555.796814,True,0.024030331487648115,-0.5661251796008626,-3.881584507942004,10.867868547625603,528508403.6392212,15.460040763524852,420
480,OXY,Occidental Petroleum Corporation Common Stock,us_unclassified,us_unclassified_stock,us_unclassified,False,,103.0,844046084.702301,True,0.02402076493627346,-11.975538245240525,-5.033382356427518,34.914963311821914,585930748.910141,-16.665346248876446,420
481,GD,General Dynamics Corporation Common Stock,us_unclassified,us_unclassified_stock,us_unclassified,False,,229.0,439065921.3973999,True,0.023511304720264817,3.0198704240250285,1.4910981533458267,8.2955805480754,396865002.54974365,-9.977329188029959,420
482,LYB,LyondellBasell Industries NV Ordinary Shares Class A (Netherlands),us_unclassified,us_unclassified_stock,us_unclassified,False,,192.0,505438030.4016113,True,0.023073496266844233,-15.750354665176602,-14.610521112370412,50.16509037190637,359881650.30784607,-5.091175326901642,420
483,NI,NiSource Inc Common Stock,us_unclassified,us_unclassified_stock,us_unclassified,False,,542.0,179222993.71089935,True,0.022815487070329224,0.5104165491982782,0.4757018083591191,13.981506706414027,151802286.21616364,-15.299770931718426,420
484,IP,International Paper Company Common Stock,us_unclassified,us_unclassified_stock,us_unclassified,False,,466.0,214215578.8963318,True,0.02146962992723054,21.014470494881966,-0.5010604284002573,-4.66932280699599,192331632.02400208,-6.631232117242258,420
485,PAYX,"Paychex, Inc. - Common Stock",us_unclassified,us_unclassified_stock,us_unclassified,False,,322.0,307141068.41316223,True,0.021134457789412406,3.497682004707814,9.683447148604984,-9.887917378585698,275734082.47146606,-4.716624942261404,420
486,AMRZ,Amrize Ltd Ordinary Shares,us_unclassified,us_unclassified_stock,us_unclassified,False,,656.0,141340416.33911133,True,0.020925622277659563,10.699996948242173,-6.128340346794225,-1.2338927249143539,182836214.9837494,30.187891754035114,250
487,TTWO,"Take-Two Interactive Software, Inc. - Common Stock",us_unclassified,us_unclassified_stock,us_unclassified,False,,264.0,374786957.51190186,True,0.02074824836527655,1.1241668992478804,1.3766753942759502,-14.734850852741966,595459940.7241821,49.14200242439393,420
488,CSL,Carlisle Companies Incorporated Common Stock,us_unclassified,us_unclassified_stock,us_unclassified,False,,677.0,134654459.09118652,True,0.02049090586728273,9.720949419653046,-0.3647343613332188,7.428098505465752,104215013.0065918,-15.879934609688263,420
489,BP,BP p.l.c. Common Stock,us_unclassified,us_unclassified_stock,us_unclassified,False,,179.0,534543829.28180695,True,0.019577788867388705,-13.361405830443019,2.3914447460522625,23.003039041842644,317219449.7369766,-21.968498433567042,420
490,ZBRA,Zebra Technologies Corporation - Class A Common Stock,us_unclassified,us_unclassified_stock,us_unclassified,False,,553.0,173878506.55517578,True,0.01930338755921414,-3.076356617082565,9.01249650311633,-16.13632535393673,241170125.353241,25.240679914197607,420
491,AGNC,AGNC Investment Corp. - Common Stock,us_unclassified,us_unclassified_stock,us_unclassified,False,,572.0,166137066.87688828,True,0.019170264025316974,1.268293799423592,1.4675990124124905,5.258657866794403,146795468.055439,-3.117163796372424,420
492,IQV,"IQVIA Holdings, Inc. Common Stock",us_unclassified,us_unclassified_stock,us_unclassified,False,,400.0,249917978.07769772,True,0.01892275293645912,-2.1749246224717522,11.127481555154706,-16.967807215561347,295700357.5744629,15.618453222109817,420
493,CB,Chubb Limited  Common Stock,us_unclassified,us_unclassified_stock,us_unclassified,False,,193.0,504909544.0475464,True,0.01876944428352383,-1.5165390438754978,-0.5112732263625297,8.849032015506042,507423096.89941406,1.9806718511411026,420
494,J,Jacobs Solutions Inc. Common Stock,us_unclassified,us_unclassified_stock,us_unclassified,False,,770.0,107174571.55570984,True,0.018506538174238963,6.618422326702311,-2.154449091212751,-7.460455070621618,153131103.60717773,33.61585210784577,420
495,WMB,"Williams Companies, Inc. (The) Common Stock",us_unclassified,us_unclassified_stock,us_unclassified,False,,235.0,428693551.66893005,True,0.01826513420408445,-6.111960291096485,-2.602909820644672,17.301237857230678,419045206.00509644,-1.0509456638982506,420
496,V,Visa Inc.,fin_payment,fin_payment,us_finance,False,,35.0,2110389611.57074,True,0.018178640947425516,-1.0612274423658308,4.310412433323285,-1.8772839797241536,2325649524.6063232,5.59744983151278,420
497,KMB,Kimberly-Clark Corporation - Common Stock,us_unclassified,us_unclassified_stock,us_unclassified,False,,239.0,424349228.03497314,True,0.01790621628747325,5.135821988829448,3.8029045515320714,-0.09312045169836969,377350299.785614,-9.245697042834045,420
498,ED,"Consolidated Edison, Inc. Common Stock",us_unclassified,us_unclassified_stock,us_unclassified,False,,491.0,199769718.3517456,True,0.017743258314357645,0.05644172800687297,-4.768908534512062,13.318009808296782,219526709.7393036,5.795438742906223,420
499,FWONK,Liberty Media Corporation - Series C Liberty Formula One Common Stock,us_unclassified,us_unclassified_stock,us_unclassified,False,,592.0,161678781.1367035,True,0.017699340361168547,0.3538253938367264,6.139213026946755,-2.2486506281672147,147966579.64019775,-5.013142477347266,420
500,FBIN,"Fortune Brands Innovations, Inc. Common Stock",us_unclassified,us_unclassified_stock,us_unclassified,False,,790.0,101932426.84249878,True,0.017543129332380645,21.946883372261937,-0.00038182346276949275,-10.739495269473975,95187648.46725464,0.49981896712416596,420
501,GTLS,"Chart Industries, Inc. Common Stock",us_unclassified,us_unclassified_stock,us_unclassified,False,,361.0,277301371.6201782,True,0.017173647490587463,0.24097546231762745,-0.19815776482112746,0.530677521455547,270107821.9154358,16.256712704008415,420
502,XOM,Exxon Mobil Corporation Common Stock,energy_oil_gas,energy_oil_gas,us_energy_materials,False,,20.0,2929219732.408905,True,0.017098191251206738,-11.818531715492908,-3.865664576293415,25.64805490674069,2437291898.286667,-5.9893919913388105,420
503,FDX,FedEx Corporation Common Stock,us981a_ai_theme,logistics_transport,us_industrial,True,us981a_ai_theme,168.0,553011925.2990723,True,0.016907904705719828,-15.675727614755885,-4.28454242732318,23.981324639538414,608010119.2047119,7.586489259339868,420
504,XEL,Xcel Energy Inc. - Common Stock,energy_oil_gas,energy_oil_gas,us_energy_materials,False,,284.0,348403767.9409027,True,0.016615497159210263,-3.067864925516439,-3.1696310803256966,4.149933928250138,465439449.03564453,26.63973205108343,420
505,CVX,Chevron Corporation Common Stock,energy_oil_gas,energy_oil_gas,us_energy_materials,False,,33.0,2204836749.523926,True,0.01596956592300481,-9.25103056439176,-4.796689855823422,27.521296744536137,1589424214.4111633,-12.746510458346616,420
506,ATO,Atmos Energy Corporation Common Stock,energy_oil_gas,energy_oil_gas,us_energy_materials,False,,588.0,163301322.09472656,True,0.015859029367945914,-2.799938305764338,-9.426908234979459,2.310275216723734,279828425.10147095,58.10430499507282,420
507,PHM,"PulteGroup, Inc. Common Stock",us_unclassified,us_unclassified_stock,us_unclassified,False,,455.0,218642479.7672272,True,0.015046699301259774,9.203506581484655,2.9399382342395697,0.9889596968910341,163614639.1708374,-19.06243515801519,420
508,ITT,ITT Inc. Common Stock,us_unclassified,us_unclassified_stock,us_unclassified,False,,622.0,151818286.56997678,True,0.014605003381208084,1.794766363106115,-0.8361908120757433,8.724467372373956,140689394.61441037,-7.0328391215981885,420
509,EPD,Enterprise Products Partners L.P. Common Stock,us_unclassified,us_unclassified_stock,us_unclassified,False,,652.0,143155340.2791977,True,0.01444466831708898,-7.083018427922482,3.3511646286155106,18.886308533946128,91370496.89102173,-33.68530699070117,420
510,AEE,Ameren Corporation Common Stock,us_unclassified,us_unclassified_stock,us_unclassified,False,,521.0,187376817.21496585,True,0.013347752176460594,-0.018404887304790396,-1.5909090909090873,10.825021124526213,170177440.00625607,-6.5188999511544665,420
511,BALL,Ball Corporation Common Stock,us_unclassified,us_unclassified_stock,us_unclassified,False,,703.0,127767622.46704102,True,0.013119363052662128,1.6018303563005043,-8.672391948805746,20.564014091658468,141258996.5435028,-2.4685691194591852,420
512,S,"SentinelOne, Inc. Class A Common Stock",us_unclassified,us_unclassified_stock,us_unclassified,False,,761.0,109265847.65310287,True,0.012463651425128201,-16.41624356322883,7.111759904942616,-0.5390830382983824,123765720.70355415,14.640926575090042,420
513,MDLN,Medline Inc. - Class A common stock,us_unclassified,us_unclassified_stock,us_unclassified,False,,387.0,258707873.2706069,True,0.012457094183911749,-0.8551762021821174,-9.59337388844811,,471948300.06370544,57.33762908629247,126
514,CTVA,"Corteva, Inc. Common Stock",us_unclassified,us_unclassified_stock,us_unclassified,False,,353.0,283497176.9592285,True,0.012439599909411573,-0.2665059717437468,-6.131660676675155,13.955903517516965,299175719.2752838,5.675326104144851,420
515,VZ,Verizon Communications Inc. Common Stock,us_unclassified,us_unclassified_stock,us_unclassified,False,,73.0,1144159568.245697,True,0.011946079920876559,-5.123380967324909,-5.893718897896205,20.75900004995215,1086140412.0145798,-3.1829232288210663,420
516,APTV,Aptiv PLC Ordinary Shares,us_unclassified,us_unclassified_stock,us_unclassified,False,,590.0,161736895.38002014,True,0.011880307382367256,16.69415550906741,-3.0112753240206125,-10.988866479797288,213569598.04039,19.514901521818405,420
517,O,Realty Income Corporation Common Stock,us_unclassified,us_unclassified_stock,us_unclassified,False,,301.0,329005045.8881378,True,0.011670238007654802,-3.21336752259751,-3.9627833731759154,10.931909282004648,359080787.020874,8.599725027129823,420
518,EL,"Estee Lauder Companies, Inc. (The) Common Stock",us_unclassified,us_unclassified_stock,us_unclassified,False,,327.0,302388720.4601288,True,0.011364232371996342,8.452686532361998,4.42519360188065,-13.97489298271266,326476795.3033447,9.482720555591072,420
519,COP,ConocoPhillips Common Stock,energy_oil_gas,energy_oil_gas,us_energy_materials,False,,78.0,1021285927.8007509,True,0.01119464548601886,-11.94835131877664,-3.361620918240815,25.35773732278117,773714496.1513519,-13.175701051297118,420
520,AXP,American Express Company Common Stock,us_unclassified,us_unclassified_stock,us_unclassified,False,,90.0,944325822.0947266,True,0.011071008925334882,9.095601319992097,5.832206099142323,-12.009399801495292,831782836.2854004,-3.341621657051541,420
521,TEL,TE Connectivity plc Ordinary Shares,us_unclassified,us_unclassified_stock,us_unclassified,False,,212.0,464311178.9353943,True,0.010970284801841375,8.486648577008138,5.4099276555898745,-11.438572895346654,484828725.5722046,-1.7512545639627008,420
522,ONDS,Ondas Inc - Common Stock,us_unclassified,us_unclassified_stock,us_unclassified,False,,165.0,571635986.6111755,True,0.009950046095980873,-0.9615299381915077,-4.8402710909277165,6.500546167138332,630301572.4216461,17.402960463692786,420
523,COO,"The Cooper Companies, Inc.  - Common Stock",us_unclassified,us_unclassified_stock,us_unclassified,False,,680.0,133908570.11566162,True,0.009523624589589212,6.7368480358046545,-5.606815848787782,-14.010953637363066,230275677.2714615,56.30798393093259,420
524,RJF,"Raymond James Financial, Inc. Common Stock",us_unclassified,us_unclassified_stock,us_unclassified,False,,502.0,194887943.8293457,True,0.009077535772009305,2.492268760172034,4.428753528787555,-8.147392038821021,206197009.9243164,4.532087469173796,420
525,EA,Electronic Arts Inc. - Common Stock,us_unclassified,us_unclassified_stock,us_unclassified,False,,280.0,353830819.0826416,True,0.008820535091665272,0.27779035109218864,1.994173791535414,-0.2835310689713877,326418414.9215698,0.0,420
526,ABBV,AbbVie Inc. Common Stock,pharma_big,pharma_big,us_healthcare,False,,65.0,1248036754.4128418,True,0.008237396965166578,1.9736233542986703,0.5611836931777026,2.4521992041842466,1150260543.0343628,-4.365674373191042,420
527,DVN,Devon Energy Corporation Common Stock,energy_oil_gas,energy_oil_gas,us_energy_materials,False,,137.0,682576961.3697052,True,0.008150968966998632,-13.082955576487675,-3.601862834114955,19.820725847128486,632573196.4544296,0.973448255670073,420
528,TXRH,"Texas Roadhouse, Inc. - Common Stock",us_unclassified,us_unclassified_stock,us_unclassified,False,,559.0,171893267.29736328,True,0.007457052578952961,-0.33082670741609865,-0.5915004474581709,2.1144377297610095,187805643.9104538,5.494363682944403,420
529,CMS,CMS Energy Corporation Common Stock,energy_oil_gas,energy_oil_gas,us_energy_materials,False,,513.0,190577958.0150604,True,0.007120796706206839,0.5894452682168927,-4.381599391477076,5.019447404241162,228098272.2682953,13.11048492081699,420
530,IBN,ICICI Bank Limited Common Stock,fin_bank,fin_bank,us_finance,False,,530.0,183540789.4277573,True,0.005965075579852304,8.800623839659117,2.3862766477657615,-9.581829681747866,191762490.8302307,1.5801571899578093,420
531,AMP,"Ameriprise Financial, Inc. Common Stock",us_unclassified,us_unclassified_stock,us_unclassified,False,,365.0,275362842.5903321,True,0.00565017920275841,2.221882893304339,2.6652523519428595,-5.1963071271659445,275126598.5626221,2.2035456503217254,420
532,PPL,PPL Corporation Common Stock,us_unclassified,us_unclassified_stock,us_unclassified,False,,372.0,271203513.2343292,True,0.005617615000849738,-0.16929334344988334,-6.855793620367178,6.558225706647258,331477155.63812256,20.41170871278366,420
533,DT,"Dynatrace, Inc. Common Stock",us_unclassified,us_unclassified_stock,us_unclassified,False,,448.0,223062610.5649948,True,0.005558529078741466,3.8876330037244777,6.18095330306927,-10.646306641879299,198946336.55929565,-3.4152601878209565,420
534,MEDP,"Medpace Holdings, Inc. - Common Stock",us_unclassified,us_unclassified_stock,us_unclassified,False,,625.0,150895049.35913086,True,0.005548842568123113,9.085741468576458,7.033908030052394,-12.68379789699745,121466615.41442871,-12.565731761771948,420
535,WRB,W.R. Berkley Corporation Common Stock,us_unclassified,us_unclassified_stock,us_unclassified,False,,728.0,118328425.49476624,True,0.005267828749456127,-1.553337619836781,-1.6884950280110944,2.6378995585201404,136072170.34518814,9.377982718879263,420
536,SRE,DBA Sempra Common Stock,us_unclassified,us_unclassified_stock,us_unclassified,False,,315.0,311763180.8937073,True,0.005002334801672081,-0.8418944355720437,-1.0857595287861566,5.129711747680221,304889939.57977295,-1.2522378168466797,420
537,AMCR,Amcor plc Ordinary Shares,us_unclassified,us_unclassified_stock,us_unclassified,False,,562.0,170647416.05377197,True,0.003974406478800861,7.849833726670785,-1.0166219774224383,-0.26169801966139383,137010959.72995758,-6.496217026986251,420
538,ES,Eversource Energy (D/B/A) Common Stock,energy_oil_gas,energy_oil_gas,us_energy_materials,False,,620.0,151958536.86714172,True,0.003885210138499233,0.7820322407922964,-5.419600053104389,4.3184677476288735,187890695.80574036,15.913176526812212,420
539,BWXT,"BWX Technologies, Inc. Common Stock",us_unclassified,us_unclassified_stock,us_unclassified,False,,481.0,206507717.78945923,True,0.0037216875355282376,1.3520133153374747,-1.4555497730052491,10.18833900243159,165348467.3324585,-17.90321262270207,420
540,BRK-B,Berkshire Hathaway Inc. New Common Stock,us_unclassified,us_unclassified_stock,us_unclassified,False,,32.0,2206450703.791809,True,0.003471139196770919,1.7799953560482473,-1.240115863680502,-1.1476678702800225,2486989302.3406982,8.360839546936738,420
541,LNG,"Cheniere Energy, Inc. Common Stock",energy_oil_gas,energy_oil_gas,us_energy_materials,False,,149.0,635415982.5531006,True,0.0033617961289264427,-6.825086034995609,-5.177920017255921,21.443503182354128,484421532.913208,-13.296149679316017,420
542,LH,Labcorp Holdings Inc. Common Stock,us_unclassified,us_unclassified_stock,us_unclassified,False,,632.0,147654784.1720581,True,0.002987220826193437,-0.6215546655484849,0.8976399979802707,3.0518882050404317,137265503.1982422,-7.43877034622189,420
543,COST,Costco Wholesale Corporation - Common Stock,retail,retail,us_consumer,False,,46.0,1713629316.1315918,True,0.0012726350814094428,-11.411439040995464,-2.612750849443146,10.130186947823262,2098629306.0760498,10.52742461633638,420
544,DEO,Diageo plc Common Stock,us_unclassified,us_unclassified_stock,us_unclassified,False,,743.0,114275399.15542604,True,0.0011412957877973522,-5.4863788153805775,6.760884803432066,-4.052719490834866,96147636.54441833,-8.178129469798623,420
545,PFE,"Pfizer, Inc. Common Stock",pharma_big,pharma_big,us_healthcare,False,,91.0,942164920.2522278,True,0.0008572151460400114,-2.24894071525793,-0.9606100090106207,6.780863612881705,827029717.0327301,-7.274317415100596,420
546,NEE,"NextEra Energy, Inc. Common Stock",power_generation,utility_defensive,us_defensive_assets,True,power_generation,114.0,786951770.804596,True,0.0003992287267672902,-1.7219856133140587,-7.511181474869288,7.25576561994985,974195576.0658264,19.504102540432577,420
547,WMT,Walmart Inc. - Common Stock,retail,retail,us_consumer,False,,31.0,2237582768.6763763,True,6.36097789930394e-05,-10.447080749484627,-3.4726479955488165,5.3575034298841695,2819641173.5221863,23.190928683221546,420
548,CNH,CNH Industrial N.V. Common Shares,us_unclassified,us_unclassified_stock,us_unclassified,False,,613.0,154580357.92803764,True,-0.0006185806321473419,0.9652546793790018,-2.6976753934617514,11.752131322793979,112227599.32336807,-19.789879027312406,420
549,CVNA,Carvana Co. Class A Common Stock,us_unclassified,us_unclassified_stock,us_unclassified,False,,112.0,790815360.5031967,True,-0.0012478064038390774,2.5419716582877783,15.876161557330871,-25.68974146278299,657157982.3425293,-13.550123071446073,420
550,DUK,Duke Energy Corporation (Holding Company) Common Stock,power_generation,utility_defensive,us_defensive_assets,True,power_generation,237.0,426690372.6825714,True,-0.0014983970324989825,0.04038692572798652,-4.974089731351439,9.623416309826794,394847163.50135803,-3.2543078674404646,420
551,WMS,"Advanced Drainage Systems, Inc. Common Stock",us_unclassified,us_unclassified_stock,us_unclassified,False,,727.0,118572844.5739746,True,-0.0021441999052828446,7.52027563285278,-2.855499716291665,-6.628434569905794,129011259.1140747,12.236083977088574,420
552,RTX,RTX Corporation Common Stock,us981a_ai_theme,aerospace_defense,us_industrial,True,us981a_ai_theme,86.0,970980197.782898,True,-0.0022550805236515193,6.590283641778294,-8.896109350142623,7.946096280324655,1016923131.4620972,4.731603567622056,420
553,NDAQ,"Nasdaq, Inc. - Common Stock",us_unclassified,us_unclassified_stock,us_unclassified,False,,399.0,250074624.8714447,True,-0.0023936112427126073,-8.63237872242355,3.1450230357809694,-4.427132831617142,288130569.75631714,11.786374620162988,420
554,RIG,Transocean Ltd (Switzerland) Common Stock,us_unclassified,us_unclassified_stock,us_unclassified,False,,450.0,222015368.77059937,True,-0.0024273461058967917,-27.656678032801196,-3.9808915867477257,35.505628500333145,164802822.4924326,-17.964049150762484,420
555,NYT,New York Times Company (The) Common Stock,us_unclassified,us_unclassified_stock,us_unclassified,False,,628.0,149166279.58221436,True,-0.002705006591608241,-1.7086025039358188,-4.683087703823485,13.97388438383469,125811342.00668335,-13.14861787611764,420
556,VRTX,Vertex Pharmaceuticals Incorporated - Common Stock,biotech,biotech,us_healthcare,False,,176.0,538073962.4725342,True,-0.0029787166321240885,4.922870161048909,-6.920711103667476,1.8374862359797017,603328704.309082,13.72502742233248,420
557,SUI,"Sun Communities, Inc. Common Stock",us_unclassified,us_unclassified_stock,us_unclassified,False,,800.0,99790681.60438536,True,-0.003106267425832237,-3.683225350011421,-5.943048124256311,4.062237445751138,124159093.96133423,20.84830621896616,420
558,BRK-A,Berkshire Hathaway Inc. Common Stock,us_unclassified,us_unclassified_stock,us_unclassified,False,,769.0,107256500.0,True,-0.0038235456471885153,1.7715443094167949,-1.3635160359748877,-1.319978269727018,144510500.0,2.0691335701824354,420
559,ADP,"Automatic Data Processing, Inc. - Common Stock",us_unclassified,us_unclassified_stock,us_unclassified,False,,152.0,628238229.9499512,True,-0.004112715783580941,-1.0331228211854504,8.904013280300727,-11.946036902110812,525409551.47857666,-12.249437647286276,420
560,SYY,Sysco Corporation Common Stock,us_unclassified,us_unclassified_stock,us_unclassified,False,,368.0,273223976.7242432,True,-0.0042007753941185385,4.293662739304516,-5.499494796828297,11.355182483698488,234150534.5402527,-16.428330496246456,420
561,PEN,"Penumbra, Inc. Common Stock",us_unclassified,us_unclassified_stock,us_unclassified,False,,609.0,156421361.6906891,True,-0.006921989118854713,-3.109534035050565,-4.9762629917667445,10.858811410857093,134342455.64575195,-5.4567661129459655,420
562,MCO,Moody's Corporation Common Stock,us_unclassified,us_unclassified_stock,us_unclassified,False,,201.0,487946944.6731568,True,-0.007854182142420656,1.4405709528728883,3.8465199415004703,-8.746123498540149,426536455.279541,-6.179355038568179,420
563,BAM,Brookfield Asset Management Inc Class A Limited Voting Shares,us_unclassified,us_unclassified_stock,us_unclassified,False,,594.0,160902108.253479,True,-0.007884479891097087,-1.2900597770823197,8.06675844105682,-13.488962530380434,138424759.92393494,-7.882366995737056,420
564,DIS,Walt Disney Company (The) Common Stock,us_unclassified,us_unclassified_stock,us_unclassified,False,,102.0,859621850.2212524,True,-0.008137603003349935,-0.18255422565677248,0.9152127425543943,-5.607463689765102,853718729.7645569,2.1277073308815897,420
565,MLM,"Martin Marietta Materials, Inc. Common Stock",materials_mining,materials_mining,us_energy_materials,False,,338.0,293315155.380249,True,-0.00850042654729525,12.387914142210409,-3.716570010609477,-7.479517209957076,282316481.1035156,2.147103240919268,420
566,FIVE,"Five Below, Inc. - Common Stock",us_unclassified,us_unclassified_stock,us_unclassified,False,,432.0,229947602.63519287,True,-0.008507315546083522,-11.738753869002194,-6.9391317528912815,15.187638553097083,259481752.73590088,8.227188697188925,420
567,HD,"Home Depot, Inc. (The) Common Stock",housing_building,housing_building,us_consumer,False,,60.0,1329659654.675293,True,-0.00978035110351717,7.630888412546422,-3.8119916175478274,-4.946973262850484,1467658476.9805908,4.479267507481421,420
568,KMI,"Kinder Morgan, Inc. Common Stock",us_unclassified,us_unclassified_stock,us_unclassified,False,,262.0,375684363.4534836,True,-0.010183216629273482,-5.95415299468498,-5.126086380492046,16.973048208982533,273948836.1977577,-17.640142450145646,420
569,MDGL,"Madrigal Pharmaceuticals, Inc. - Common Stock",biotech,biotech,us_healthcare,False,,659.0,140590009.74731445,True,-0.010209991214784206,-1.5034902026604513,8.102930481789294,-14.377525019489445,130672468.52264404,-7.722385428791512,420
570,CRH,CRH PLC Ordinary Shares,us_unclassified,us_unclassified_stock,us_unclassified,False,,166.0,561696346.698761,True,-0.011182907696930151,9.650075120773028,5.496072961266285,-14.639930992688333,405172674.0711212,-18.615558782453657,420
571,CCK,"Crown Holdings, Inc.",us_unclassified,us_unclassified_stock,us_unclassified,False,,764.0,108507241.75720216,True,-0.011565789682242263,4.282631253280589,-5.563629056577691,4.391286315918941,100875638.76152039,-6.072937224001185,420
572,MSI,"Motorola Solutions, Inc. Common Stock",us_unclassified,us_unclassified_stock,us_unclassified,False,,228.0,439265891.6168213,True,-0.011838081753913342,-0.18943220210233536,-11.331993475185808,10.836811511670707,442451582.2616577,12.442724509450699,420
573,FE,FirstEnergy Corp. Common Stock,energy_oil_gas,energy_oil_gas,us_energy_materials,False,,477.0,210221775.4440308,True,-0.013105033418338023,2.222716035992156,-7.218918505299266,6.325983461854912,204268013.7851715,-0.8802908711129209,420
574,HIG,"The Hartford Insurance Group, Inc. Common Stock",us_unclassified,us_unclassified_stock,us_unclassified,False,,534.0,181811413.99612427,True,-0.01335688855505622,-6.174557239490985,-4.471400641230128,-0.8386762561171435,228187300.07247925,21.210219449754184,420
575,CMG,"Chipotle Mexican Grill, Inc. Common Stock",us_unclassified,us_unclassified_stock,us_unclassified,False,,183.0,533462783.0640793,True,-0.013394110720713084,-1.4259630432674197,-4.02334557137215,-7.352503930902521,625837586.8469238,25.944130264252728,420
576,CTAS,Cintas Corporation - Common Stock,us_unclassified,us_unclassified_stock,us_unclassified,False,,277.0,356081360.23101807,True,-0.013675667131744191,-0.29761584093104254,-5.632546476593603,-0.19436651111819359,395062791.5237427,12.75193997258459,420
577,EXC,Exelon Corporation - Common Stock,power_generation,us_unclassified_stock,us_unclassified,True,power_generation,272.0,366708411.4517212,True,-0.013792878764387714,2.0949464314301114,-8.023446356975638,4.889595410737924,360840702.6872635,5.898748452297631,420
578,COF,Capital One Financial Corporation Common Stock,us_unclassified,us_unclassified_stock,us_unclassified,False,,107.0,827596797.189331,True,-0.014948327106469933,7.637666708366275,3.026998122655966,-20.488306685416845,888637147.7096558,7.375614638387784,420
579,IONS,"Ionis Pharmaceuticals, Inc. - Common Stock",biotech,biotech,us_healthcare,False,,667.0,138705756.23512268,True,-0.015110622820438051,-1.2523245971037156,2.0458991316790964,-6.391073898705713,121642170.53985596,-5.834834972022273,420
580,PEG,Public Service Enterprise Group Incorporated Common Stock,us_unclassified,us_unclassified_stock,us_unclassified,False,,474.0,211140474.3637085,True,-0.015243223318857824,2.3443529186393475,-4.47435720478675,0.9061159012180742,202990581.38580322,-2.0626114876413304,420
581,VICI,VICI Properties Inc. Common Stock,us_unclassified,us_unclassified_stock,us_unclassified,False,,458.0,217208045.8267212,True,-0.015390861082838866,-7.464785071692493,-2.108114468577227,2.7697128020333306,217086699.07770157,2.1009421640603154,420
582,MP,MP Materials Corp. Common Stock,materials_mining,materials_mining,us_energy_materials,False,,288.0,345580328.02467346,True,-0.0159335068636048,7.752214279849978,-4.747623741588358,-4.4132387213583595,371470116.0194397,0.959468217238757,420
583,IOT,Samsara Inc. Class A Common Stock,us_unclassified,us_unclassified_stock,us_unclassified,False,,567.0,166990093.73779297,True,-0.0161204585339852,3.460664062468388,1.2554855728774905,-26.330217750476812,226959183.88671875,37.13407263932136,420
584,OMC,Omnicom Group Inc. Common Stock,us_unclassified,us_unclassified_stock,us_unclassified,False,,321.0,308878911.3872528,True,-0.0162513696871795,-0.7373383410524181,-2.9778041524429533,5.269693949941989,240141727.20870972,-14.550809193936342,420
585,CBRE,CBRE Group Inc Common Stock Class A,us_unclassified,us_unclassified_stock,us_unclassified,False,,379.0,262741479.60128784,True,-0.0185544839118574,0.3279499318055823,0.053100217053492216,-15.453147000462696,305097002.38723755,19.183532748947464,420
586,ASND,Ascendis Pharma A/S - Ordinary Share,us_unclassified,us_unclassified_stock,us_unclassified,False,,696.0,128717566.11328126,True,-0.019867495375170924,-4.354849865880228,-5.855634568350732,9.64756179099362,119992262.940979,-8.926344563316224,420
587,BBIO,"BridgeBio Pharma, Inc. - Common Stock",us_unclassified,us_unclassified_stock,us_unclassified,False,,604.0,156938400.0,True,-0.019922378628143462,-2.8584059553563024,-0.6325393997379414,-5.748563167918008,167667745.93467712,3.0122685011849004,420
588,ORLY,"O'Reilly Automotive, Inc. - Common Stock",us_unclassified,us_unclassified_stock,us_unclassified,False,,200.0,488574776.6819,True,-0.020423543023838513,-5.8338807325939435,-3.0974454493797765,-4.403184642842339,598160992.1467323,16.190684570664217,420
589,WBD,"Warner Bros. Discovery, Inc. - Series A Common Stock",us_unclassified,us_unclassified_stock,us_unclassified,False,,167.0,559216062.4681015,True,-0.020596463221360346,-4.449304558570177,-2.078015634278607,-4.953997194591231,570953427.638771,10.038209236511818,420
590,LEN,Lennar Corporation Class A Common Stock,us_unclassified,us_unclassified_stock,us_unclassified,False,,413.0,240417506.9595337,True,-0.02059968942251841,2.7717396243377213,3.1482492634331782,-18.184652174759066,241215290.82946777,5.151340080254507,420
591,PCG,Pacific Gas & Electric Co. Common Stock,energy_oil_gas,energy_oil_gas,us_energy_materials,False,,276.0,359508068.9695358,True,-0.022388578008122564,1.0423058360543136,-6.817017641451595,12.679697433344561,243684137.3210907,-25.495853877060416,420
592,STZ,"Constellation Brands, Inc. Common Stock",us_unclassified,us_unclassified_stock,us_unclassified,False,,350.0,286496352.87323,True,-0.02273892906259759,-6.614631885480959,-2.862062440987967,1.145778168003675,293432366.5054321,0.5051702728009921,420
593,AIG,"American International Group, Inc. New Common Stock",us_unclassified,us_unclassified_stock,us_unclassified,False,,354.0,283329333.7966919,True,-0.023233424071703566,-5.139051901785252,-1.5897982701299385,-0.9962788696510128,248709908.50601196,-3.310530878420803,420
594,TPG,TPG Inc. - Class A Common Stock,us_unclassified,us_unclassified_stock,us_unclassified,False,,734.0,116749138.42887878,True,-0.024131150454344392,3.4185917237205876,10.757908315685905,-33.07939696076464,103366531.79092407,3.319571079539463,420
595,FND,"Floor & Decor Holdings, Inc. Common Stock",us_unclassified,us_unclassified_stock,us_unclassified,False,,662.0,140334357.3961258,True,-0.02453259759007343,12.733838748273296,-3.499642355023702,-12.355335297285851,132940977.22053528,-3.363546245798732,420
596,WM,"Waste Management, Inc. Common Stock",us_unclassified,us_unclassified_stock,us_unclassified,False,,231.0,437017793.85375977,True,-0.025364458418226318,-2.272412367408938,-7.941857059374991,4.944795119495238,455922581.3303528,2.556735285040923,420
597,EXPE,"Expedia Group, Inc. - Common Stock",us_unclassified,us_unclassified_stock,us_unclassified,False,,268.0,370741845.8816528,True,-0.025371566758686473,10.712807551316006,-1.3134154687193367,-13.825774380697965,337438365.4602051,-6.322376300336563,420
598,PEP,"PepsiCo, Inc. - Common Stock",us_unclassified,us_unclassified_stock,us_unclassified,False,,97.0,904073606.968689,True,-0.025535652636085687,-4.869709518800791,-9.524112315675392,0.2586430139936535,1240939642.7848816,26.415664287071028,420
599,OWL,Blue Owl Capital Inc. Class A Common Stock,us_unclassified,us_unclassified_stock,us_unclassified,False,,434.0,229647094.14215088,True,-0.027985440159614836,-2.0554965948042514,15.549641866319819,-39.136417036115155,235932289.49084282,3.9932072218423764,420
600,MA,Mastercard Incorporated Common Stock,fin_payment,fin_payment,us_finance,False,,47.0,1674630157.223511,True,-0.028258766899197423,-1.6564934259203912,-2.003565549771713,-9.203213195969484,1922408996.1120605,7.0782979165397775,420
601,ONON,On Holding AG Class A Ordinary Shares,us_unclassified,us_unclassified_stock,us_unclassified,False,,453.0,218997554.26273343,True,-0.028320581515691192,2.7212751268626434,3.292940016195378,-17.121120384053167,189501942.63038635,-5.778560882162765,420
602,AZN,AstraZeneca PLC Ordinary Shares,us_unclassified,us_unclassified_stock,us_unclassified,False,,283.0,348722441.47186285,True,-0.028578374160133053,-6.684099855608849,-5.309091543222399,2.5274608230054785,369735276.2107849,2.362085438071748,420
603,JLL,Jones Lang LaSalle Incorporated Common Stock,us_unclassified,us_unclassified_stock,us_unclassified,False,,716.0,121492025.57678224,True,-0.028856999845309917,1.4537794025769823,1.2542922637696297,-8.38971536230051,98241735.92529297,-16.43458543167594,420
604,ACGL,Arch Capital Group Ltd. - Common Stock,us_unclassified,us_unclassified_stock,us_unclassified,False,,529.0,184469034.3353272,True,-0.028945561184002603,-5.844688400200049,-3.2795626483246076,-0.8594440070324838,200561353.2798767,-0.34954244856055805,420
605,BJ,"BJ's Wholesale Club Holdings, Inc. Common Stock",us_unclassified,us_unclassified_stock,us_unclassified,False,,541.0,179523996.9215393,True,-0.029949783025984247,-10.62401406977196,-7.946951377940659,0.6308097509673205,228112600.4547119,25.482501936874336,420
606,CE,Celanese Corporation Common Stock,us_unclassified,us_unclassified_stock,us_unclassified,False,,701.0,128066733.06865692,True,-0.03126931483655207,-4.373832060911942,-13.265338466427746,28.665426461212018,74445331.12812042,-34.49119376883337,420
607,BAH,Booz Allen Hamilton Holding Corporation Common Stock,us_unclassified,us_unclassified_stock,us_unclassified,False,,726.0,118687137.64343262,True,-0.0312693957539691,-14.31891126516348,0.1167116290731185,-14.073864107270717,149021135.6525421,32.02788471370561,420
608,GILD,"Gilead Sciences, Inc. - Common Stock",us_unclassified,us_unclassified_stock,us_unclassified,False,,119.0,758898210.736084,True,-0.03128361391273857,-5.302624665787093,-13.395545033823698,6.056417180033957,996839759.3307495,24.460545120957367,420
609,TEAM,Atlassian Corporation  - Class A Common Stock,us_unclassified,us_unclassified_stock,us_unclassified,False,,219.0,453465025.53482056,True,-0.03155684838314146,-4.070511422458656,21.625308702337097,-44.73700828669166,415106831.54418564,-8.887193982011944,420
610,AWK,"American Water Works Company, Inc. Common Stock",us_unclassified,us_unclassified_stock,us_unclassified,False,,442.0,226817136.2380981,True,-0.03269022957587016,2.2147753113392676,-9.337983548243656,-1.5294055149149388,252186520.26557922,8.724659555835101,420
611,WCN,"Waste Connections, Inc. Common Shares",us_unclassified,us_unclassified_stock,us_unclassified,False,,461.0,215913842.02957156,True,-0.0328951408935459,-1.9174382652297983,-6.67470872719279,-7.232557351866276,290519817.1432495,19.057318288946945,420
612,TMO,Thermo Fisher Scientific Inc Common Stock,us_unclassified,us_unclassified_stock,us_unclassified,False,,92.0,940925328.1661988,True,-0.03349632628958923,2.837596353210614,-0.04971575362887615,-15.461474120245578,930511644.268799,-0.2941128040665708,420
613,APP,Applovin Corporation - Class A Common Stock,us_unclassified,us_unclassified_stock,us_unclassified,False,,37.0,1897488539.672852,True,-0.033707991594608334,-2.6063712689796015,6.507471485491556,-33.955727063973285,2706730418.157959,27.110446918572073,420
614,ZBH,"Zimmer Biomet Holdings, Inc. Common Stock",us_unclassified,us_unclassified_stock,us_unclassified,False,,539.0,179719600.65574646,True,-0.03471091263273595,3.0335020503663435,-5.630587364928097,-5.051596998491603,169535680.22994995,-2.8112810950631895,420
615,VST,Vistra Corp. Common Stock,power_generation,us_unclassified_stock,us_unclassified,True,power_generation,140.0,676479057.1174622,True,-0.03517784015976227,13.715277777777768,-8.146581554861998,-10.93740599982026,686460321.748352,1.3947362811118413,420
616,MRSH,Marsh Common Stock,us_unclassified,us_unclassified_stock,us_unclassified,False,,203.0,485906922.3464966,True,-0.03565249577751874,-0.5937086495981458,-1.0912928498445051,-6.28199905600606,394532827.82440186,-13.849263014007029,420
617,MTD,"Mettler-Toledo International, Inc. Common Stock",us_unclassified,us_unclassified_stock,us_unclassified,False,,500.0,196291895.68481445,True,-0.036348236683307784,5.742277827180775,-2.290239726027399,-16.783336729070797,212115807.7392578,4.431628252130948,420
618,SPOT,Spotify Technology S.A. Ordinary Shares,us_unclassified,us_unclassified_stock,us_unclassified,False,,105.0,832757947.6669312,True,-0.036981715241642316,8.02178036105281,-4.629211033854153,-17.581017503811402,937949451.0559082,11.758717448124244,420
619,CLX,Clorox Company (The) Common Stock,us_unclassified,us_unclassified_stock,us_unclassified,False,,416.0,238377741.6240692,True,-0.03733454670585047,1.633779843651606,-8.452940585896783,-0.7674431876776744,237381395.74813843,-0.6452657874239653,420
620,TSLA,"Tesla, Inc.  - Common Stock",space_ev_defense,us_unclassified_stock,us_unclassified,True,space_ev_defense,2.0,22976586689.99176,True,-0.0408124009382753,-4.019081421358761,1.0480706889721025,-10.337627904652336,18909145477.615356,-11.646486434301407,420
621,SPGI,S&P Global Inc. Common Stock,us_unclassified,us_unclassified_stock,us_unclassified,False,,106.0,831228295.489502,True,-0.04373670105506951,-1.4603957207917961,-1.5153718570785735,-15.574592925527597,874746830.6671143,4.939746057186656,420
622,CF,"CF Industries Holdings, Inc. Common Stock",us_unclassified,us_unclassified_stock,us_unclassified,False,,211.0,464321686.693573,True,-0.04398457907285902,-16.520683083869248,-21.327175458866478,40.24281923668802,296081816.75491333,-15.577971431941428,420
623,POOL,Pool Corporation - Common Stock,us_unclassified,us_unclassified_stock,us_unclassified,False,,638.0,146559406.35910034,True,-0.044264137974300864,9.437388488866327,-5.067387937560641,-16.449393138960243,157287889.84680176,0.7878136143899761,420
624,SGI,Somnigroup International Inc. Common Stock,us_unclassified,us_unclassified_stock,us_unclassified,False,,473.0,211272815.10772705,True,-0.04429641942424476,14.621479818319806,-5.379557746444574,-19.401305717065387,198162786.96517944,-0.8281049092203285,420
625,RSG,"Republic Services, Inc. Common Stock",us_unclassified,us_unclassified_stock,us_unclassified,False,,296.0,337919534.11483765,True,-0.04525423566927228,-3.421298120285421,-7.5910249175759725,-0.029577384343038027,347176675.8666992,-4.1780838387519665,420
626,LPLA,LPL Financial Holdings Inc. - Common Stock,us_unclassified,us_unclassified_stock,us_unclassified,False,,377.0,265776308.49609372,True,-0.04564028131122763,3.6751008614948955,-1.3389855127039496,-23.669944437439796,286395280.44433594,12.209812866549829,420
627,TSN,"Tyson Foods, Inc. Common Stock",us_unclassified,us_unclassified_stock,us_unclassified,False,,576.0,164745297.30148315,True,-0.04669334850468615,-16.626575641516617,-8.831721280448212,0.3214191165379576,215032019.85588074,25.49900074901914,420
628,CCJ,Cameco Corporation Common Stock,us_unclassified,us_unclassified_stock,us_unclassified,False,,271.0,369190565.24314886,True,-0.0468191634157224,2.374544607205342,-14.163054118675255,6.008998043782721,326997939.1620636,-2.857004205551228,420
629,AVY,Avery Dennison Corporation Common Stock,us_unclassified,us_unclassified_stock,us_unclassified,False,,772.0,106980285.1989746,True,-0.04819062209969033,0.22737830653665192,-7.1691684115841925,-7.7502998782044035,104868756.38122559,2.9916288348762476,420
630,BKNG,Booking Holdings Inc. - Common Stock,us_unclassified,us_unclassified_stock,us_unclassified,False,,67.0,1232978947.7653503,True,-0.048505464314990865,9.448870416955302,-3.0338786126571593,-21.10721525615751,1179030444.2199707,-0.9827132515504822,420
631,MKL,Markel Group Inc. Common Stock,us_unclassified,us_unclassified_stock,us_unclassified,False,,763.0,108586787.60681152,True,-0.04895221707065045,-0.6155139113591779,-6.041580005356206,-11.519828679210631,132198007.91625975,8.265492474197412,420
632,LMT,Lockheed Martin Corporation Common Stock,space_ev_defense,aerospace_defense,us_industrial,True,space_ev_defense,125.0,736766169.5770264,True,-0.0503151575257251,-2.2273702233618575,-15.95362064972714,18.13738045578488,558218826.6662598,-19.412575294691447,420
633,ELF,"e.l.f. Beauty, Inc. Common Stock",us_unclassified,us_unclassified_stock,us_unclassified,False,,610.0,155923811.22436523,True,-0.051324058322838616,26.577278002975934,-16.395702983831107,-21.622317566114692,225179371.03271484,23.3578430137362,420
634,HAS,"Hasbro, Inc. - Common Stock",us_unclassified,us_unclassified_stock,us_unclassified,False,,633.0,147165638.63182068,True,-0.051611389012611336,-4.356659906127447,-11.923040578816835,5.619275056619366,143370863.63182068,-3.2925742372291067,420
635,PAYC,"Paycom Software, Inc. Common Stock",us_unclassified,us_unclassified_stock,us_unclassified,False,,691.0,129454872.90992735,True,-0.05169581083708166,-9.268961612428583,4.723465823238038,-18.277720759550675,108153370.61920166,-8.719181917918972,420
636,GPC,Genuine Parts Company Common Stock,us_unclassified,us_unclassified_stock,us_unclassified,False,,519.0,187854997.01690677,True,-0.05262607391209173,14.45719232500755,-4.438837403211105,-18.44091180949643,146468944.13757324,-15.463410723915782,420
637,TEM,"Tempus AI, Inc. - Class A Common Stock",us_unclassified,us_unclassified_stock,us_unclassified,False,,410.0,242741816.2460327,True,-0.05281901158392964,10.810808563645956,0.12114147944637388,-34.646808187181186,321907687.58945465,11.631255099222738,420
638,RUN,Sunrun Inc. - Common Stock,us_unclassified,us_unclassified_stock,us_unclassified,False,,775.0,106392648.55408669,True,-0.053131707333798815,-1.2417759520111593,4.845446205240744,-29.77056742391713,108521679.66661453,1.97375520643297,420
639,FICO,Fair Isaac Corporation Common Stock,us_unclassified,us_unclassified_stock,us_unclassified,False,,275.0,361099982.3730469,True,-0.0539229418164509,-10.871950946036746,8.389568626181564,-32.32991940539562,393185208.69140625,10.892699771294613,420
640,LYFT,"Lyft, Inc. - Class A Common Stock",us_unclassified,us_unclassified_stock,us_unclassified,False,,514.0,190501517.84648892,True,-0.054716645905867195,6.96628707810627,5.868727722591083,-37.05234340716383,179703940.25769234,-2.4276362958300157,420
641,LHX,"L3Harris Technologies, Inc. Common Stock",us_unclassified,us_unclassified_stock,us_unclassified,False,,224.0,441857760.8062744,True,-0.05880862149481152,-4.635286060223532,-12.772435126697236,12.938466277515094,294823300.1144409,-24.408256998014632,420
642,BDX,"Becton, Dickinson and Company Common Stock",us_unclassified,us_unclassified_stock,us_unclassified,False,,243.0,418823003.57666016,True,-0.059886674685352415,-2.0210964834175504,-7.692788575876985,-0.10262086658769931,322364150.4562378,-20.97038096060163,420
643,STE,STERIS plc (Ireland) Ordinary Shares,us_unclassified,us_unclassified_stock,us_unclassified,False,,598.0,158377792.71850586,True,-0.06005936887020786,-6.186044605657404,-2.4158251638154993,-19.249425425962542,170364810.5354309,11.307497143183042,420
644,SNAP,Snap Inc. Class A Common Stock,us_unclassified,us_unclassified_stock,us_unclassified,False,,439.0,227808094.09148693,True,-0.06088329023162011,-17.081851560419935,14.623651922417679,-32.70202181361399,220215464.75057602,-10.770966227624811,420
645,GPN,Global Payments Inc. Common Stock,us_unclassified,us_unclassified_stock,us_unclassified,False,,469.0,212856646.6140747,True,-0.06200238080006866,-5.51003333306026,-7.334749317177314,-15.349376422945216,279711664.56489563,20.397498850712804,420
646,IDXX,"IDEXX Laboratories, Inc. - Common Stock",us_unclassified,us_unclassified_stock,us_unclassified,False,,320.0,309642933.38623047,True,-0.062287048992623474,1.5372682363720358,-2.3283990680334488,-20.191403442768387,323486546.7224121,-4.405281052296061,420
647,PSKY,Paramount Skydance Corporation - Class B Common Stock,us_unclassified,us_unclassified_stock,us_unclassified,False,,784.0,104850588.04779053,True,-0.0625492175797264,-1.8756222301198222,7.08046534230431,-28.045822585209113,75645302.87772655,-20.545510696833368,420
648,VRSK,"Verisk Analytics, Inc. - Common Stock",us_unclassified,us_unclassified_stock,us_unclassified,False,,306.0,320801348.147583,True,-0.06277401535729686,1.8399152245802908,-8.117391799045603,-15.594039224902556,375782187.1307373,9.059515351504178,420
649,B,Barrick Mining Corporation Common Shares,materials_mining,materials_mining,us_energy_materials,False,,188.0,515187389.71710205,True,-0.06402909410449512,-1.4655556772042777,-12.115088786239536,-3.6203885469785257,538463959.3288422,2.4708881554376783,420
650,TAP,Molson Coors Beverage Company Class B Common Stock,us_unclassified,us_unclassified_stock,us_unclassified,False,,708.0,124567215.55271149,True,-0.06405710145254725,-7.857803853004974,-6.317231422035174,-8.55502842539787,134379320.98884583,1.4736187161156655,420
651,BBAI,"BigBear.ai, Inc. Common Stock",us_unclassified,us_unclassified_stock,us_unclassified,False,,665.0,139275375.0,True,-0.06562185816372557,-3.921564960883006,2.729519874701869,-38.30104555962277,184769581.21945858,25.69104622093896,420
652,CME,CME Group Inc. - Class A Common Stock,us_unclassified,us_unclassified_stock,us_unclassified,False,,153.0,626941674.1165161,True,-0.0661218177839124,-15.076516948343121,-15.749223747910435,-0.16100001766421457,929758261.9483948,35.30522302253134,420
653,NEM,Newmont Corporation,us_unclassified,us_unclassified_stock,us_unclassified,False,,95.0,915523078.365326,True,-0.0663777252109135,-3.3522660346230526,-14.753674461715505,3.929749092759849,819402839.050293,-3.1060307958472255,420
654,SOFI,"SoFi Technologies, Inc.  - Common Stock",us_unclassified,us_unclassified_stock,us_unclassified,False,,79.0,1013522577.4546624,True,-0.06675367925916188,14.149141659662012,-5.819212668070273,-37.86805768282946,1309246889.5663261,25.804638634903966,420
655,ICE,Intercontinental Exchange Inc. Common Stock,us_unclassified,us_unclassified_stock,us_unclassified,False,,210.0,468841355.46035767,True,-0.06748872572432599,-11.741049028905692,-12.418491536786203,-11.823693445202565,667694561.1358643,41.43581786202972,420
656,MDT,Medtronic plc. Ordinary Shares,medical_device,medical_device,us_healthcare,False,,126.0,736231243.4822083,True,-0.0685689813327785,1.522706063694268,-7.317612059803258,-18.107459607952315,816465076.5094757,6.583509828828404,420
657,AZO,"AutoZone, Inc. Common Stock",us_unclassified,us_unclassified_stock,us_unclassified,False,,128.0,730270713.8671875,True,-0.06905012795525726,-10.378553758723507,-14.737413072774007,-11.872382227739465,1256608507.2509766,47.70629395902144,420
658,DG,Dollar General Corporation Common Stock,us_unclassified,us_unclassified_stock,us_unclassified,False,,257.0,383604403.188324,True,-0.06939553755685775,8.450431398827352,-15.496727457096748,-8.099288128107885,388118878.72314453,3.6870935226926305,420
659,CG,The Carlyle Group Inc. - Common Stock,us_unclassified,us_unclassified_stock,us_unclassified,False,,606.0,156623389.286232,True,-0.06971480691263338,-1.1473973108235946,-0.9554351340138156,-21.63874882233494,130401072.82810211,-9.023682132086662,420
660,MCD,McDonald's Corporation Common Stock,consumer_brand,consumer_brand,us_consumer,False,,83.0,981980546.8017578,True,-0.06997957883430225,-0.5922873397723682,-12.083607855861988,-7.860364459046865,1176882261.8301392,5.232142344238588,420
661,AXON,"Axon Enterprise, Inc. - Common Stock",us_unclassified,us_unclassified_stock,us_unclassified,False,,242.0,421249808.7890625,True,-0.07075084216269165,6.264429099020652,-10.652779803693857,-18.3755616428812,474279590.88134766,10.596712863092407,420
662,MELI,"MercadoLibre, Inc. - Common Stock",us_unclassified,us_unclassified_stock,us_unclassified,False,,117.0,768442583.3312988,True,-0.07106946408712897,-0.9720159418864838,-4.1666666666666625,-22.390188617958895,830728896.697998,5.60003934154123,420
663,CPRT,"Copart, Inc. - Common Stock",us_unclassified,us_unclassified_stock,us_unclassified,False,,401.0,249387461.5091324,True,-0.07120516033858455,-8.504846535795462,-8.56638695964259,-19.198749803385283,340397595.01342773,32.350148559861246,420
664,GME,GameStop Corporation Common Stock,us_unclassified,us_unclassified_stock,us_unclassified,False,,647.0,143736718.15166473,True,-0.07128706327595387,-4.567622235676572,-9.20998760496663,-4.0242331484803495,126365770.18203735,-10.646291711050015,420
665,SYK,Stryker Corporation Common Stock,medical_device,medical_device,us_healthcare,False,,115.0,782558573.6709595,True,-0.07308471785874268,-4.258298191936194,-9.116860539031324,-12.026314774689794,800544692.6757812,6.523537887495157,420
666,GAP,"Gap, Inc. (The) Common Stock",us_unclassified,us_unclassified_stock,us_unclassified,False,,558.0,172148327.5505066,True,-0.07312253772903182,-5.156949138451427,-4.817146330523137,-15.292886403068717,151846097.00698853,-2.8992649571030538,420
667,AHR,"American Healthcare REIT, Inc. Common Stock",reit_infrastructure,reit_infrastructure,us_defensive_assets,False,,731.0,117877743.81065369,True,-0.07388055441189649,-9.984519769624178,-10.225775189735076,-4.842905991570412,110312222.23262787,4.211738460085734,420
668,AU,AngloGold Ashanti PLC Ordinary Shares,us_unclassified,us_unclassified_stock,us_unclassified,False,,398.0,251721297.0153809,True,-0.07509296496156122,-2.0797416397705604,-19.219184731311113,5.274476172874798,247735716.3799286,2.36665917669292,420
669,CDE,"Coeur Mining, Inc. Common Stock",materials_mining,materials_mining,us_energy_materials,False,,267.0,371938502.6483537,True,-0.07554909735533251,-1.1299273176589963,-24.304213441774316,2.1681214402763826,503255668.67313385,30.659414167278953,420
670,CPNG,"Coupang, Inc. Class A Common Stock",us_unclassified,us_unclassified_stock,us_unclassified,False,,259.0,380426385.3200913,True,-0.07864557615329722,15.236876644546339,-6.957933397117378,-35.94504342918757,404517086.60526276,12.053979417607241,420
671,MSFT,Microsoft Corporation - Common Stock,software_platform,cloud_platform,us_technology,True,software_platform,5.0,12695922190.809631,True,-0.0786711858537932,-9.698917194329393,-2.656288135891194,-20.312526964778776,13935407236.924744,3.4612625583229084,420
672,JOBY,"Joby Aviation, Inc. Common Stock",space_ev_defense,us_unclassified_stock,us_unclassified,True,space_ev_defense,441.0,227264692.14291573,True,-0.07998295087186588,-0.6951310520912801,-3.9014386383018684,-39.37823891802928,348955264.5778656,37.409382399748296,420
673,WLK,Westlake Corporation Common Stock,us_unclassified,us_unclassified_stock,us_unclassified,False,,710.0,123808440.04974364,True,-0.08005423576253479,-8.743289061338011,-23.135906881355982,28.918856535411663,75047215.45028687,-30.753218012285988,420
674,HSY,The Hershey Company Common Stock,us_unclassified,us_unclassified_stock,us_unclassified,False,,294.0,340686126.1001587,True,-0.08065997275496527,-9.542020438334408,-15.43838644448976,2.599216866484255,351601688.8381958,1.3987649556968407,420
675,MCK,McKesson Corporation Common Stock,us_unclassified,us_unclassified_stock,us_unclassified,False,,131.0,706463800.9399414,True,-0.08072729727715505,-0.5366496836108237,-16.643015941812223,-0.9013397003233337,677315167.3553467,-2.507076920970075,420
676,RRC,Range Resources Corporation Common Stock,us_unclassified,us_unclassified_stock,us_unclassified,False,,664.0,139309638.77105713,True,-0.08126843632815818,-13.52186833130572,-11.40721034808353,1.446413836953342,112993475.40683746,-6.508287691554204,420
677,META,"Meta Platforms, Inc. - Class A Common Stock",software_platform,mega_cap_platform,us_technology,True,software_platform,10.0,8391524068.322754,True,-0.08216798691985336,-4.601201032592261,-10.935812463619932,-13.411255017257663,10771656617.834473,9.773708774765023,420
678,SSNC,"SS&C Technologies Holdings, Inc. - Common Stock",us_unclassified,us_unclassified_stock,us_unclassified,False,,545.0,178582218.85375977,True,-0.08345161938307526,-2.648807827577493,-5.285233440602144,-21.233000850317886,170255433.3732605,-1.2879511194158977,420
679,VLTO,Veralto Corp Common Stock,us_unclassified,us_unclassified_stock,us_unclassified,False,,608.0,156590604.73692322,True,-0.08513406783272824,-2.517700123996469,-7.792902180180006,-15.789672544374344,160194809.70916748,-5.5564264129894125,420
680,DASH,"DoorDash, Inc. - Common Stock",us_unclassified,us_unclassified_stock,us_unclassified,False,,144.0,662121232.8918457,True,-0.08624083723314006,7.920121523494195,-4.426586498985707,-32.78403728613961,710540144.9272156,-0.20134781934373347,420
681,FNV,Franco-Nevada Corporation,us_unclassified,us_unclassified_stock,us_unclassified,False,,520.0,187377149.19433597,True,-0.08627390746017839,-2.633335348052701,-21.096772803753574,2.623987380469872,200099923.4451294,7.368272401643394,420
682,FISV,"Fiserv, Inc. - Common Stock",us_unclassified,us_unclassified_stock,us_unclassified,False,,278.0,355582087.178421,True,-0.088477907656756,-15.156885765268779,-5.368286673650635,-19.861044997757038,378139723.8954544,15.645766399602001,421
683,ROP,"Roper Technologies, Inc. - Common Stock",us_unclassified,us_unclassified_stock,us_unclassified,False,,241.0,422632351.4297485,True,-0.08859393578855257,2.2097099394446262,-3.812749390284953,-24.14637158480971,340479993.1427002,-15.490054449135249,420
684,T,AT&T Inc.,us_unclassified,us_unclassified_stock,us_unclassified,False,,93.0,940560094.1067696,True,-0.08896282939630829,-11.712795990972024,-15.148883908105748,-4.066936142578214,1069744973.5258102,12.800080528557167,420
685,ALLE,Allegion plc Ordinary Shares,us_unclassified,us_unclassified_stock,us_unclassified,False,,689.0,130479718.62182616,True,-0.08945958116047699,3.3423654345986487,-8.354391616970592,-15.127865312409828,104394257.0968628,-20.729886472282068,420
686,TMUS,"T-Mobile US, Inc. - Common Stock",us_unclassified,us_unclassified_stock,us_unclassified,False,,81.0,1003575862.6693728,True,-0.09076273331211715,-4.464664140546438,-13.318089491657458,-7.269186861813659,962450058.7768555,-3.729035164031569,420
687,DNN,Denison Mines Corp Ordinary Shares (Canada),us_unclassified,us_unclassified_stock,us_unclassified,False,,773.0,106710407.64480828,True,-0.09265663338746721,5.67822788663972,-25.18703668910932,9.489050713806947,76215870.20561695,-14.394050844272066,420
688,GEHC,GE HealthCare Technologies Inc. - Common Stock,us_unclassified,us_unclassified_stock,us_unclassified,False,,386.0,259019619.417572,True,-0.09300436692731091,-4.154998280240019,-8.230654152700312,-22.236512071729486,284656383.44802856,7.9348534996442455,420
689,LVS,Las Vegas Sands Corp. Common Stock,energy_oil_gas,energy_oil_gas,us_energy_materials,False,,487.0,201156641.4937973,True,-0.09336946479333354,-1.8137801905580453,-5.17050621611671,-22.971448981933186,188648214.1845703,-9.046003984859286,420
690,TRU,TransUnion Common Stock,us_unclassified,us_unclassified_stock,us_unclassified,False,,605.0,156804912.04795837,True,-0.09521126887798646,-6.281737722159209,-5.576321903861736,-18.962214808009982,127456959.22737122,-10.148807846265273,420
691,TPL,Texas Pacific Land Corporation Common Stock,us_unclassified,us_unclassified_stock,us_unclassified,False,,548.0,176923884.4543457,True,-0.09702396587762922,-11.780491782361368,-30.137813437358208,26.00987336695635,146965846.47979736,-2.8675052621854324,420
692,FLUT,Flutter Entertainment plc Ordinary Shares,us_unclassified,us_unclassified_stock,us_unclassified,False,,339.0,292988175.39253235,True,-0.09751141385054389,5.250647887395021,4.993844720383711,-48.70370229085287,253218877.80952454,-8.72575513992846,420
693,IAG,Iamgold Corporation Ordinary Shares,us_unclassified,us_unclassified_stock,us_unclassified,False,,709.0,124400056.1351776,True,-0.09869164181190579,1.5643700866695864,-24.50888670161332,6.324104513656281,97415838.25149536,-7.340653112125716,420
694,NOC,Northrop Grumman Corporation Common Stock,space_ev_defense,us_unclassified_stock,us_unclassified,True,space_ev_defense,223.0,442864510.47058105,True,-0.0987618544884746,-5.55444588793349,-24.959930912479333,0.6646264978782845,542094095.5596924,23.005160148853655,420
695,MNDY,monday.com Ltd. - Ordinary Shares,us_unclassified,us_unclassified_stock,us_unclassified,False,,768.0,108192974.9595642,True,-0.09907066469330048,-9.627293240279467,8.154389576907683,-51.03070302072579,125080018.38912964,11.065926242988343,420
696,XYL,Xylem Inc. Common Stock New,us_unclassified,us_unclassified_stock,us_unclassified,False,,407.0,245167620.7824707,True,-0.10124943924897342,2.9569367142365355,-9.14013822540991,-20.102430130302107,188192196.36729813,-15.776615337346634,420
697,UAMY,United States Antimony Corporation Common Stock,us_unclassified,us_unclassified_stock,us_unclassified,False,,741.0,114421009.0043068,True,-0.1014338649566681,-5.762305203718798,-24.27686267957252,13.819873580400621,79864461.96961403,-15.213056442155715,420
698,BRO,"Brown & Brown, Inc. Common Stock",us_unclassified,us_unclassified_stock,us_unclassified,False,,517.0,189265000.1743317,True,-0.10347262897755634,2.9078846597094588,-11.122328288676197,-23.142558261002243,175438506.11991882,-1.3815253454267706,420
699,ALC,Alcon Inc. Ordinary Shares,us_unclassified,us_unclassified_stock,us_unclassified,False,,724.0,119552715.46020508,True,-0.10362761963791407,-3.864444888963281,-14.859065641230185,-15.043051511734106,132535797.08251953,8.574694304883579,420
700,TOST,"Toast, Inc. Class A Common Stock",us_unclassified,us_unclassified_stock,us_unclassified,False,,383.0,260786292.5998688,True,-0.10439501599891458,5.746141381319569,-10.543477562289617,-28.600349257689516,263599847.37243652,3.059223412973333,420
701,RKT,"Rocket Companies, Inc. Class A Common Stock",us_unclassified,us_unclassified_stock,us_unclassified,False,,298.0,332978065.27614594,True,-0.10493859433588812,5.796037822597122,-7.887514571659626,-29.278565207770946,295981340.3664589,-7.840441389186681,420
702,PATH,"UiPath, Inc. Class A Common Stock",us_unclassified,us_unclassified_stock,us_unclassified,False,,318.0,309814666.23339653,True,-0.10544018141060552,-4.642525336566439,-6.332456238133077,-43.88830413388182,473893935.1866722,42.06168266883075,420
703,WDAY,"Workday, Inc. - Class A Common Stock",us_unclassified,us_unclassified_stock,us_unclassified,False,,160.0,586301063.4490967,True,-0.10634370663853564,-7.645525834066181,-2.6912185975678127,-41.2688419440734,729016549.0058899,24.22993357883536,420
704,ACHR,Archer Aviation Inc. Class A Common Stock,space_ev_defense,us_unclassified_stock,us_unclassified,True,space_ev_defense,574.0,165633337.59555817,True,-0.10744334112075027,-3.6332185211795265,-13.821136446369199,-38.58632537135005,325651348.14066887,58.48402335864531,420
705,REGN,"Regeneron Pharmaceuticals, Inc. - Common Stock",biotech,biotech,us_healthcare,False,,196.0,491338698.6022949,True,-0.10750996654594888,-6.128417681257769,-17.976816357006975,-11.471608981244085,639378231.3140869,14.32156487620826,420
706,CACI,"CACI International, Inc. Class A Common Stock",us_unclassified,us_unclassified_stock,us_unclassified,False,,635.0,146891747.51586914,True,-0.10805370773636082,-5.37420422340098,-14.235349440538469,-10.823336999441334,135077324.97558594,-6.18788430853241,420
707,EOSE,"Eos Energy Enterprises, Inc. - Common Stock",energy_oil_gas,energy_oil_gas,us_energy_materials,False,,687.0,131782677.19051838,True,-0.10833551197641944,7.594936029714394,1.307188320294328,-58.528428840362004,176064913.26203346,16.91334062373229,420
708,QXO,"QXO, Inc. Common Stock",us_unclassified,us_unclassified_stock,us_unclassified,False,,431.0,230246220.80450055,True,-0.11009227983469401,3.0760342468164614,-14.97435936560998,-20.859191790407618,279459771.14580727,3.2882482929370127,420
709,ROL,"Rollins, Inc. Common Stock",us_unclassified,us_unclassified_stock,us_unclassified,False,,654.0,142421433.5723877,True,-0.11058750108870856,-15.599777176423702,-15.073761396026896,-18.369746438667057,212626200.63552856,34.36834564292752,420
710,PYPL,"PayPal Holdings, Inc. - Common Stock",us_unclassified,us_unclassified_stock,us_unclassified,False,,143.0,663516204.2362213,True,-0.11152734187983528,-4.202820683868835,-7.033360885835293,-31.9432960002498,710669230.869484,8.386663474785717,420
711,XP,XP Inc. - Class A Common Stock,us_unclassified,us_unclassified_stock,us_unclassified,False,,786.0,103411824.14369585,True,-0.11255470350320779,-13.510459418706144,-13.344407080171283,-12.472033819383688,102597141.95866585,5.696131743434507,420
712,WPM,Wheaton Precious Metals Corp Common Shares (Canada),us_unclassified,us_unclassified_stock,us_unclassified,False,,314.0,311783221.68807983,True,-0.11274895113024759,-3.4651256654256612,-22.454501944128868,3.4200119986659505,248737591.47453308,-13.323471047481238,420
713,CAG,"ConAgra Brands, Inc. Common Stock",us_unclassified,us_unclassified_stock,us_unclassified,False,,489.0,200486171.6373444,True,-0.11353071479779418,-4.069770423704466,-14.723832158524752,-17.86676771898046,205434079.37688828,5.53299006042729,420
714,DOCU,"DocuSign, Inc. - Common Stock",us_unclassified,us_unclassified_stock,us_unclassified,False,,568.0,166853657.56206512,True,-0.11496961156973791,-12.587971806065479,-4.152324277503472,-35.79766590442356,201330280.93719482,18.385956052217555,420
715,PRAX,"Praxis Precision Medicines, Inc. - Common Stock",us_unclassified,us_unclassified_stock,us_unclassified,False,,730.0,117929927.43988036,True,-0.11505241103903005,-15.881526211782793,-18.258232614023704,-3.9321306951051405,128507482.31201172,8.703014885405057,420
716,NU,Nu Holdings Ltd. Class A Ordinary Shares,us_unclassified,us_unclassified_stock,us_unclassified,False,,146.0,653148572.2322464,True,-0.11672861111995234,-0.6254880683710717,-13.4574092949589,-27.5179860228397,715935239.0517235,13.875671901204111,420
717,GIS,"General Mills, Inc. Common Stock",us_unclassified,us_unclassified_stock,us_unclassified,False,,307.0,319695011.28959656,True,-0.11791843711900242,-0.5948862858224935,-12.713601951750686,-23.586287142580098,308391693.3708191,-0.551737908029104,420
718,MKC,"McCormick & Company, Incorporated Common Stock",us_unclassified,us_unclassified_stock,us_unclassified,False,,512.0,190834318.59817505,True,-0.11859519830304821,-0.1284825959545377,-13.348187847722537,-21.208065951186462,177312603.1677246,-5.251222918421561,420
719,OPEN,Opendoor Technologies Inc  - Common Stock,us_unclassified,us_unclassified_stock,us_unclassified,False,,589.0,163147629.24342155,True,-0.12053834345158036,1.5909021206140128,-7.644635345691164,-39.67611494954664,180275902.3795128,9.870998736668458,420
720,EFX,"Equifax, Inc. Common Stock",us_unclassified,us_unclassified_stock,us_unclassified,False,,389.0,258648121.6621399,True,-0.12185448524891405,-6.308185559268176,-12.238413116848424,-23.183220795387626,283927985.72387695,3.7927968839092774,420
721,RGLD,"Royal Gold, Inc. - Common Stock",us_unclassified,us_unclassified_stock,us_unclassified,False,,485.0,202244967.96875,True,-0.12212265844506585,-3.7070192072378827,-24.04912268457092,1.1012569051961796,150199456.7199707,-9.240710213011372,420
722,OTIS,Otis Worldwide Corporation Common Stock,us_unclassified,us_unclassified_stock,us_unclassified,False,,362.0,276855899.6810913,True,-0.1227015884311396,2.806229962401119,-14.613441969269092,-18.613647821472888,221630162.28866577,-16.019439940548697,420
723,AR,Antero Resources Corporation Common Stock,us_unclassified,us_unclassified_stock,us_unclassified,False,,501.0,195211837.70751956,True,-0.1235664932124746,-12.53290779069063,-15.192063160422432,-8.380180405058546,163285191.91589355,-9.185942396546054,420
724,UUUU,Energy Fuels Inc Ordinary Shares (Canada),energy_oil_gas,energy_oil_gas,us_energy_materials,False,,524.0,186410316.18146896,True,-0.12399982137306013,-1.3110918456529896,-23.91523634763709,-2.0779201477328035,157503826.14188194,-8.564273748055228,420
725,EGO,Eldorado Gold Corporation Ordinary Shares,us_unclassified,us_unclassified_stock,us_unclassified,False,,774.0,106638130.01174928,True,-0.12486287596803249,3.345840244341036,-22.797528209794603,-7.232849994438551,81331869.2896843,-10.883554526542461,420
726,NFLX,"Netflix, Inc. - Common Stock",us_unclassified,us_unclassified_stock,us_unclassified,False,,18.0,3186438834.692383,True,-0.12996969398121824,-12.15801967273542,-13.82674292555861,-15.965259629379137,2976140284.6466064,-3.52016239728582,420
727,ALNY,"Alnylam Pharmaceuticals, Inc. - Common Stock",biotech,biotech,us_healthcare,False,,299.0,329854824.62768555,True,-0.13059356202038536,-6.831283133854971,-8.775965505700679,-30.302733411041526,316639512.9272461,-1.6823174494185356,420
728,CMCSA,Comcast Corporation - Class A Common Stock,us_unclassified,us_unclassified_stock,us_unclassified,False,,113.0,789819333.2350731,True,-0.13078956055219504,-9.847262613474028,-19.599729303197567,-2.2892987697354816,659144968.4184076,-17.17300653651923,420
729,SHOP,Shopify Inc. - Class A Subordinate Voting Shares,us_unclassified,us_unclassified_stock,us_unclassified,False,,85.0,974764336.8095398,True,-0.1332151984643942,3.656791029209727,-12.44352633438216,-30.908748738255888,881790706.3418388,-7.261040172454225,420
730,OKLO,Oklo Inc. Class A common stock,us_unclassified,us_unclassified_stock,us_unclassified,False,,139.0,679178326.7486572,True,-0.13335992192295745,-2.2531217974648188,-2.9031708974768256,-44.3279125945792,729220406.8197784,-4.969627802934118,420
731,VEEV,Veeva Systems Inc. Class A Common Stock,us_unclassified,us_unclassified_stock,us_unclassified,False,,297.0,334205703.5369873,True,-0.13457246796678957,-7.068382145700525,-10.642176530160185,-30.36637799493198,355668157.57063293,3.3700356976622547,420
732,RMD,ResMed Inc. Common Stock,us_unclassified,us_unclassified_stock,us_unclassified,False,,409.0,243409417.6368713,True,-0.13521111381119424,-10.116265922898272,-16.97341062173846,-21.54426699987536,297446698.0270386,15.262433332113767,420
733,STLA,Stellantis N.V. Common Shares,us_unclassified,us_unclassified_stock,us_unclassified,False,,640.0,145970287.46783257,True,-0.13529699106581786,-15.803453174814008,0.43731388319701026,-41.01027665699274,137311560.12141228,-3.1323055480945494,420
734,NKE,"Nike, Inc. Common Stock",consumer_brand,consumer_brand,us_consumer,False,,98.0,901206627.0626068,True,-0.1371819550228746,2.2855898791995344,-15.093297288802454,-26.94606203583495,834352624.6873856,-6.468141892075252,420
735,PAAS,Pan American Silver Corp. Common Stock,us_unclassified,us_unclassified_stock,us_unclassified,False,,333.0,299702991.4039612,True,-0.13724679311887591,-10.632868204196711,-22.286913964343704,-3.315667738862016,231909285.33744812,-7.400774523780795,420
736,AVAV,"AeroVironment, Inc. - Common Stock",space_ev_defense,us_unclassified_stock,us_unclassified,True,space_ev_defense,460.0,216511208.7432861,True,-0.13816356993168133,3.502780047719689,-13.304701619672743,-34.72745587492631,202020011.83929443,1.5206669487224156,420
737,HL,Hecla Mining Company Common Stock,materials_mining,materials_mining,us_energy_materials,False,,390.0,258212668.12725067,True,-0.14070175743642843,-7.079793474537166,-26.968015668222645,-11.785841603540115,325281011.8048668,24.27850402849807,420
738,ABT,Abbott Laboratories Common Stock,us_unclassified,us_unclassified_stock,us_unclassified,False,,75.0,1085424815.2160645,True,-0.14078865366750787,0.03395158364325468,-16.57810794265442,-25.221106621002342,1071871480.3272247,-3.2023045403436146,420
739,KGC,Kinross Gold Corporation Common Stock,us_unclassified,us_unclassified_stock,us_unclassified,False,,371.0,271388600.3168106,True,-0.14164555944777854,-6.683000813125761,-23.447740211215596,-7.375698077380233,227851477.734375,-4.325481677606269,420
740,AEM,Agnico Eagle Mines Limited Common Stock,us_unclassified,us_unclassified_stock,us_unclassified,False,,218.0,455221951.3442993,True,-0.14537954176626933,-6.449615845090262,-27.712614307197935,-4.9538989188658515,469669904.8400879,4.611201603466553,420
741,GRAB,Grab Holdings Limited - Class A Ordinary Shares,us_unclassified,us_unclassified_stock,us_unclassified,False,,531.0,183517277.1439791,True,-0.14589017834753962,1.7094000838336676,-10.666669209798174,-34.95145936703988,162140176.51816607,-13.930318653515428,420
742,OLLI,"Ollie's Bargain Outlet Holdings, Inc. - Common Stock",us_unclassified,us_unclassified_stock,us_unclassified,False,,683.0,133425477.66342165,True,-0.14626346625104952,-6.49239676339286,-20.23457677595488,-26.667834005723755,172982378.51638794,24.44650778184254,420
743,ISRG,"Intuitive Surgical, Inc. - Common Stock",medical_device,medical_device,us_healthcare,False,,99.0,887915907.522583,True,-0.14638338914722746,-9.409170905030406,-13.848143351052633,-26.020821263107198,921821931.0852051,-0.1963490996617967,420
744,GDDY,GoDaddy Inc. Class A Common Stock,us_unclassified,us_unclassified_stock,us_unclassified,False,,587.0,163511685.83335876,True,-0.14639490739178707,-16.478748157270395,-6.9102189858262335,-40.40748491147205,204080705.1460266,18.67728663765189,420
745,WING,Wingstop Inc. - Common Stock,us_unclassified,us_unclassified_stock,us_unclassified,False,,459.0,216533731.54144287,True,-0.14669331966169438,26.262383996051987,-20.113380019441152,-37.58732868075478,175815811.3723755,-14.739555864426235,420
746,HDB,HDFC Bank Limited Common Stock,fin_bank,fin_bank,us_finance,False,,447.0,223804607.85102844,True,-0.14809292301785484,1.7458397069729958,-16.132441078445446,-32.30025389376811,217879672.15709686,1.7620171556239628,420
747,BTG,B2Gold Corp Common shares (Canada),us_unclassified,us_unclassified_stock,us_unclassified,False,,688.0,131427029.26638126,True,-0.14997174379814257,-7.922909625575625,-19.803917077081667,-10.158398373385936,94273039.19243813,-19.61230176665898,420
748,NRG,"NRG Energy, Inc. Common Stock",power_generation,energy_oil_gas,us_energy_materials,True,power_generation,265.0,372988599.21875,True,-0.15542127705454822,0.8060918536308748,-18.422871614887015,-25.35762594837111,310577444.5159912,-10.73647362389063,420
749,THC,Tenet Healthcare Corporation Common Stock,us_unclassified,us_unclassified_stock,us_unclassified,False,,414.0,239240195.3546142,True,-0.15574149642998505,-7.918465422286792,-22.943086610077934,-14.27227813418549,243977841.79321283,-0.9799805045970555,420
750,ACM,AECOM Common Stock,grid_engineering,us_unclassified_stock,us_unclassified,True,grid_engineering,794.0,101047580.78002933,True,-0.15690669158979886,-3.7218463924397316,-22.221308869736532,-30.11905877352371,127759345.8404541,25.830538042704276,420
751,CEG,Constellation Energy Corporation - Common Stock When-Issued,power_generation,energy_oil_gas,us_energy_materials,True,power_generation,108.0,822792606.6741943,True,-0.15756578004612154,-2.5599132322547735,-18.058923791960602,-31.10832496424051,951979678.8642883,6.590015892812007,420
752,MOS,Mosaic Company (The) Common Stock,us_unclassified,us_unclassified_stock,us_unclassified,False,,422.0,234305079.2006493,True,-0.15856980673607965,5.822552053696262,-32.065023523301086,-9.768766650745775,188761241.59145355,-1.500388361752858,420
753,HCA,"HCA Healthcare, Inc. Common Stock",us_unclassified,us_unclassified_stock,us_unclassified,False,,205.0,478994856.6650391,True,-0.159065104895395,-5.420122336501465,-28.965645154181786,-22.440634058779207,691388443.6035157,38.222128118374,420
754,AGI,Alamos Gold Inc. Class A Common Shares,us_unclassified,us_unclassified_stock,us_unclassified,False,,671.0,137218234.7694397,True,-0.15948871633061365,-8.046559383455353,-28.915908175866345,-5.637132601928285,132284053.11546326,0.8188207325163566,420
755,AG,First Majestic Silver Corp. Ordinary Shares (Canada),us_unclassified,us_unclassified_stock,us_unclassified,False,,304.0,324273076.3851166,True,-0.15992503438082617,-9.729189980431984,-31.241109585711346,9.99786847776205,207147829.7366142,-24.876332478666285,420
756,HII,"Huntington Ingalls Industries, Inc. Common Stock",us_unclassified,us_unclassified_stock,us_unclassified,False,,561.0,170896795.28808594,True,-0.16073631815288145,-11.33512028761906,-27.404956103007727,-4.146554092953503,147749139.83154297,-4.377389881724825,420
757,SOUN,"SoundHound AI, Inc. - Class A Common Stock",us_unclassified,us_unclassified_stock,us_unclassified,False,,511.0,191059081.28438,True,-0.1617040859479964,-15.739644422805254,-6.291831370715373,-43.13566400172421,192911692.45529175,5.92760407014381,420
758,CTSH,Cognizant Technology Solutions Corporation - Class A Common Stock,us_unclassified,us_unclassified_stock,us_unclassified,False,,289.0,345506686.72561646,True,-0.16214317080803625,-14.814812060719573,-15.75533417017918,-36.00598284173344,494520222.22099304,28.400414183542843,420
759,TYL,"Tyler Technologies, Inc. Common Stock",us_unclassified,us_unclassified_stock,us_unclassified,False,,618.0,152188460.65063477,True,-0.16495253279790392,-12.087879002414015,-14.482513202836355,-34.82441756362877,212858573.03619385,11.455578528759647,420
760,EQT,EQT Corporation Common Stock,us_unclassified,us_unclassified_stock,us_unclassified,False,,208.0,471802881.8078995,True,-0.16761485345088495,-12.294657418692134,-20.568882478425344,-12.01468859051401,314472858.1050873,-20.428845984301624,420
761,IT,"Gartner, Inc. Common Stock",us_unclassified,us_unclassified_stock,us_unclassified,False,,452.0,219602155.52368164,True,-0.16974597635794994,-19.544369265375916,-7.335449933326532,-35.12512233373655,183545652.20947266,-9.83490729288732,420
762,ULTA,"Ulta Beauty, Inc. - Common Stock",us_unclassified,us_unclassified_stock,us_unclassified,False,,279.0,354745394.9356079,True,-0.17060730997364706,-7.501214836276215,-23.73619271359251,-20.98777110372849,361787331.2438965,3.6774146693928866,420
763,ADSK,"Autodesk, Inc. - Common Stock",us_unclassified,us_unclassified_stock,us_unclassified,False,,227.0,440083835.9283448,True,-0.17154334868802207,-20.44493558277136,-17.735800621745735,-31.647545361855776,590679795.892334,28.27648868001591,420
764,EXE,Expand Energy Corporation - Common Stock,energy_oil_gas,energy_oil_gas,us_energy_materials,False,,302.0,326437636.32621765,True,-0.17242285845269453,-12.00808831605097,-18.75485059612283,-25.00850358070228,300737273.475647,-1.4885951862841695,420
765,UEC,Uranium Energy Corp. Common Stock,energy_oil_gas,energy_oil_gas,us_energy_materials,False,,694.0,128890191.75891876,True,-0.17670467093013204,-5.803919773475796,-24.556422999835657,-23.85386758314131,130721619.25430298,5.041741073933292,420
766,SAP,SAP  SE ADS,us_unclassified,us_unclassified_stock,us_unclassified,False,,180.0,534340299.8428345,True,-0.17682101015691934,-13.713935323057724,-12.606469068810789,-31.804912765408023,473714954.94155884,-13.151746787635277,420
767,DPZ,Domino's Pizza Inc - Common Stock,us_unclassified,us_unclassified_stock,us_unclassified,False,,311.0,316182163.5910034,True,-0.17703615086147265,-1.1077000938311432,-21.231152110355602,-24.93322857183774,220426197.12982178,-16.9474947476158,420
768,CRM,"Salesforce, Inc. Common Stock",software_platform,saas_software,us_technology,True,software_platform,30.0,2252474118.1610107,True,-0.17708647053335497,-15.724600979714198,-16.265408255441283,-35.96826420612499,2670345856.4201355,17.47772909087171,420
769,ZTS,Zoetis Inc. Class A Common Stock,us_unclassified,us_unclassified_stock,us_unclassified,False,,217.0,455858204.4010162,True,-0.18281894754007874,-1.2545477499507296,-29.192742012179018,-29.06855105200885,574487290.5654907,23.72886464465043,420
770,PRIM,Primoris Services Corporation Common Stock,grid_engineering,us_unclassified_stock,us_unclassified,True,grid_engineering,693.0,129316158.89892578,True,-0.18409783618361558,-5.052019182967593,-28.507271231191634,-28.29861406579254,199515195.81069946,25.035457887163282,420
771,CHKP,Check Point Software Technologies Ltd. - Ordinary Shares,us_unclassified,us_unclassified_stock,us_unclassified,False,,591.0,161718362.33215332,True,-0.1872041695004691,-4.6754460487727245,-20.965461733624903,-36.5981764258273,189384051.64871216,7.986741462956659,420
772,JKHY,"Jack Henry & Associates, Inc. - Common Stock",us_unclassified,us_unclassified_stock,us_unclassified,False,,630.0,148276503.4072876,True,-0.19348859567030172,-9.719641864824291,-24.275579020329584,-29.83412803062545,185324837.73727417,9.776113727393643,420
773,TRI,Thomson Reuters Corp - Common Shares,us_unclassified,us_unclassified_stock,us_unclassified,False,,527.0,184720158.8439941,True,-0.19730893535636418,-7.942828878652408,-17.29940687828715,-35.69468749113538,134605929.60510254,-14.339227918928731,420
774,PTC,PTC Inc. - Common Stock,us_unclassified,us_unclassified_stock,us_unclassified,False,,566.0,167969083.4526062,True,-0.1976223452875972,-22.44525899359442,-24.81265442546049,-31.633654419660672,246726995.08895874,38.00925366331553,420
775,LULU,lululemon athletica inc. - Common Stock,us_unclassified,us_unclassified_stock,us_unclassified,False,,249.0,397570503.9989472,True,-0.19954109105972295,-10.719710469389042,-22.9787000079096,-33.1577808021529,422789652.70614624,8.196931920030636,420
776,UHS,"Universal Health Services, Inc. Common Stock",us_unclassified,us_unclassified_stock,us_unclassified,False,,661.0,140410445.50628662,True,-0.20437951519544173,-14.088369111131005,-23.329309234022276,-35.126749619735556,156632392.91000366,16.595988629259416,420
777,CRCL,"Circle Internet Group, Inc. Class A Common Stock",us_unclassified,us_unclassified_stock,us_unclassified,False,,59.0,1401680771.5423584,True,-0.20468754421292468,-28.122199083720822,-27.631812022624114,-7.031953412621927,1150291043.3998108,-6.520108412119685,261
778,LEU,Centrus Energy Corp. Class A Common Stock,energy_oil_gas,energy_oil_gas,us_energy_materials,False,,612.0,154706499.836731,True,-0.20606260393040016,13.041168359484123,-26.143826777771373,-40.050628579782554,133219774.96948242,-14.371148699940829,420
779,ADBE,Adobe Inc. - Common Stock,software_platform,us_unclassified_stock,us_unclassified,True,software_platform,62.0,1263286930.419922,True,-0.20814023244237434,-22.97430342063792,-18.896877440215675,-36.45446143194019,1414834596.0769653,13.98047645972249,420
780,TRMB,Trimble Inc. - Common Stock,us_unclassified,us_unclassified_stock,us_unclassified,False,,722.0,120268737.57705688,True,-0.2101680808491069,-12.167234634206181,-24.425639007883547,-38.60510989550428,156595642.2077179,20.59453869354213,420
781,SHAK,"Shake Shack, Inc. Class A Common Stock",us_unclassified,us_unclassified_stock,us_unclassified,False,,735.0,116220445.74222565,True,-0.21717603616712275,-6.916652442439963,-32.80727626828471,-26.351004951207514,130347866.94869995,10.167524303057185,420
782,ZS,"Zscaler, Inc. - Common Stock",us981a_ai_theme,cybersecurity,us_technology,True,us981a_ai_theme,253.0,390271100.01831055,True,-0.21784844871711714,-28.432215157239003,-16.81947094343519,-48.10501483024229,609704008.3328247,34.966137918424934,420
783,EQX,Equinox Gold Corp. Common Shares,us_unclassified,us_unclassified_stock,us_unclassified,False,,717.0,121330175.5812645,True,-0.2215017262933895,-15.27610119202748,-35.600616775371265,-26.752517805498897,170844611.67764664,36.13454609358342,420
784,CELH,"Celsius Holdings, Inc. - Common Stock",us_unclassified,us_unclassified_stock,us_unclassified,False,,433.0,229734450.20532608,True,-0.22203510493709142,7.579462591349384,-34.98168630927167,-34.27447299174856,267914156.40602112,5.909740751303771,420
785,COIN,"Coinbase Global, Inc. - Class A Common Stock",us_unclassified,us_unclassified_stock,us_unclassified,False,,36.0,1931736233.166504,True,-0.22375146930322581,-14.653144316529632,-16.974591821658436,-42.15820552758135,1413040613.444519,-12.664003653750234,420
786,RBLX,Roblox Corporation Class A Common Stock,us_unclassified,us_unclassified_stock,us_unclassified,False,,197.0,490934926.73072815,True,-0.22517923275805157,12.535483181925656,-22.753104320046468,-56.07070537528607,444565423.9873886,-7.684466243478605,420
787,FIS,"Fidelity National Information Services, Inc. Common Stock",us_unclassified,us_unclassified_stock,us_unclassified,False,,370.0,271783476.1949539,True,-0.22773124189072524,-10.494260216334162,-22.14778769621474,-40.64800112219028,262637678.09677124,-5.457674019614878,420
788,KTOS,"Kratos Defense & Security Solutions, Inc. - Common Stock",space_ev_defense,us_unclassified_stock,us_unclassified,True,space_ev_defense,384.0,260164088.8809204,True,-0.22845892261847422,-2.884271979852493,-34.29465752196818,-23.692068400895515,227880064.23950195,-9.134248807673595,420
789,ACN,Accenture plc Class A Ordinary Shares (Ireland),us_unclassified,us_unclassified_stock,us_unclassified,False,,88.0,957556165.159607,True,-0.22846015681174556,-28.5905577026915,-13.827784624385743,-37.32028796174699,777047797.543335,-15.753290692259236,420
790,LDOS,"Leidos Holdings, Inc. Common Stock",us_unclassified,us_unclassified_stock,us_unclassified,False,,614.0,154122190.7119751,True,-0.23309302880444052,-13.883750082648183,-29.836085627987863,-33.91244930369307,155969103.6628723,13.717979946033921,420
791,GWRE,"Guidewire Software, Inc. Common Stock",us_unclassified,us_unclassified_stock,us_unclassified,False,,540.0,179569922.95455933,True,-0.2426937062321427,-22.84692542501675,-24.811271349526255,-39.913816657507525,215487521.45767212,14.435407334527817,420
792,CHWY,"Chewy, Inc. Class A Common Stock",us_unclassified,us_unclassified_stock,us_unclassified,False,,525.0,186096215.5468941,True,-0.2427515804357025,-9.717406962853225,-23.699186314231035,-46.125142435254986,185340613.15441132,-1.3575720078189413,420
793,Z,"Zillow Group, Inc. - Class C Capital Stock",us_unclassified,us_unclassified_stock,us_unclassified,False,,642.0,145347157.36923218,True,-0.24568236322544662,-11.955032806186194,-20.727270877722535,-56.16034003432665,160405071.70200348,11.901271422493798,420
794,TSCO,Tractor Supply Company - Common Stock,us_unclassified,us_unclassified_stock,us_unclassified,False,,312.0,316115347.1279144,True,-0.2602307236532487,-3.8008171531163093,-34.482736702939086,-39.532415295352976,379280758.17375183,1.374264054592289,420
795,PLNT,"Planet Fitness, Inc. Common Stock",us_unclassified,us_unclassified_stock,us_unclassified,False,,759.0,109747356.93664552,True,-0.26158814027641464,5.453817221793433,-31.13964944994577,-52.253756549855034,98088589.9597168,-1.7329608206079317,420
796,CSGP,"CoStar Group, Inc. - Common Stock",us_unclassified,us_unclassified_stock,us_unclassified,False,,425.0,233868007.7030182,True,-0.2650264320075171,-11.43780556977234,-24.70018204269997,-51.935814251142865,231154048.87657166,-1.1604660479653583,420
797,FIG,"Figma, Inc. Class A Common Stock",us_unclassified,us_unclassified_stock,us_unclassified,False,,332.0,300881330.1343918,True,-0.2684915404488583,-16.386185896550565,-26.098585799749387,-49.72706124537417,351317911.7197037,6.042120556550468,223
798,INSM,Insmed Incorporated - Common Stock,us_unclassified,us_unclassified_stock,us_unclassified,False,,328.0,302215286.8469238,True,-0.2729622082368374,-11.222315076803003,-30.676606752517046,-50.18797850708736,362616336.7164612,12.99709857081368,420
799,TTD,"The Trade Desk, Inc. - Class A Common Stock",us_unclassified,us_unclassified_stock,us_unclassified,False,,256.0,385837925.28808594,True,-0.2799078684787094,-11.941009392103851,-28.746466011909767,-52.03045967874827,398992670.2244568,3.409396555962929,420
800,HUBS,"HubSpot, Inc. Common Stock",us_unclassified,us_unclassified_stock,us_unclassified,False,,282.0,350709965.8874512,True,-0.2821566960144958,-13.45198913046659,-27.63653722687224,-51.67703510249335,337334057.48443604,-1.6957124764041653,420
801,PODD,Insulet Corporation - Common Stock,us_unclassified,us_unclassified_stock,us_unclassified,False,,471.0,212049294.72961423,True,-0.30178759871653194,-6.9161517876823115,-36.80264421032165,-49.28960018654932,213916609.87701416,0.8806042716534179,420
802,KRMN,Karman Holdings Inc. Common Stock,us_unclassified,us_unclassified_stock,us_unclassified,False,,676.0,135467778.175354,True,-0.3039909145773274,-23.403288784059484,-49.90907238883055,-22.227448108149506,170117112.6871109,22.975109010902848,338
803,BSX,Boston Scientific Corporation Common Stock,us_unclassified,us_unclassified_stock,us_unclassified,False,,96.0,909608282.6416016,True,-0.30649052249985465,-20.0811674979974,-31.188918936545917,-49.02194013699764,913858105.1374435,-3.4232019469091046,420
804,INTU,Intuit Inc. - Common Stock,us_unclassified,us_unclassified_stock,us_unclassified,False,,71.0,1172057005.570984,True,-0.32501669554154716,-30.45607139490287,-36.164884191841054,-57.56350330716869,1826852103.7780762,42.546184379465046,420
805,EPAM,"EPAM Systems, Inc. Common Stock",us_unclassified,us_unclassified_stock,us_unclassified,False,,582.0,164212471.60491943,True,-0.3553803215575328,-26.519657576983356,-31.69869390785447,-55.39741232304405,118226939.22195435,-21.203353010610837,420
806,WIX,Wix.com Ltd. - Ordinary Shares,us_unclassified,us_unclassified_stock,us_unclassified,False,,550.0,176623676.9958496,True,-0.4464332797966571,-22.449350303943426,-49.29237390650617,-58.30258427777376,87123343.93959045,-33.962435915058066,420
807,KLAC,KLA Corporation  - Common Stock,semi_equipment,semi_equipment,us_semiconductor,True,semi_equipment,52.0,1550619701.7822266,True,-0.7065067443581007,-85.81228433835204,-82.86911538005968,-80.27222537657326,2385744542.5018306,38.709406970305096,420
808,FPS,"Forgent Power Solutions, Inc. Class A Common Stock",us_unclassified,us_unclassified_stock,us_unclassified,False,,579.0,164443291.2713318,False,0.5217522917960149,41.72998987152725,81.62246636549798,,310162974.9435425,70.99121340821945,93
809,SUNB,"Sunbelt Rentals Holdings, Inc. Common Stock",us_unclassified,us_unclassified_stock,us_unclassified,False,,504.0,194280725.43506625,False,0.12856325512255345,15.703146997143858,16.609402508261905,,231545895.6363678,22.41464984108714,77
810,CBRS,Cerebras Systems Inc. - Class A Common Stock,us_unclassified,us_unclassified_stock,us_unclassified,False,,19.0,3025844149.6154785,False,,-19.257626769886183,,,1171059746.59729,-8.17326194546608,25
811,XE,"X-Energy, Inc. - Class A Common Stock",energy_oil_gas,energy_oil_gas,us_energy_materials,False,,644.0,144875149.9300003,False,,-24.799443988249347,,,109395087.47291565,-13.519567779446785,39
812,FRVO,Fervo Energy Company - Class A common stock,energy_oil_gas,energy_oil_gas,us_energy_materials,False,,388.0,258707390.33851624,False,,-7.682184419595439,,,77138161.2487793,-13.54127588390318,26
