symbol,code,market,name,industry_code,industry_name,trade_group,parent_group,major_bucket,subindustry,role,leader_eligible,strategy_sector,strategy_group,strategy_size_group,liquidity_size_bucket,liquidity_rank,liquidity_percentile,amount_120d_median,amount_120d_mean,traded_days_120d,latest_price_date,latest_close,latest_volume,strategy_group_source,strategy_group_confidence,strategy_group_review_needed,classification_source,source_confidence,subindustry_source,true_market_cap_rank,true_market_cap_bucket,true_market_cap_percentile,market_cap_ntd,market_cap_ntd_billion,shares_outstanding,source_date_price,market_cap_source
4171.TWO,4171,TPEX,瑞基,33,農業科技,agri_tech,agriculture,other,agritech,member,False,agriculture,agri_tech,agri_tech__small,small,1693,0.250996015936255,2467978.2,4377782.491494926,120.0,2026-06-18,17.299999237060547,123943.0,trade_group_exact,high,False,legacy_subindustry_rule,medium,official_code_fallback,1814.0,cap_1001_plus,0.0815602836879432,1016005707.5,1.0160057075,58057469.0,2026-06-10,TPEX daily market value shares * close; API MarketValue retained for audit
6578.TWO,6578,TPEX,達邦蛋白,33,農業科技,agri_tech,agriculture,other,agritech,member,False,agriculture,agri_tech,agri_tech__small,small,1801,0.2031872509960159,1688285.0242099762,2071433.4749364213,120.0,2026-06-18,16.450000762939453,64000.0,trade_group_exact,high,False,legacy_subindustry_rule,medium,official_code_fallback,1737.0,cap_1001_plus,0.1205673758865247,1226609412.05,1.22660941205,71941901.0,2026-06-10,TPEX daily market value shares * close; API MarketValue retained for audit
6508.TWO,6508,TPEX,惠光,33,農業科技,agri_tech,agriculture,other,agritech,member,False,agriculture,agri_tech,agri_tech__small,small,1884,0.1664453297919433,1243861.1500377655,3031469.047273159,120.0,2026-06-18,23.950000762939453,59317.0,trade_group_exact,high,False,legacy_subindustry_rule,medium,official_code_fallback,1523.0,cap_1001_plus,0.2289766970618034,2029336360.8,2.0293363608,86538864.0,2026-06-10,TPEX daily market value shares * close; API MarketValue retained for audit
1240.TWO,1240,TPEX,茂生農經,33,農業科技,agri_tech,agriculture,other,agritech,member,False,agriculture,agri_tech,agri_tech__small,small,1927,0.147410358565737,1064494.800064087,1171768.8856783232,120.0,2026-06-18,58.400001525878906,10790.0,trade_group_exact,high,False,legacy_subindustry_rule,medium,official_code_fallback,1395.0,cap_1001_plus,0.2938196555217831,2552207922.1,2.5522079221,44232373.0,2026-06-10,TPEX daily market value shares * close; API MarketValue retained for audit
6669.TW,6669,TWSE,緯穎,25,電腦及週邊設備業,ai_server_odm,ai_hardware,computer,computer_server_nb,leader,True,ai_hardware,ai_server,ai_server__large,large,24,0.9898185037627268,6185672192.5,7174194194.0,120.0,2026-06-18,1710.0,4638384.0,trade_group_exact,high,False,exact_symbol,high,exact_symbol,18.0,cap_001_050,0.991388044579534,941283606415.0,941.283606415,185840791.0,2026-06-10,TWSE basic issued common shares * TWSE latest close
3231.TW,3231,TWSE,緯創,25,電腦及週邊設備業,ai_server_odm,ai_hardware,computer,computer_server_nb,leader,True,ai_hardware,ai_server,ai_server__large,large,33,0.9858344400177068,4878363853.75,5687933769.941667,120.0,2026-06-18,161.5,44754406.0,trade_group_exact,high,False,exact_symbol,high,exact_symbol,37.0,cap_001_050,0.9817629179331308,502505135500.0,502.5051355,3180412250.0,2026-06-10,TWSE basic issued common shares * TWSE latest close
2382.TW,2382,TWSE,廣達,25,電腦及週邊設備業,ai_server_odm,ai_hardware,computer,computer_server_nb,core_leader,True,ai_hardware,ai_server,ai_server__large,large,36,0.984506418769367,4506206364.0,5192525130.079166,120.0,2026-06-18,376.0,22067558.0,trade_group_exact,high,False,exact_symbol,high,exact_symbol,10.0,cap_001_050,0.9954407294832828,1469729737876.0,1469.729737876,3862627432.0,2026-06-10,TWSE basic issued common shares * TWSE latest close
2376.TW,2376,TWSE,技嘉,25,電腦及週邊設備業,ai_server_odm,ai_hardware,computer,computer_server_nb,member,False,ai_hardware,ai_server,ai_server__mid_large,mid_large,115,0.949535192563081,1161051393.0,1396856417.8958333,120.0,2026-06-18,344.0,8324052.0,trade_group_exact,high,False,exact_symbol,high,exact_symbol,79.0,cap_051_100,0.96048632218845,230776721227.0,230.776721227,669888886.0,2026-06-10,TWSE basic issued common shares * TWSE latest close
3706.TW,3706,TWSE,神達,25,電腦及週邊設備業,ai_server_odm,ai_hardware,computer,computer_server_nb,member,False,ai_hardware,ai_server,ai_server__mid_large,mid_large,120,0.9473218238158476,1113520163.158882,1735064447.2913043,120.0,2026-06-18,86.9000015258789,9944792.0,trade_group_exact,high,False,legacy_subindustry_rule,medium,exact_symbol,126.0,cap_101_250,0.936676798378926,114272993494.8,114.2729934948,1327212468.0,2026-06-10,TWSE basic issued common shares * TWSE latest close
2356.TW,2356,TWSE,英業達,25,電腦及週邊設備業,ai_server_odm,ai_hardware,computer,computer_server_nb,member,False,ai_hardware,ai_server,ai_server__mid_large,mid_large,164,0.9278441788401948,696176334.0610008,967574486.3934568,120.0,2026-06-18,67.69999694824219,37376386.0,trade_group_exact,high,False,exact_symbol,high,exact_symbol,76.0,cap_051_100,0.9620060790273556,237490849369.2,237.4908493692,3587475066.0,2026-06-10,TWSE basic issued common shares * TWSE latest close
2377.TW,2377,TWSE,微星,25,電腦及週邊設備業,ai_server_odm,ai_hardware,computer,computer_server_nb,member,False,ai_hardware,ai_server,ai_server__mid_large,mid_large,173,0.9238601150951748,673552342.0,889446966.8537526,120.0,2026-06-18,138.5,11190913.0,trade_group_exact,high,False,legacy_subindustry_rule,medium,exact_symbol,131.0,cap_101_250,0.9341438703140832,111521018268.0,111.521018268,844856199.0,2026-06-10,TWSE basic issued common shares * TWSE latest close
3017.TW,3017,TWSE,奇鋐,25,電腦及週邊設備業,thermal_cooling,ai_hardware,components,component_thermal,core_leader,True,ai_hardware,thermal_cooling,thermal_cooling__large,large,9,0.9964586100044268,8976727457.5,9473845650.666666,120.0,2026-06-18,2400.0,3136138.0,trade_group_exact,high,False,exact_symbol,high,exact_symbol,20.0,cap_001_050,0.9903748733535968,926401496520.0,926.40149652,392543007.0,2026-06-10,TWSE basic issued common shares * TWSE latest close
3653.TW,3653,TWSE,健策,28,電子零組件業,thermal_cooling,ai_hardware,components,component_thermal,leader,True,ai_hardware,thermal_cooling,thermal_cooling__large,large,34,0.9853917662682604,4698422035.0,5140494083.125,120.0,2026-06-18,3965.0,1871730.0,trade_group_exact,high,False,exact_symbol,high,exact_symbol,31.0,cap_001_050,0.9848024316109424,557584651400.0,557.5846514,146732803.0,2026-06-10,TWSE basic issued common shares * TWSE latest close
3324.TWO,3324,TPEX,雙鴻,31,其他電子業,thermal_cooling,ai_hardware,components,component_thermal,leader,True,ai_hardware,thermal_cooling,thermal_cooling__large,large,41,0.9822930500221336,4220189817.5,4340107143.083333,120.0,2026-06-18,1070.0,1321440.0,trade_group_exact,high,False,exact_symbol,high,exact_symbol,148.0,cap_101_250,0.925531914893617,94007605370.0,94.00760537,93076837.0,2026-06-10,TPEX daily market value shares * close; API MarketValue retained for audit
8069.TWO,8069,TPEX,元太,26,光電業,thermal_cooling,ai_hardware,components,component_thermal,member,False,ai_hardware,thermal_cooling,thermal_cooling__mid_large,mid_large,132,0.9420097388224878,999004020.5,1217062984.8333333,120.0,2026-06-18,204.0,10907179.0,trade_group_exact,high,False,legacy_subindustry_rule,medium,exact_symbol,83.0,cap_051_100,0.9584599797365756,220482866005.0,220.482866005,1154360555.0,2026-06-10,TPEX daily market value shares * close; API MarketValue retained for audit
2421.TW,2421,TWSE,建準,28,電子零組件業,thermal_cooling,ai_hardware,components,component_thermal,leader,True,ai_hardware,thermal_cooling,thermal_cooling__mid_large,mid_large,212,0.9065958388667552,506238084.5,841412136.7513077,120.0,2026-06-18,145.0,2041982.0,trade_group_exact,high,False,exact_symbol,high,exact_symbol,264.0,cap_251_500,0.8667679837892603,41606832005.0,41.606832005,286943669.0,2026-06-10,TWSE basic issued common shares * TWSE latest close
3338.TW,3338,TWSE,泰碩,28,電子零組件業,thermal_cooling,ai_hardware,components,component_thermal,member,False,ai_hardware,thermal_cooling,thermal_cooling__small,small,896,0.6038069942452413,23960115.15594101,99922181.91593675,120.0,2026-06-18,75.19999694824219,713109.0,trade_group_exact,high,False,exact_symbol,high,exact_symbol,901.0,cap_501_1000,0.5440729483282675,6478829991.7,6.4788299917,87908141.0,2026-06-10,TWSE basic issued common shares * TWSE latest close
6204.TWO,6204,TPEX,艾華,28,電子零組件業,thermal_cooling,ai_hardware,components,component_thermal,member,False,ai_hardware,thermal_cooling,thermal_cooling__small,small,1079,0.5227976980965029,14313766.056350708,17128646.25194644,120.0,2026-06-18,115.0,1044210.0,trade_group_exact,high,False,legacy_subindustry_rule,medium,exact_symbol,1386.0,cap_1001_plus,0.2983789260385004,2598984000.0,2.598984,23102080.0,2026-06-10,TPEX daily market value shares * close; API MarketValue retained for audit
6230.TW,6230,TWSE,尼得科超眾,25,電腦及週邊設備業,thermal_cooling,ai_hardware,components,component_thermal,member,False,ai_hardware,thermal_cooling,thermal_cooling__small,small,1098,0.5143868968570164,13301540.0,28626955.133333333,120.0,2026-06-18,132.5,88008.0,trade_group_exact,high,False,exact_symbol,high,exact_symbol,640.0,cap_501_1000,0.6762917933130699,11440499970.0,11.44049997,86343396.0,2026-06-10,TWSE basic issued common shares * TWSE latest close
3321.TW,3321,TWSE,同泰,28,電子零組件業,thermal_cooling,ai_hardware,components,component_thermal,member,False,ai_hardware,thermal_cooling,thermal_cooling__small,small,1297,0.4262948207171314,7190404.356105804,11001200.058063928,120.0,2026-06-18,24.299999237060547,1234162.0,trade_group_exact,high,False,legacy_subindustry_rule,medium,exact_symbol,1590.0,cap_1001_plus,0.1950354609929078,1730886756.9,1.7308867569000002,86113769.0,2026-06-10,TWSE basic issued common shares * TWSE latest close
3373.TWO,3373,TPEX,熱映,31,其他電子業,thermal_cooling,ai_hardware,components,component_thermal,member,False,ai_hardware,thermal_cooling,thermal_cooling__small,small,1887,0.1651173085436034,1236594.7498083117,2394155.9642893733,120.0,2026-06-18,16.75,49000.0,trade_group_exact,high,False,legacy_subindustry_rule,medium,name_keyword,1880.0,cap_1001_plus,0.0481256332320162,797614598.5,0.7976145985,47618782.0,2026-06-10,TPEX daily market value shares * close; API MarketValue retained for audit
8021.TW,8021,TWSE,尖點,31,其他電子業,robotics_automation,automation,other_electronics,electronics_automation_robotics,member,False,automation,robotics_automation,robotics_automation__large,large,46,0.9800796812749004,3363848633.271454,4119249478.229973,120.0,2026-06-18,543.0,1091314.0,trade_group_exact,high,False,legacy_subindustry_rule,medium,exact_symbol,165.0,cap_101_250,0.916919959473151,80643611652.0,80.643611652,145042467.0,2026-06-10,TWSE basic issued common shares * TWSE latest close
6691.TW,6691,TWSE,洋基工程,31,其他電子業,robotics_automation,automation,other_electronics,electronics_automation_robotics,member,False,automation,robotics_automation,robotics_automation__mid,mid,245,0.8919876051350155,404126468.5,524392711.9041666,120.0,2026-06-18,720.0,704479.0,trade_group_exact,high,False,legacy_subindustry_rule,medium,exact_symbol,171.0,cap_101_250,0.9138804457953394,76779916088.0,76.779916088,121487209.0,2026-06-10,TWSE basic issued common shares * TWSE latest close
2464.TW,2464,TWSE,盟立,31,其他電子業,robotics_automation,automation,other_electronics,electronics_automation_robotics,member,False,automation,robotics_automation,robotics_automation__mid,mid,366,0.8384240814519699,197455418.56757355,567302195.0198517,120.0,2026-06-18,172.0,20205430.0,trade_group_exact,high,False,legacy_subindustry_rule,medium,exact_symbol,316.0,cap_251_500,0.8404255319148937,30138958996.0,30.138958996,206431226.0,2026-06-10,TWSE basic issued common shares * TWSE latest close
6438.TW,6438,TWSE,迅得,31,其他電子業,robotics_automation,automation,other_electronics,electronics_automation_robotics,member,False,automation,robotics_automation,robotics_automation__mid,mid,402,0.8224878264718902,171934220.75,326414680.72083336,120.0,2026-06-18,159.0,1144415.0,trade_group_exact,high,False,legacy_subindustry_rule,medium,exact_symbol,619.0,cap_501_1000,0.6869300911854104,12002123450.0,12.00212345,82206325.0,2026-06-10,TWSE basic issued common shares * TWSE latest close
2359.TW,2359,TWSE,所羅門,31,其他電子業,robotics_automation,automation,other_electronics,electronics_automation_robotics,member,False,automation,robotics_automation,robotics_automation__mid,mid,421,0.8140770252324037,153588108.0,256333288.38333333,120.0,2026-06-18,134.0,2404736.0,trade_group_exact,high,False,legacy_subindustry_rule,medium,exact_symbol,386.0,cap_251_500,0.8049645390070922,23234327546.0,23.234327546,171471052.0,2026-06-10,TWSE basic issued common shares * TWSE latest close
4577.TWO,4577,TPEX,達航科技,31,其他電子業,robotics_automation,automation,other_electronics,electronics_automation_robotics,member,False,automation,robotics_automation,robotics_automation__mid,mid,432,0.8092076139884905,148398229.07884026,189777520.8856277,120.0,2026-06-18,87.4000015258789,373105.0,trade_group_exact,high,False,legacy_subindustry_rule,medium,exact_symbol,1112.0,cap_1001_plus,0.4371833839918946,4260264426.6,4.2602644266,49137998.0,2026-06-10,TPEX daily market value shares * close; API MarketValue retained for audit
6667.TWO,6667,TPEX,信紘科,31,其他電子業,robotics_automation,automation,other_electronics,electronics_automation_robotics,member,False,automation,robotics_automation,robotics_automation__mid,mid,467,0.7937140327578575,122444052.0,179472680.9,120.0,2026-06-18,281.0,1083545.0,trade_group_exact,high,False,legacy_subindustry_rule,medium,exact_symbol,584.0,cap_501_1000,0.704660587639311,13009623792.0,13.009623792,49278878.0,2026-06-10,TPEX daily market value shares * close; API MarketValue retained for audit
3498.TWO,3498,TPEX,陽程,31,其他電子業,robotics_automation,automation,other_electronics,electronics_automation_robotics,member,False,automation,robotics_automation,robotics_automation__small_mid,small_mid,553,0.7556440903054449,88826494.2046318,225099412.57858285,120.0,2026-06-18,123.0,980700.0,trade_group_exact,high,False,legacy_subindustry_rule,medium,exact_symbol,824.0,cap_501_1000,0.583080040526849,7536579984.0,7.536579984,61273008.0,2026-06-10,TPEX daily market value shares * close; API MarketValue retained for audit
3617.TW,3617,TWSE,碩天,31,其他電子業,robotics_automation,automation,other_electronics,electronics_automation_robotics,member,False,automation,robotics_automation,robotics_automation__small_mid,small_mid,660,0.7082779991146525,54928402.5,68069390.97916667,120.0,2026-06-18,211.5,200056.0,trade_group_exact,high,False,legacy_subindustry_rule,medium,exact_symbol,431.0,cap_251_500,0.7821681864235056,20137785412.5,20.1377854125,94766049.0,2026-06-10,TWSE basic issued common shares * TWSE latest close
4541.TWO,4541,TPEX,晟田,20,其他,robotics_automation,automation,other_electronics,electronics_automation_robotics,member,False,automation,robotics_automation,robotics_automation__small_mid,small_mid,735,0.6750774679061531,39097561.88011933,70905114.34344715,120.0,2026-06-18,50.900001525878906,2827223.0,trade_group_exact,high,False,legacy_subindustry_rule,medium,exact_symbol,1276.0,cap_1001_plus,0.3541033434650456,3159118075.6000004,3.1591180756000004,67647068.0,2026-06-10,TPEX daily market value shares * close; API MarketValue retained for audit
3583.TW,3583,TWSE,辛耘,24,半導體業,security_monitoring,automation,other_electronics,electronics_security_monitoring,member,False,automation,security_monitoring,security_monitoring__mid,mid,292,0.8711819389110226,312131487.0,839086213.3583333,120.0,2026-06-18,889.0,2595951.0,trade_group_exact,high,False,legacy_subindustry_rule,medium,exact_symbol,195.0,cap_101_250,0.9017223910840932,63152018880.0,63.15201888,80346080.0,2026-06-10,TWSE basic issued common shares * TWSE latest close
3169.TWO,3169,TPEX,亞信,24,半導體業,security_monitoring,automation,other_electronics,electronics_security_monitoring,member,False,automation,security_monitoring,security_monitoring__small,small,1094,0.516157591854803,13450664.24069214,31363229.770013683,120.0,2026-06-18,109.5,112100.0,trade_group_exact,high,False,legacy_subindustry_rule,medium,exact_symbol,889.0,cap_501_1000,0.5501519756838906,6720893476.5,6.7208934765,63106981.0,2026-06-10,TPEX daily market value shares * close; API MarketValue retained for audit
6237.TWO,6237,TPEX,驊訊,24,半導體業,security_monitoring,automation,other_electronics,electronics_security_monitoring,member,False,automation,security_monitoring,security_monitoring__small,small,1169,0.4829570606463037,10507408.574029922,12732687.366103817,120.0,2026-06-18,46.0,439600.0,trade_group_exact,high,False,legacy_subindustry_rule,medium,exact_symbol,1215.0,cap_1001_plus,0.3850050658561297,3504396324.0,3.504396324,79645371.0,2026-06-10,TPEX daily market value shares * close; API MarketValue retained for audit
2360.TW,2360,TWSE,致茂,31,其他電子業,test_measurement,automation,other_electronics,electronics_test_measurement,member,False,automation,test_measurement,test_measurement__large,large,45,0.980522355024347,3641612040.0,4819857565.341666,120.0,2026-06-18,2310.0,1905599.0,trade_group_exact,high,False,legacy_subindustry_rule,medium,exact_symbol,19.0,cap_001_050,0.9908814589665652,939793089820.0,939.79308982,425245742.0,2026-06-10,TWSE basic issued common shares * TWSE latest close
3030.TW,3030,TWSE,德律,31,其他電子業,test_measurement,automation,other_electronics,electronics_test_measurement,member,False,automation,test_measurement,test_measurement__mid_large,mid_large,137,0.9397963700752544,923577525.0,1268274341.3041666,120.0,2026-06-18,340.5,1601613.0,trade_group_exact,high,False,legacy_subindustry_rule,medium,exact_symbol,173.0,cap_101_250,0.9128672745694022,76297768000.0,76.297768,236216000.0,2026-06-10,TWSE basic issued common shares * TWSE latest close
3402.TWO,3402,TPEX,漢科,31,其他電子業,test_measurement,automation,other_electronics,electronics_test_measurement,member,False,automation,test_measurement,test_measurement__small_mid,small_mid,594,0.7374944665781319,75105500.0,154405009.70833334,120.0,2026-06-18,140.5,517209.0,trade_group_exact,high,False,legacy_subindustry_rule,medium,exact_symbol,715.0,cap_501_1000,0.6382978723404256,9642295344.0,9.642295344,73047692.0,2026-06-10,TPEX daily market value shares * close; API MarketValue retained for audit
8047.TWO,8047,TPEX,星雲,31,其他電子業,test_measurement,automation,other_electronics,electronics_test_measurement,member,False,automation,test_measurement,test_measurement__small,small,1230,0.4559539619300575,8697779.061870575,16370614.75343469,120.0,2026-06-18,49.45000076293945,24000.0,trade_group_exact,high,False,legacy_subindustry_rule,medium,exact_symbol,1491.0,cap_1001_plus,0.2451874366767984,2154149933.1,2.1541499331,41666343.0,2026-06-10,TPEX daily market value shares * close; API MarketValue retained for audit
2423.TW,2423,TWSE,固緯,31,其他電子業,test_measurement,automation,other_electronics,electronics_test_measurement,member,False,automation,test_measurement,test_measurement__small,small,1353,0.4015050907481187,6355668.911027908,9799188.140750883,120.0,2026-06-18,77.69999694824219,93291.0,trade_group_exact,high,False,legacy_subindustry_rule,medium,exact_symbol,665.0,cap_501_1000,0.6636271529888551,10733499386.0,10.733499386,145047289.0,2026-06-10,TWSE basic issued common shares * TWSE latest close
5438.TWO,5438,TPEX,東友,25,電腦及週邊設備業,test_measurement,automation,other_electronics,electronics_test_measurement,member,False,automation,test_measurement,test_measurement__small,small,1482,0.3444001770694997,4486548.4,6337759.769661309,120.0,2026-06-18,19.200000762939453,484148.0,trade_group_exact,high,False,legacy_subindustry_rule,medium,exact_symbol,1506.0,cap_1001_plus,0.2375886524822694,2126941078.5,2.1269410785,112536565.0,2026-06-10,TPEX daily market value shares * close; API MarketValue retained for audit
8210.TW,8210,TWSE,勤誠,25,電腦及週邊設備業,case_chassis,computer,computer,computer_case_chassis,member,False,computer_hardware,case_chassis,case_chassis__large,large,70,0.9694555112881806,2191128403.0,2491348110.116667,120.0,2026-06-18,1365.0,1073522.0,trade_group_exact,high,False,legacy_subindustry_rule,medium,exact_symbol,93.0,cap_051_100,0.9533941236068896,181086165970.0,181.08616597,125319146.0,2026-06-10,TWSE basic issued common shares * TWSE latest close
2474.TW,2474,TWSE,可成,31,其他電子業,component_metal_case,electronics_component,components,component_metal_case,member,False,computer_hardware,case_chassis,case_chassis__mid_large,mid_large,189,0.9167773351040284,579936483.5,727968463.4,120.0,2026-06-18,202.5,7244949.0,trade_group_exact,high,False,legacy_subindustry_rule,medium,exact_symbol,125.0,cap_101_250,0.9371833839918946,114799974406.0,114.799974406,561369068.0,2026-06-10,TWSE basic issued common shares * TWSE latest close
3013.TW,3013,TWSE,晟銘電,25,電腦及週邊設備業,case_chassis,computer,computer,computer_case_chassis,member,False,computer_hardware,case_chassis,case_chassis__mid,mid,269,0.8813634351482957,365874018.0,561891949.4208624,120.0,2026-06-18,113.0,2271505.0,trade_group_exact,high,False,legacy_subindustry_rule,medium,exact_symbol,400.0,cap_251_500,0.7978723404255319,22257573905.0,22.257573905,205138930.0,2026-06-10,TWSE basic issued common shares * TWSE latest close
5289.TWO,5289,TPEX,宜鼎,25,電腦及週邊設備業,computer_general,computer,computer,computer_general,member,False,computer_hardware,computer_general,computer_general__large,large,49,0.9787516600265604,3081191099.5,3952999919.1,120.0,2026-06-18,1930.0,3435107.0,trade_group_exact,high,True,legacy_subindustry_rule,medium,official_code_fallback,99.0,cap_051_100,0.950354609929078,172957614515.0,172.957614515,96355217.0,2026-06-10,TPEX daily market value shares * close; API MarketValue retained for audit
6831.TW,6831,TWSE,邁科,25,電腦及週邊設備業,computer_general,computer,computer,computer_general,member,False,computer_hardware,computer_general,computer_general__mid,mid,237,0.8955289951305887,419747347.5,449338289.98432577,120.0,2026-06-18,773.0,830203.0,trade_group_exact,high,True,legacy_subindustry_rule,medium,official_code_fallback,234.0,cap_101_250,0.8819655521783182,49342500000.0,49.3425,67500000.0,2026-06-10,TWSE basic issued common shares * TWSE latest close
3693.TWO,3693,TPEX,營邦,25,電腦及週邊設備業,computer_general,computer,computer,computer_general,member,False,computer_hardware,computer_general,computer_general__mid,mid,239,0.8946436476316955,417280362.75,919622338.1166668,120.0,2026-06-18,500.0,554639.0,trade_group_exact,high,True,legacy_subindustry_rule,medium,official_code_fallback,412.0,cap_251_500,0.7917933130699089,21430860959.0,21.430860959,42990694.0,2026-06-10,TPEX daily market value shares * close; API MarketValue retained for audit
3701.TW,3701,TWSE,大眾控,25,電腦及週邊設備業,computer_general,computer,computer,computer_general,member,False,computer_hardware,computer_general,computer_general__mid,mid,350,0.8455068614431165,215035494.0,416437081.1445748,120.0,2026-06-18,48.45000076293945,875453.0,trade_group_exact,high,True,legacy_subindustry_rule,medium,official_code_fallback,643.0,cap_501_1000,0.6747720364741641,11382269329.6,11.3822693296,236637616.0,2026-06-10,TWSE basic issued common shares * TWSE latest close
3709.TWO,3709,TPEX,鑫聯大投控,25,電腦及週邊設備業,computer_general,computer,computer,computer_general,member,False,computer_hardware,computer_general,computer_general__mid,mid,355,0.8432934926958832,210793447.0,312428392.4810533,120.0,2026-06-18,74.4000015258789,864354.0,trade_group_exact,high,True,legacy_subindustry_rule,medium,official_code_fallback,664.0,cap_501_1000,0.6641337386018238,10772139300.0,10.7721393,145569450.0,2026-06-10,TPEX daily market value shares * close; API MarketValue retained for audit
5386.TWO,5386,TPEX,青雲,25,電腦及週邊設備業,computer_general,computer,computer,computer_general,member,False,computer_hardware,computer_general,computer_general__mid,mid,420,0.8145196989818504,153645747.75,373262181.8609769,120.0,2026-06-18,521.0,1168297.0,trade_group_exact,high,True,legacy_subindustry_rule,medium,official_code_fallback,466.0,cap_251_500,0.7644376899696048,17860036095.0,17.860036095,36080881.0,2026-06-10,TPEX daily market value shares * close; API MarketValue retained for audit
8114.TW,8114,TWSE,振樺電,25,電腦及週邊設備業,computer_general,computer,computer,computer_general,member,False,computer_hardware,computer_general,computer_general__small_mid,small_mid,549,0.7574147853032316,91451402.25,121734677.19166666,120.0,2026-06-18,212.0,588057.0,trade_group_exact,high,True,legacy_subindustry_rule,medium,official_code_fallback,511.0,cap_501_1000,0.7416413373860182,15488773830.0,15.48877383,76487772.0,2026-06-10,TWSE basic issued common shares * TWSE latest close
7711.TW,7711,TWSE,永擎,25,電腦及週邊設備業,computer_general,computer,computer,computer_general,member,False,computer_hardware,computer_general,computer_general__small_mid,small_mid,602,0.7339530765825586,70854375.0,170005129.275,120.0,2026-06-18,364.5,224200.0,trade_group_exact,high,True,legacy_subindustry_rule,medium,official_code_fallback,363.0,cap_251_500,0.8166160081053698,25322170835.0,25.322170835,71734195.0,2026-06-10,TWSE basic issued common shares * TWSE latest close
6206.TW,6206,TWSE,飛捷,25,電腦及週邊設備業,computer_general,computer,computer,computer_general,member,False,computer_hardware,computer_general,computer_general__small_mid,small_mid,623,0.7246569278441788,64699448.56914139,85305065.84186535,120.0,2026-06-18,131.5,1050560.0,trade_group_exact,high,True,legacy_subindustry_rule,medium,official_code_fallback,445.0,cap_251_500,0.7750759878419453,18955757930.0,18.95575793,143062324.0,2026-06-10,TWSE basic issued common shares * TWSE latest close
8234.TWO,8234,TPEX,新漢,25,電腦及週邊設備業,computer_general,computer,computer,computer_general,member,False,computer_hardware,computer_general,computer_general__small_mid,small_mid,665,0.7060646303674192,53065380.49543762,79607092.58640888,120.0,2026-06-18,63.59999847412109,378096.0,trade_group_exact,high,True,legacy_subindustry_rule,medium,official_code_fallback,751.0,cap_501_1000,0.6200607902735562,8953758324.8,8.953758324799999,141226472.0,2026-06-10,TPEX daily market value shares * close; API MarketValue retained for audit
1569.TWO,1569,TPEX,濱川,25,電腦及週邊設備業,computer_general,computer,computer,computer_general,member,False,computer_hardware,computer_general,computer_general__small_mid,small_mid,713,0.6848162903939796,42867742.72724152,81457474.64528023,120.0,2026-06-18,48.70000076293945,514200.0,trade_group_exact,high,True,legacy_subindustry_rule,medium,official_code_fallback,869.0,cap_501_1000,0.5602836879432624,7039275120.799999,7.039275120799999,144247441.0,2026-06-10,TPEX daily market value shares * close; API MarketValue retained for audit
3483.TWO,3483,TPEX,力致,25,電腦及週邊設備業,computer_general,computer,computer,computer_general,member,False,computer_hardware,computer_general,computer_general__small_mid,small_mid,717,0.683045595396193,41993889.87622833,67604527.613963,120.0,2026-06-18,93.8000030517578,502147.0,trade_group_exact,high,True,legacy_subindustry_rule,medium,official_code_fallback,755.0,cap_501_1000,0.6180344478216819,8914433130.0,8.91443313,99049257.0,2026-06-10,TPEX daily market value shares * close; API MarketValue retained for audit
3213.TWO,3213,TPEX,茂訊,25,電腦及週邊設備業,computer_general,computer,computer,computer_general,member,False,computer_hardware,computer_general,computer_general__small,small,813,0.6405489154493138,29903777.75,47093009.3588426,120.0,2026-06-18,134.0,398332.0,trade_group_exact,high,True,legacy_subindustry_rule,medium,official_code_fallback,823.0,cap_501_1000,0.5835866261398177,7570435563.0,7.570435563,58685547.0,2026-06-10,TPEX daily market value shares * close; API MarketValue retained for audit
5474.TWO,5474,TPEX,聰泰,25,電腦及週邊設備業,computer_general,computer,computer,computer_general,member,False,computer_hardware,computer_general,computer_general__small,small,838,0.6294820717131474,28353250.0,45604289.6875,120.0,2026-06-18,188.0,1207500.0,trade_group_exact,high,True,legacy_subindustry_rule,medium,official_code_fallback,872.0,cap_501_1000,0.5587639311043566,6977343672.0,6.977343672,39756944.0,2026-06-10,TPEX daily market value shares * close; API MarketValue retained for audit
3479.TWO,3479,TPEX,安勤,25,電腦及週邊設備業,computer_general,computer,computer,computer_general,member,False,computer_hardware,computer_general,computer_general__small,small,871,0.6148738379814077,25781571.94869232,31783472.111179035,120.0,2026-06-18,136.5,2472300.0,trade_group_exact,high,True,legacy_subindustry_rule,medium,official_code_fallback,720.0,cap_501_1000,0.6357649442755826,9478236402.0,9.478236402,72630164.0,2026-06-10,TPEX daily market value shares * close; API MarketValue retained for audit
6591.TW,6591,TWSE,動力-KY,25,電腦及週邊設備業,computer_general,computer,computer,computer_general,member,False,computer_hardware,computer_general,computer_general__small,small,945,0.582115980522355,20679344.983291622,30545470.7694623,120.0,2026-06-18,55.5,133063.0,trade_group_exact,high,True,legacy_subindustry_rule,medium,official_code_fallback,1461.0,cap_1001_plus,0.2603850050658561,2265847821.5,2.2658478215,41122465.0,2026-06-10,TWSE basic issued common shares * TWSE latest close
8163.TW,8163,TWSE,達方,25,電腦及週邊設備業,computer_general,computer,computer,computer_general,member,False,computer_hardware,computer_general,computer_general__small,small,953,0.5785745905267818,20110875.673948288,29794465.705491908,120.0,2026-06-18,44.95000076293945,7651755.0,trade_group_exact,high,True,legacy_subindustry_rule,medium,official_code_fallback,631.0,cap_501_1000,0.6808510638297872,11774000042.05,11.77400004205,280000001.0,2026-06-10,TWSE basic issued common shares * TWSE latest close
6933.TW,6933,TWSE,AMAX-KY,25,電腦及週邊設備業,computer_general,computer,computer,computer_general,member,False,computer_hardware,computer_general,computer_general__small,small,955,0.5776892430278884,20092250.0,58048061.62083333,120.0,2026-06-18,157.0,93050.0,trade_group_exact,high,True,legacy_subindustry_rule,medium,official_code_fallback,908.0,cap_501_1000,0.5405268490374873,6357720000.0,6.35772,42384800.0,2026-06-10,TWSE basic issued common shares * TWSE latest close
3712.TW,3712,TWSE,永崴投控,25,電腦及週邊設備業,computer_general,computer,computer,computer_general,member,False,computer_hardware,computer_general,computer_general__small,small,1025,0.5467020805666224,16515734.34780693,24318479.556036964,120.0,2026-06-18,17.649999618530273,512232.0,trade_group_exact,high,True,legacy_subindustry_rule,medium,official_code_fallback,1085.0,cap_1001_plus,0.4508611955420466,4432358628.0,4.432358628,246242146.0,2026-06-10,TWSE basic issued common shares * TWSE latest close
6150.TWO,6150,TPEX,撼訊,25,電腦及週邊設備業,computer_general,computer,computer,computer_general,member,False,computer_hardware,computer_general,computer_general__small,small,1051,0.5351925630810093,15496983.832523346,22515791.72317847,120.0,2026-06-18,64.30000305175781,281250.0,trade_group_exact,high,True,legacy_subindustry_rule,medium,official_code_fallback,1296.0,cap_1001_plus,0.3439716312056737,3011954865.5,3.0119548655,48345985.0,2026-06-10,TPEX daily market value shares * close; API MarketValue retained for audit
8076.TWO,8076,TPEX,伍豐,25,電腦及週邊設備業,computer_general,computer,computer,computer_general,member,False,computer_hardware,computer_general,computer_general__small,small,1092,0.5170429393536964,13574818.992080688,19964029.18288844,120.0,2026-06-18,25.75,1631563.0,trade_group_exact,high,True,legacy_subindustry_rule,medium,official_code_fallback,812.0,cap_501_1000,0.5891590678824721,7772881547.200001,7.772881547200001,292213592.0,2026-06-10,TPEX daily market value shares * close; API MarketValue retained for audit
3625.TWO,3625,TPEX,西勝,25,電腦及週邊設備業,computer_general,computer,computer,computer_general,member,False,computer_hardware,computer_general,computer_general__small,small,1148,0.4922532093846835,11064552.018875122,14605610.052496782,120.0,2026-06-18,15.800000190734863,182001.0,trade_group_exact,high,True,legacy_subindustry_rule,medium,official_code_fallback,1591.0,cap_1001_plus,0.1945288753799392,1730838489.75,1.73083848975,114246765.0,2026-06-10,TPEX daily market value shares * close; API MarketValue retained for audit
3594.TWO,3594,TPEX,磐儀,25,電腦及週邊設備業,computer_general,computer,computer,computer_general,member,False,computer_hardware,computer_general,computer_general__small,small,1202,0.4683488269145639,9326522.77021408,24547797.48330403,120.0,2026-06-18,47.95000076293945,216011.0,trade_group_exact,high,True,legacy_subindustry_rule,medium,official_code_fallback,1117.0,cap_1001_plus,0.4346504559270516,4236120005.7,4.2361200057,95948358.0,2026-06-10,TPEX daily market value shares * close; API MarketValue retained for audit
6922.TWO,6922,TPEX,宸曜,25,電腦及週邊設備業,computer_general,computer,computer,computer_general,member,False,computer_hardware,computer_general,computer_general__small,small,1203,0.4679061531651173,9314448.0,18792865.39583333,120.0,2026-06-18,186.0,157049.0,trade_group_exact,high,True,legacy_subindustry_rule,medium,official_code_fallback,1012.0,cap_1001_plus,0.4878419452887538,5132367765.0,5.132367765,27155385.0,2026-06-10,TPEX daily market value shares * close; API MarketValue retained for audit
3349.TWO,3349,TPEX,寶德,25,電腦及週邊設備業,computer_general,computer,computer,computer_general,member,False,computer_hardware,computer_general,computer_general__small,small,1211,0.464364763169544,9159949.751853945,13701743.627884408,120.0,2026-06-18,18.25,69020.0,trade_group_exact,high,True,legacy_subindustry_rule,medium,official_code_fallback,1873.0,cap_1001_plus,0.0516717325227963,822378916.8000001,0.8223789168000001,46071648.0,2026-06-10,TPEX daily market value shares * close; API MarketValue retained for audit
3071.TWO,3071,TPEX,協禧,25,電腦及週邊設備業,computer_general,computer,computer,computer_general,member,False,computer_hardware,computer_general,computer_general__small,small,1214,0.463036741921204,9068334.880298616,21501931.768657908,120.0,2026-06-18,33.20000076293945,904704.0,trade_group_exact,high,True,legacy_subindustry_rule,medium,official_code_fallback,1200.0,cap_1001_plus,0.3926038500506585,3591500000.0,3.5915,110000000.0,2026-06-10,TPEX daily market value shares * close; API MarketValue retained for audit
3611.TWO,3611,TPEX,鼎翰,25,電腦及週邊設備業,computer_general,computer,computer,computer_general,member,False,computer_hardware,computer_general,computer_general__small,small,1254,0.4453297919433377,8010197.0,10225602.825,120.0,2026-06-18,193.0,35004.0,trade_group_exact,high,True,legacy_subindustry_rule,medium,official_code_fallback,742.0,cap_501_1000,0.6246200607902735,9106712411.0,9.106712411,47554634.0,2026-06-10,TPEX daily market value shares * close; API MarketValue retained for audit
3577.TWO,3577,TPEX,泓格,25,電腦及週邊設備業,computer_general,computer,computer,computer_general,member,False,computer_hardware,computer_general,computer_general__small,small,1264,0.4409030544488712,7826034.099626541,10462354.79221995,120.0,2026-06-18,121.5,447200.0,trade_group_exact,high,True,legacy_subindustry_rule,medium,official_code_fallback,799.0,cap_501_1000,0.5957446808510638,8091655104.5,8.0916551045,63965653.0,2026-06-10,TPEX daily market value shares * close; API MarketValue retained for audit
6928.TW,6928,TWSE,攸泰科技,25,電腦及週邊設備業,computer_general,computer,computer,computer_general,member,False,computer_hardware,computer_general,computer_general__small,small,1330,0.4116865869853917,6756104.558094025,10198160.27269996,120.0,2026-06-18,47.95000076293945,90010.0,trade_group_exact,high,True,legacy_subindustry_rule,medium,official_code_fallback,1184.0,cap_1001_plus,0.400709219858156,3698000000.0,3.698,86000000.0,2026-06-10,TWSE basic issued common shares * TWSE latest close
3540.TWO,3540,TPEX,曜越,25,電腦及週邊設備業,computer_general,computer,computer,computer_general,member,False,computer_hardware,computer_general,computer_general__small,small,1334,0.4099158919876051,6692091.970478058,9112700.527132446,120.0,2026-06-18,25.5,552877.0,trade_group_exact,high,True,legacy_subindustry_rule,medium,official_code_fallback,1492.0,cap_1001_plus,0.2446808510638297,2153692974.0,2.153692974,84458548.0,2026-06-10,TPEX daily market value shares * close; API MarketValue retained for audit
5426.TWO,5426,TPEX,振發,25,電腦及週邊設備業,computer_general,computer,computer,computer_general,member,False,computer_hardware,computer_general,computer_general__small,small,1348,0.4037184594953519,6421327.813343048,8289482.361641373,120.0,2026-06-18,37.900001525878906,1451402.0,trade_group_exact,high,True,legacy_subindustry_rule,medium,official_code_fallback,1055.0,cap_1001_plus,0.4660587639311043,4666310000.0,4.66631,143800000.0,2026-06-10,TPEX daily market value shares * close; API MarketValue retained for audit
6277.TW,6277,TWSE,宏正,25,電腦及週邊設備業,computer_general,computer,computer,computer_general,member,False,computer_hardware,computer_general,computer_general__small,small,1380,0.3895528995130588,5883696.1039123535,12322127.779137485,120.0,2026-06-18,72.4000015258789,315005.0,trade_group_exact,high,True,legacy_subindustry_rule,medium,official_code_fallback,765.0,cap_501_1000,0.612968591691996,8745289351.2,8.7452893512,119471166.0,2026-06-10,TWSE basic issued common shares * TWSE latest close
6161.TWO,6161,TPEX,捷波,25,電腦及週邊設備業,computer_general,computer,computer,computer_general,member,False,computer_hardware,computer_general,computer_general__small,small,1466,0.3514829570606462,4686800.376893997,5738612.147237841,120.0,2026-06-18,52.79999923706055,126500.0,trade_group_exact,high,True,legacy_subindustry_rule,medium,official_code_fallback,1310.0,cap_1001_plus,0.3368794326241134,2929972551.7000003,2.9299725517,56237477.0,2026-06-10,TPEX daily market value shares * close; API MarketValue retained for audit
3325.TWO,3325,TPEX,旭品,25,電腦及週邊設備業,computer_general,computer,computer,computer_general,member,False,computer_hardware,computer_general,computer_general__small,small,1557,0.3111996458610004,3689079.072177887,4229374.336331634,120.0,2026-06-18,12.600000381469728,179153.0,trade_group_exact,high,True,legacy_subindustry_rule,medium,official_code_fallback,1670.0,cap_1001_plus,0.1545086119554204,1399141347.0,1.399141347,110168610.0,2026-06-10,TPEX daily market value shares * close; API MarketValue retained for audit
6570.TWO,6570,TPEX,維田,25,電腦及週邊設備業,computer_general,computer,computer,computer_general,member,False,computer_hardware,computer_general,computer_general__small,small,1683,0.2554227534307215,2504098.02479744,3304733.5981868804,120.0,2026-06-18,54.59999847412109,226031.0,trade_group_exact,high,True,legacy_subindustry_rule,medium,official_code_fallback,1494.0,cap_1001_plus,0.2436676798378926,2152911860.0,2.15291186,37119170.0,2026-06-10,TPEX daily market value shares * close; API MarketValue retained for audit
4987.TWO,4987,TPEX,科誠,25,電腦及週邊設備業,computer_general,computer,computer,computer_general,member,False,computer_hardware,computer_general,computer_general__small,small,1684,0.2549800796812749,2503529.5999908447,5722973.053223101,120.0,2026-06-18,,,trade_group_exact,high,True,legacy_subindustry_rule,medium,official_code_fallback,,,,,,,,
5356.TWO,5356,TPEX,協益,25,電腦及週邊設備業,computer_general,computer,computer,computer_general,member,False,computer_hardware,computer_general,computer_general__small,small,1696,0.249667994687915,2452233.718734741,3793860.276846132,120.0,2026-06-18,28.0,173050.0,trade_group_exact,high,True,legacy_subindustry_rule,medium,official_code_fallback,1322.0,cap_1001_plus,0.3308004052684904,2869664000.0,2.869664,103040000.0,2026-06-10,TPEX daily market value shares * close; API MarketValue retained for audit
6128.TW,6128,TWSE,上福,25,電腦及週邊設備業,computer_general,computer,computer,computer_general,member,False,computer_hardware,computer_general,computer_general__small,small,1732,0.2337317397078353,2190382.8461561203,3520946.245603307,120.0,2026-06-18,21.0,164864.0,trade_group_exact,high,True,legacy_subindustry_rule,medium,official_code_fallback,1388.0,cap_1001_plus,0.2973657548125633,2590051422.0,2.590051422,127588740.0,2026-06-10,TWSE basic issued common shares * TWSE latest close
3287.TWO,3287,TPEX,廣寰科,25,電腦及週邊設備業,computer_general,computer,computer,computer_general,member,False,computer_hardware,computer_general,computer_general__small,small,1764,0.2195661797255422,1966550.0507354736,2979819.787018849,120.0,2026-06-18,33.54999923706055,164096.0,trade_group_exact,high,True,legacy_subindustry_rule,medium,official_code_fallback,1649.0,cap_1001_plus,0.1651469098277609,1477408228.8,1.4774082288,43970483.0,2026-06-10,TPEX daily market value shares * close; API MarketValue retained for audit
6160.TWO,6160,TPEX,欣技,25,電腦及週邊設備業,computer_general,computer,computer,computer_general,member,False,computer_hardware,computer_general,computer_general__small,small,1765,0.2191235059760956,1963317.0213651657,2319041.5766672515,120.0,2026-06-18,16.799999237060547,65000.0,trade_group_exact,high,True,legacy_subindustry_rule,medium,official_code_fallback,1767.0,cap_1001_plus,0.105369807497467,1133494936.0,1.133494936,68489120.0,2026-06-10,TPEX daily market value shares * close; API MarketValue retained for audit
6577.TWO,6577,TPEX,勁豐,25,電腦及週邊設備業,computer_general,computer,computer,computer_general,member,False,computer_hardware,computer_general,computer_general__small,small,1770,0.2169101372288623,1939787.5785217285,2264932.952093188,120.0,2026-06-18,75.69999694824219,99046.0,trade_group_exact,high,True,legacy_subindustry_rule,medium,official_code_fallback,1046.0,cap_1001_plus,0.4706180344478217,4774781527.5,4.7747815275,60060145.0,2026-06-10,TPEX daily market value shares * close; API MarketValue retained for audit
6441.TWO,6441,TPEX,廣錠,25,電腦及週邊設備業,computer_general,computer,computer,computer_general,member,False,computer_hardware,computer_general,computer_general__small,small,1793,0.2067286409915891,1746035.1121473312,4195445.87461057,120.0,2026-06-18,22.700000762939453,69001.0,trade_group_exact,high,True,legacy_subindustry_rule,medium,official_code_fallback,1710.0,cap_1001_plus,0.1342451874366768,1295637824.7,1.2956378247,53318429.0,2026-06-10,TPEX daily market value shares * close; API MarketValue retained for audit
5215.TW,5215,TWSE,科嘉-KY,25,電腦及週邊設備業,computer_general,computer,computer,computer_general,member,False,computer_hardware,computer_general,computer_general__small,small,1825,0.1925630810092962,1571674.9992370603,2084677.698989709,120.0,2026-06-18,45.34999847412109,204003.0,trade_group_exact,high,True,legacy_subindustry_rule,medium,official_code_fallback,1333.0,cap_1001_plus,0.3252279635258358,2830850000.0,2.83085,64337500.0,2026-06-10,TWSE basic issued common shares * TWSE latest close
3652.TW,3652,TWSE,精聯,25,電腦及週邊設備業,computer_general,computer,computer,computer_general,member,False,computer_hardware,computer_general,computer_general__small,small,1888,0.1646746347941566,1235299.991607666,2200951.0673278808,120.0,2026-06-18,40.20000076293945,2839789.0,trade_group_exact,high,True,legacy_subindustry_rule,medium,official_code_fallback,1415.0,cap_1001_plus,0.2836879432624113,2451933375.0,2.451933375,75097500.0,2026-06-10,TWSE basic issued common shares * TWSE latest close
3494.TW,3494,TWSE,誠研,25,電腦及週邊設備業,computer_general,computer,computer,computer_general,member,False,computer_hardware,computer_general,computer_general__small,small,1904,0.1575918548030102,1157955.5988440514,2245611.989971598,120.0,2026-06-18,8.050000190734863,134985.0,trade_group_exact,high,True,legacy_subindustry_rule,medium,official_code_fallback,1885.0,cap_1001_plus,0.0455927051671732,770724000.0000001,0.7707240000000001,94800000.0,2026-06-10,TWSE basic issued common shares * TWSE latest close
8410.TWO,8410,TPEX,森田,25,電腦及週邊設備業,computer_general,computer,computer,computer_general,member,False,computer_hardware,computer_general,computer_general__small,small,1910,0.1549358123063302,1122175.033569336,1502818.8714366977,120.0,2026-06-18,32.900001525878906,24000.0,trade_group_exact,high,True,legacy_subindustry_rule,medium,official_code_fallback,1726.0,cap_1001_plus,0.1261398176291793,1251350640.0,1.25135064,36589200.0,2026-06-10,TPEX daily market value shares * close; API MarketValue retained for audit
3272.TWO,3272,TPEX,東碩,25,電腦及週邊設備業,computer_general,computer,computer,computer_general,member,False,computer_hardware,computer_general,computer_general__small,small,1920,0.1505090748118637,1072730.0386428833,2061556.066144724,120.0,2026-06-18,16.700000762939453,111000.0,trade_group_exact,high,True,legacy_subindustry_rule,medium,official_code_fallback,1816.0,cap_1001_plus,0.080547112462006,1009417018.5,1.0094170185,61176789.0,2026-06-10,TPEX daily market value shares * close; API MarketValue retained for audit
5223.TWO,5223,TPEX,安力-KY,25,電腦及週邊設備業,computer_general,computer,computer,computer_general,member,False,computer_hardware,computer_general,computer_general__small,small,1953,0.1359008410801239,932700.0131607056,1343569.924734907,120.0,2026-06-18,25.600000381469727,117000.0,trade_group_exact,high,True,legacy_subindustry_rule,medium,official_code_fallback,1773.0,cap_1001_plus,0.1023302938196555,1124881970.25,1.12488197025,44549781.0,2026-06-10,TPEX daily market value shares * close; API MarketValue retained for audit
9912.TW,9912,TWSE,偉聯,25,電腦及週邊設備業,computer_general,computer,computer,computer_general,member,False,computer_hardware,computer_general,computer_general__small,small,2081,0.0792386011509517,542159.1164140702,846893.4103102207,120.0,2026-06-18,12.649999618530272,24400.0,trade_group_exact,high,True,legacy_subindustry_rule,medium,official_code_fallback,1910.0,cap_1001_plus,0.0329280648429585,677132112.5,0.6771321125,54170569.0,2026-06-10,TWSE basic issued common shares * TWSE latest close
4924.TWO,4924,TPEX,欣厚-KY,25,電腦及週邊設備業,computer_general,computer,computer,computer_general,member,False,computer_hardware,computer_general,computer_general__small,small,2094,0.0734838424081452,503579.2458987236,578211.5020529985,120.0,2026-06-18,11.399999618530272,49000.0,trade_group_exact,high,True,legacy_subindustry_rule,medium,official_code_fallback,1953.0,cap_1001_plus,0.011144883485309,444114687.55,0.4441146875499999,37164409.0,2026-06-10,TPEX daily market value shares * close; API MarketValue retained for audit
6680.TWO,6680,TPEX,鑫創電子,25,電腦及週邊設備業,computer_general,computer,computer,computer_general,member,False,computer_hardware,computer_general,computer_general__small,small,2098,0.0717131474103586,496400.00343322754,777946.5860640208,120.0,2026-06-18,51.5,73009.0,trade_group_exact,high,True,legacy_subindustry_rule,medium,official_code_fallback,1696.0,cap_1001_plus,0.1413373860182371,1331854076.0,1.331854076,23954210.0,2026-06-10,TPEX daily market value shares * close; API MarketValue retained for audit
6228.TWO,6228,TPEX,全譜,25,電腦及週邊設備業,computer_general,computer,computer,computer_general,member,False,computer_hardware,computer_general,computer_general__small,small,2162,0.0433820274457724,269000.00190734863,490726.63488161727,120.0,2026-06-18,20.5,45000.0,trade_group_exact,high,True,legacy_subindustry_rule,medium,official_code_fallback,1933.0,cap_1001_plus,0.0212765957446808,559000000.0,0.559,26000000.0,2026-06-10,TPEX daily market value shares * close; API MarketValue retained for audit
3060.TW,3060,TWSE,銘異,25,電腦及週邊設備業,computer_mechanical,computer,computer,computer_mechanical,member,False,computer_hardware,computer_mechanical,computer_mechanical__mid,mid,400,0.8233731739707835,172747979.65714645,302422257.5968884,120.0,2026-06-18,37.900001525878906,22236799.0,trade_group_exact,high,False,legacy_subindustry_rule,medium,exact_symbol,1146.0,cap_1001_plus,0.4199594731509625,4009966988.5,4.0099669885,137563190.0,2026-06-10,TWSE basic issued common shares * TWSE latest close
2365.TW,2365,TWSE,昆盈,25,電腦及週邊設備業,computer_peripheral,computer,computer,computer_peripheral,member,False,computer_hardware,computer_peripheral,computer_peripheral__small_mid,small_mid,574,0.7463479415670651,81794784.70748138,164617092.76394776,120.0,2026-06-18,34.04999923706055,1912098.0,trade_group_exact,high,False,legacy_subindustry_rule,medium,exact_symbol,829.0,cap_501_1000,0.5805471124620061,7487663164.799999,7.487663164799999,221528496.0,2026-06-10,TWSE basic issued common shares * TWSE latest close
3323.TWO,3323,TPEX,加百裕,25,電腦及週邊設備業,computer_peripheral,computer,computer,computer_peripheral,member,False,computer_hardware,computer_peripheral,computer_peripheral__small_mid,small_mid,625,0.7237715803452855,64120378.58733749,128172505.85230751,120.0,2026-06-18,35.5,716138.0,trade_group_exact,high,False,legacy_subindustry_rule,medium,exact_symbol,1229.0,cap_1001_plus,0.3779128672745694,3396400202.5,3.3964002025,99455350.0,2026-06-10,TPEX daily market value shares * close; API MarketValue retained for audit
3002.TW,3002,TWSE,歐格,25,電腦及週邊設備業,computer_peripheral,computer,computer,computer_peripheral,member,False,computer_hardware,computer_peripheral,computer_peripheral__small,small,1086,0.5196989818503763,13939959.894292831,54988766.230437376,120.0,2026-06-18,22.950000762939453,4754224.0,trade_group_exact,high,False,legacy_subindustry_rule,medium,exact_symbol,1548.0,cap_1001_plus,0.2163120567375887,1948200000.0,1.9482,102000000.0,2026-06-10,TWSE basic issued common shares * TWSE latest close
2465.TW,2465,TWSE,麗臺,25,電腦及週邊設備業,computer_gpu_board,computer,computer,computer_gpu_board,member,False,computer_hardware,gpu_board,gpu_board__small,small,926,0.5905267817618416,21589768.65155601,59473147.358560815,120.0,2026-06-18,80.9000015258789,978935.0,trade_group_exact,high,False,legacy_subindustry_rule,medium,exact_symbol,852.0,cap_501_1000,0.5688956433637284,7243238990.099999,7.243238990099999,93946031.0,2026-06-10,TWSE basic issued common shares * TWSE latest close
2395.TW,2395,TWSE,研華,25,電腦及週邊設備業,industrial_pc,computer,computer,computer_industrial,leader,True,computer_hardware,industrial_pc,industrial_pc__mid_large,mid_large,172,0.9243027888446216,675881737.0,878214204.5541667,120.0,2026-06-18,494.0,4214524.0,trade_group_exact,high,False,exact_symbol,high,exact_symbol,49.0,cap_001_050,0.9756838905775076,404172463698.5,404.1724636985,868254487.0,2026-06-10,TWSE basic issued common shares * TWSE latest close
6414.TW,6414,TWSE,樺漢,25,電腦及週邊設備業,industrial_pc,computer,computer,computer_general,leader,True,computer_hardware,industrial_pc,industrial_pc__mid,mid,351,0.8450641876936698,214767680.25,273294644.89166665,120.0,2026-06-18,383.0,1970512.0,trade_group_exact,high,False,exact_symbol,high,official_code_fallback,210.0,cap_101_250,0.8941236068895644,56603922036.0,56.603922036,145886397.0,2026-06-10,TWSE basic issued common shares * TWSE latest close
3022.TW,3022,TWSE,威強電,25,電腦及週邊設備業,industrial_pc,computer,computer,computer_industrial,member,False,computer_hardware,industrial_pc,industrial_pc__small_mid,small_mid,740,0.6728640991589199,38361783.76866531,50689527.06676455,120.0,2026-06-18,84.5,1427491.0,trade_group_exact,high,False,legacy_subindustry_rule,medium,exact_symbol,524.0,cap_501_1000,0.7350557244174265,15010812150.0,15.01081215,176597790.0,2026-06-10,TWSE basic issued common shares * TWSE latest close
6117.TW,6117,TWSE,迎廣,25,電腦及週邊設備業,industrial_pc,computer,computer,computer_industrial,member,False,computer_hardware,industrial_pc,industrial_pc__small_mid,small_mid,759,0.6644532979194333,35933516.4847374,50675934.27287152,120.0,2026-06-18,76.0999984741211,297000.0,trade_group_exact,high,False,legacy_subindustry_rule,medium,exact_symbol,854.0,cap_501_1000,0.5678824721377913,7200032742.4,7.2000327424,92545408.0,2026-06-10,TWSE basic issued common shares * TWSE latest close
3416.TW,3416,TWSE,融程電,25,電腦及週邊設備業,industrial_pc,computer,computer,computer_industrial,member,False,computer_hardware,industrial_pc,industrial_pc__small_mid,small_mid,764,0.6622399291722001,35075371.25,44626127.645833336,120.0,2026-06-18,176.0,224158.0,trade_group_exact,high,False,legacy_subindustry_rule,medium,exact_symbol,550.0,cap_501_1000,0.7218844984802432,14046162690.5,14.0461626905,80493769.0,2026-06-10,TWSE basic issued common shares * TWSE latest close
3088.TWO,3088,TPEX,艾訊,25,電腦及週邊設備業,industrial_pc,computer,computer,computer_industrial,member,False,computer_hardware,industrial_pc,industrial_pc__small,small,845,0.6263833554670208,27648030.384780884,74095350.42326273,120.0,2026-06-18,145.0,2185694.0,trade_group_exact,high,False,legacy_subindustry_rule,medium,exact_symbol,519.0,cap_501_1000,0.7375886524822695,15156537871.5,15.1565378715,108649017.0,2026-06-10,TPEX daily market value shares * close; API MarketValue retained for audit
5258.TW,5258,TWSE,虹堡,25,電腦及週邊設備業,industrial_pc,computer,computer,computer_industrial,member,False,computer_hardware,industrial_pc,industrial_pc__small,small,976,0.5683930942895086,18742035.31855774,23268856.26322092,120.0,2026-06-18,50.59999847412109,412250.0,trade_group_exact,high,False,legacy_subindustry_rule,medium,exact_symbol,991.0,cap_501_1000,0.4984802431610942,5391325071.900001,5.391325071900001,110364894.0,2026-06-10,TWSE basic issued common shares * TWSE latest close
6579.TW,6579,TWSE,研揚,25,電腦及週邊設備業,industrial_pc,computer,computer,computer_industrial,member,False,computer_hardware,industrial_pc,industrial_pc__small,small,1109,0.5095174856131031,12818344.0,19811563.08333333,120.0,2026-06-18,168.0,803335.0,trade_group_exact,high,False,exact_symbol,high,exact_symbol,338.0,cap_251_500,0.8292806484295846,27535823412.5,27.5358234125,169451221.0,2026-06-10,TWSE basic issued common shares * TWSE latest close
8050.TWO,8050,TPEX,廣積,25,電腦及週邊設備業,industrial_pc,computer,computer,computer_industrial,member,False,computer_hardware,industrial_pc,industrial_pc__small,small,1112,0.5081894643647631,12610744.374923706,14518348.822785294,120.0,2026-06-18,55.70000076293945,685233.0,trade_group_exact,high,False,legacy_subindustry_rule,medium,exact_symbol,634.0,cap_501_1000,0.6793313069908815,11655637808.8,11.6556378088,205204891.0,2026-06-10,TPEX daily market value shares * close; API MarketValue retained for audit
3046.TW,3046,TWSE,建碁,25,電腦及週邊設備業,industrial_pc,computer,computer,computer_industrial,member,False,computer_hardware,industrial_pc,industrial_pc__small,small,1132,0.49933598937583,11781998.912635803,17168814.732879892,120.0,2026-06-18,56.79999923706055,638166.0,trade_group_exact,high,False,legacy_subindustry_rule,medium,exact_symbol,1095.0,cap_1001_plus,0.4457953394123607,4377399125.4,4.377399125399999,78448013.0,2026-06-10,TWSE basic issued common shares * TWSE latest close
2397.TW,2397,TWSE,友通,25,電腦及週邊設備業,industrial_pc,computer,computer,computer_industrial,member,False,computer_hardware,industrial_pc,industrial_pc__small,small,1227,0.4572819831783975,8770752.527217863,10161306.06695706,120.0,2026-06-18,60.79999923706055,419008.0,trade_group_exact,high,False,legacy_subindustry_rule,medium,exact_symbol,859.0,cap_501_1000,0.5653495440729484,7121206905.400001,7.1212069054,114488857.0,2026-06-10,TWSE basic issued common shares * TWSE latest close
2387.TW,2387,TWSE,精元,25,電腦及週邊設備業,computer_keyboard_input,computer,computer,computer_keyboard_input,member,False,computer_hardware,keyboard_input,keyboard_input__small,small,959,0.5759185480301019,19941650.2217865,37550210.14436172,120.0,2026-06-18,39.5,487530.0,trade_group_exact,high,False,legacy_subindustry_rule,medium,exact_symbol,809.0,cap_501_1000,0.5906788247213779,7849092250.200001,7.849092250200001,195251051.0,2026-06-10,TWSE basic issued common shares * TWSE latest close
2417.TW,2417,TWSE,圓剛,25,電腦及週邊設備業,computer_multimedia_capture,computer,computer,computer_multimedia_capture,member,False,computer_hardware,multimedia_capture,multimedia_capture__small,small,958,0.5763612217795484,19972353.08321762,48881545.51923602,120.0,2026-06-18,46.09999847412109,1406415.0,trade_group_exact,high,False,legacy_subindustry_rule,medium,exact_symbol,853.0,cap_501_1000,0.5683890577507599,7208484914.400001,7.2084849144,157218864.0,2026-06-10,TWSE basic issued common shares * TWSE latest close
2357.TW,2357,TWSE,華碩,25,電腦及週邊設備業,pc_nb_brand,computer,computer,computer_pc_brand,leader,True,computer_hardware,pc_brand,pc_brand__large,large,72,0.9685701637892872,2154943700.5,2497721478.1875,120.0,2026-06-18,789.0,6614274.0,trade_group_exact,high,False,exact_symbol,high,exact_symbol,29.0,cap_001_050,0.9858156028368794,591237182880.0,591.23718288,742760280.0,2026-06-10,TWSE basic issued common shares * TWSE latest close
2353.TW,2353,TWSE,宏碁,25,電腦及週邊設備業,pc_nb_brand,computer,computer,computer_pc_brand,leader,True,computer_hardware,pc_brand,pc_brand__mid_large,mid_large,188,0.917220008853475,588672899.7782383,828474240.5825994,120.0,2026-06-18,34.400001525878906,46861255.0,trade_group_exact,high,False,exact_symbol,high,exact_symbol,132.0,cap_101_250,0.9336372847011144,110332308573.6,110.3323085736,3047853828.0,2026-06-10,TWSE basic issued common shares * TWSE latest close
2432.TW,2432,TWSE,倚天酷碁-創,25,電腦及週邊設備業,pc_nb_brand,computer,computer,computer_pc_brand,member,False,computer_hardware,pc_brand,pc_brand__small,small,1995,0.1173085436033642,776724.350763321,1243871.3913793245,120.0,2026-06-18,28.5,143041.0,trade_group_exact,high,False,legacy_subindustry_rule,medium,exact_symbol,1592.0,cap_1001_plus,0.1940222897669706,1728987000.0,1.728987,61860000.0,2026-06-10,TWSE basic issued common shares * TWSE latest close
2324.TW,2324,TWSE,仁寶,25,電腦及週邊設備業,pc_nb_odm,computer,computer,computer_server_nb,leader,True,computer_hardware,pc_odm,pc_odm__mid_large,mid_large,141,0.938025675077468,902510854.3163654,1079733225.078332,120.0,2026-06-18,37.75,71379930.0,trade_group_exact,high,False,exact_symbol,high,exact_symbol,103.0,cap_101_250,0.9483282674772036,163505139787.5,163.5051397875,4407146625.0,2026-06-10,TWSE basic issued common shares * TWSE latest close
3005.TW,3005,TWSE,神基,25,電腦及週邊設備業,computer_rugged,computer,computer,computer_rugged,member,False,computer_hardware,rugged_computer,rugged_computer__mid,mid,270,0.880920761398849,362110349.0,476740578.58648765,120.0,2026-06-18,101.5,3681009.0,trade_group_exact,high,False,legacy_subindustry_rule,medium,exact_symbol,191.0,cap_101_250,0.9037487335359676,64737779600.0,64.7377796,622478650.0,2026-06-10,TWSE basic issued common shares * TWSE latest close
2305.TW,2305,TWSE,全友,25,電腦及週邊設備業,computer_scanner_printer,computer,computer,computer_scanner_printer,member,False,computer_hardware,scanner_printer,scanner_printer__small,small,1143,0.4944665781319167,11197686.506385803,32534361.904094424,120.0,2026-06-18,33.650001525878906,9076485.0,trade_group_exact,high,False,legacy_subindustry_rule,medium,exact_symbol,1058.0,cap_1001_plus,0.4645390070921985,4658217731.549999,4.658217731549999,205660827.0,2026-06-10,TWSE basic issued common shares * TWSE latest close
2380.TW,2380,TWSE,虹光,25,電腦及週邊設備業,computer_scanner_printer,computer,computer,computer_scanner_printer,member,False,computer_hardware,scanner_printer,scanner_printer__small,small,1967,0.1297034085878707,874722.736269474,1645111.4801029882,120.0,2026-06-18,23.862749099731445,0.0,trade_group_exact,high,False,legacy_subindustry_rule,medium,exact_symbol,1966.0,cap_1001_plus,0.0045592705167173,336000000.0,0.336,60000000.0,2026-06-10,TWSE basic issued common shares * TWSE latest close
3211.TWO,3211,TPEX,順達,25,電腦及週邊設備業,server_board_card,computer,computer,computer_board_card,member,False,computer_hardware,server_board,server_board__large,large,61,0.9734395750332006,2387999091.25,2941925760.6833334,120.0,2026-06-18,436.0,5277286.0,trade_group_exact,high,False,legacy_subindustry_rule,medium,exact_symbol,198.0,cap_101_250,0.9002026342451874,62540918505.0,62.540918505,154422021.0,2026-06-10,TPEX daily market value shares * close; API MarketValue retained for audit
4916.TW,4916,TWSE,事欣科,25,電腦及週邊設備業,server_board_card,computer,computer,computer_board_card,member,False,computer_hardware,server_board,server_board__mid,mid,311,0.8627711376715361,282967748.3134632,456513776.922814,120.0,2026-06-18,103.5,8283009.0,trade_group_exact,high,False,legacy_subindustry_rule,medium,exact_symbol,561.0,cap_501_1000,0.7163120567375887,13794119139.5,13.7941191395,123714073.0,2026-06-10,TWSE basic issued common shares * TWSE latest close
2399.TW,2399,TWSE,映泰,25,電腦及週邊設備業,server_board_card,computer,computer,computer_board_card,member,False,computer_hardware,server_board,server_board__mid,mid,461,0.7963700752545374,124564020.45361231,310007704.8494666,120.0,2026-06-18,48.04999923706055,18546096.0,trade_group_exact,high,False,legacy_subindustry_rule,medium,exact_symbol,808.0,cap_501_1000,0.5911854103343466,7863115000.0,7.863115,178100000.0,2026-06-10,TWSE basic issued common shares * TWSE latest close
2331.TW,2331,TWSE,精英,25,電腦及週邊設備業,server_board_card,computer,computer,computer_board_card,member,False,computer_hardware,server_board,server_board__small_mid,small_mid,653,0.7113767153607791,56611192.01160622,163379460.74170536,120.0,2026-06-18,22.399999618530277,4155329.0,trade_group_exact,high,False,legacy_subindustry_rule,medium,exact_symbol,630.0,cap_501_1000,0.6813576494427558,11789072773.2,11.7890727732,557402968.0,2026-06-10,TWSE basic issued common shares * TWSE latest close
2405.TW,2405,TWSE,輔信,25,電腦及週邊設備業,server_board_card,computer,computer,computer_board_card,member,False,computer_hardware,server_board,server_board__small,small,879,0.6113324479858344,25318309.978940964,33779737.171912946,120.0,2026-06-18,18.899999618530277,4312491.0,trade_group_exact,high,False,legacy_subindustry_rule,medium,exact_symbol,904.0,cap_501_1000,0.5425531914893618,6387747835.8,6.3877478358,343427303.0,2026-06-10,TWSE basic issued common shares * TWSE latest close
2425.TW,2425,TWSE,承啟,25,電腦及週邊設備業,server_board_card,computer,computer,computer_board_card,member,False,computer_hardware,server_board,server_board__small,small,1296,0.4267374944665781,7232751.452507973,11189519.049512545,120.0,2026-06-18,39.400001525878906,3550317.0,trade_group_exact,high,False,legacy_subindustry_rule,medium,exact_symbol,1269.0,cap_1001_plus,0.3576494427558258,3198936247.65,3.1989362476500003,96498831.0,2026-06-10,TWSE basic issued common shares * TWSE latest close
1216.TW,1216,TWSE,統一,2,食品工業,food_consumer,consumer,traditional,food,member,False,consumer,food,food__mid_large,mid_large,166,0.9269588313413014,691127593.0913429,810335655.79736,120.0,2026-06-18,74.5,26893235.0,trade_group_exact,high,False,legacy_subindustry_rule,medium,official_code_fallback,48.0,cap_001_050,0.9761904761904762,422741947322.4,422.7419473224001,5682015421.0,2026-06-10,TWSE basic issued common shares * TWSE latest close
1215.TW,1215,TWSE,卜蜂,2,食品工業,food_consumer,consumer,traditional,food,member,False,consumer,food,food__mid,mid,441,0.8052235502434706,140663642.75,186070276.075,120.0,2026-06-18,115.0,1998445.0,trade_group_exact,high,False,legacy_subindustry_rule,medium,official_code_fallback,294.0,cap_251_500,0.8515704154002026,34785231564.0,34.785231564,294790098.0,2026-06-10,TWSE basic issued common shares * TWSE latest close
1210.TW,1210,TWSE,大成,2,食品工業,food_consumer,consumer,traditional,food,member,False,consumer,food,food__small_mid,small_mid,560,0.7525453740593183,86889494.91672516,92772618.03929752,120.0,2026-06-18,54.70000076293945,3363822.0,trade_group_exact,high,False,legacy_subindustry_rule,medium,official_code_fallback,233.0,cap_101_250,0.8824721377912867,49570104098.8,49.5701040988,894767222.0,2026-06-10,TWSE basic issued common shares * TWSE latest close
1229.TW,1229,TWSE,聯華,2,食品工業,food_consumer,consumer,traditional,food,member,False,consumer,food,food__small_mid,small_mid,582,0.7428065515714919,78195465.52034569,87398837.09697202,120.0,2026-06-18,41.900001525878906,4090441.0,trade_group_exact,high,False,legacy_subindustry_rule,medium,official_code_fallback,176.0,cap_101_250,0.9113475177304964,74622165755.4,74.62216575539999,1795960668.0,2026-06-10,TWSE basic issued common shares * TWSE latest close
7780.TW,7780,TWSE,大研生醫*,2,食品工業,food_consumer,consumer,traditional,food,member,False,consumer,food,food__small_mid,small_mid,635,0.7193448428508189,61563655.36402704,133508206.08280972,120.0,2026-06-18,19.200000762939453,3176500.0,trade_group_exact,high,False,legacy_subindustry_rule,medium,official_code_fallback,528.0,cap_501_1000,0.7330293819655522,14985447145.0,14.985447145,810024170.0,2026-06-10,TWSE basic issued common shares * TWSE latest close
1231.TW,1231,TWSE,聯華食,2,食品工業,food_consumer,consumer,traditional,food,member,False,consumer,food,food__small,small,857,0.621071270473661,27132688.479812626,36659445.91872336,120.0,2026-06-18,87.4000015258789,211362.0,trade_group_exact,high,False,legacy_subindustry_rule,medium,official_code_fallback,353.0,cap_251_500,0.8216818642350557,25995384772.5,25.9953847725,298454475.0,2026-06-10,TWSE basic issued common shares * TWSE latest close
1227.TW,1227,TWSE,佳格,2,食品工業,food_consumer,consumer,traditional,food,member,False,consumer,food,food__small,small,979,0.5670650730411686,18556074.66952896,23158962.835383814,120.0,2026-06-18,29.100000381469727,2292638.0,trade_group_exact,high,False,legacy_subindustry_rule,medium,official_code_fallback,354.0,cap_251_500,0.8211752786220872,25942789904.85,25.94278990485,915089591.0,2026-06-10,TWSE basic issued common shares * TWSE latest close
1702.TW,1702,TWSE,南僑,2,食品工業,food_consumer,consumer,traditional,food,member,False,consumer,food,food__small,small,1131,0.4997786631252766,11782135.05997467,13771383.17119341,120.0,2026-06-18,31.799999237060547,294529.0,trade_group_exact,high,False,legacy_subindustry_rule,medium,official_code_fallback,733.0,cap_501_1000,0.6291793313069909,9250481654.9,9.2504816549,294132962.0,2026-06-10,TWSE basic issued common shares * TWSE latest close
1218.TW,1218,TWSE,泰山,2,食品工業,food_consumer,consumer,traditional,food,member,False,consumer,food,food__small,small,1172,0.4816290393979637,10422046.37497902,11909852.25812621,120.0,2026-06-18,17.899999618530273,1180594.0,trade_group_exact,high,False,legacy_subindustry_rule,medium,official_code_fallback,712.0,cap_501_1000,0.6398176291793314,9674981385.3,9.6749813853,499999038.0,2026-06-10,TWSE basic issued common shares * TWSE latest close
1232.TW,1232,TWSE,大統益,2,食品工業,food_consumer,consumer,traditional,food,member,False,consumer,food,food__small,small,1231,0.4555112881806109,8687105.0,10075344.858333332,120.0,2026-06-18,143.0,207386.0,trade_group_exact,high,False,legacy_subindustry_rule,medium,official_code_fallback,379.0,cap_251_500,0.8085106382978724,23916249792.5,23.9162497925,159974915.0,2026-06-10,TWSE basic issued common shares * TWSE latest close
1256.TW,1256,TWSE,鮮活果汁-KY,2,食品工業,food_consumer,consumer,traditional,food,member,False,consumer,food,food__small,small,1284,0.432049579459938,7462570.0,9182887.783333331,120.0,2026-06-18,181.5,114000.0,trade_group_exact,high,False,legacy_subindustry_rule,medium,official_code_fallback,907.0,cap_501_1000,0.541033434650456,6367444480.0,6.36744448,35772160.0,2026-06-10,TWSE basic issued common shares * TWSE latest close
1295.TWO,1295,TPEX,生合,2,食品工業,food_consumer,consumer,traditional,food,member,False,consumer,food,food__small,small,1378,0.3904382470119522,5901299.945831299,7562611.420570774,120.0,2026-06-18,50.09999847412109,87020.0,trade_group_exact,high,False,legacy_subindustry_rule,medium,official_code_fallback,1602.0,cap_1001_plus,0.1889564336372846,1692712680.0,1.69271268,34474800.0,2026-06-10,TPEX daily market value shares * close; API MarketValue retained for audit
1264.TWO,1264,TPEX,德麥,2,食品工業,food_consumer,consumer,traditional,food,member,False,consumer,food,food__small,small,1426,0.3691899070385126,5191444.5,6553175.8625,120.0,2026-06-18,271.5,25014.0,trade_group_exact,high,False,legacy_subindustry_rule,medium,official_code_fallback,698.0,cap_501_1000,0.6469098277608916,9892981989.0,9.892981989,37052367.0,2026-06-10,TPEX daily market value shares * close; API MarketValue retained for audit
1225.TW,1225,TWSE,福懋油,2,食品工業,food_consumer,consumer,traditional,food,member,False,consumer,food,food__small,small,1441,0.3625498007968127,5014175.744833946,8126861.284918452,120.0,2026-06-18,32.25,268275.0,trade_group_exact,high,False,legacy_subindustry_rule,medium,official_code_fallback,840.0,cap_501_1000,0.5749746707193515,7352843087.1,7.3528430871,242268306.0,2026-06-10,TWSE basic issued common shares * TWSE latest close
1217.TW,1217,TWSE,愛之味,2,食品工業,food_consumer,consumer,traditional,food,member,False,consumer,food,food__small,small,1451,0.3581230633023462,4875312.737111092,5266076.703659964,120.0,2026-06-18,9.880000114440918,527388.0,trade_group_exact,high,False,legacy_subindustry_rule,medium,official_code_fallback,1034.0,cap_1001_plus,0.4766970618034447,4880846626.32,4.880846626319999,494513336.0,2026-06-10,TWSE basic issued common shares * TWSE latest close
7791.TW,7791,TWSE,皇家可口,2,食品工業,food_consumer,consumer,traditional,food,member,False,consumer,food,food__small,small,1478,0.3461708720672863,4522929.805606842,6305511.379719766,120.0,2026-06-18,62.59999847412109,100000.0,trade_group_exact,high,False,legacy_subindustry_rule,medium,official_code_fallback,1019.0,cap_1001_plus,0.4842958459979737,5032000000.0,5.032,80000000.0,2026-06-10,TWSE basic issued common shares * TWSE latest close
1201.TW,1201,TWSE,味全,2,食品工業,food_consumer,consumer,traditional,food,member,False,consumer,food,food__small,small,1507,0.3333333333333333,4228748.91644001,4818023.516381884,120.0,2026-06-18,12.550000190734863,483445.0,trade_group_exact,high,False,legacy_subindustry_rule,medium,official_code_fallback,913.0,cap_501_1000,0.5379939209726443,6275180133.6,6.2751801336,506062914.0,2026-06-10,TWSE basic issued common shares * TWSE latest close
1234.TW,1234,TWSE,黑松,2,食品工業,food_consumer,consumer,traditional,food,member,False,consumer,food,food__small,small,1558,0.3107569721115537,3648898.202331543,4332440.451680215,120.0,2026-06-18,34.849998474121094,115584.0,trade_group_exact,high,False,legacy_subindustry_rule,medium,official_code_fallback,551.0,cap_501_1000,0.7213779128672746,14025301180.6,14.0253011806,401871094.0,2026-06-10,TWSE basic issued common shares * TWSE latest close
4207.TWO,4207,TPEX,環泰,2,食品工業,food_consumer,consumer,traditional,food,member,False,consumer,food,food__small,small,1559,0.3103142983621071,3646259.886213303,5585502.03580577,120.0,2026-06-18,19.549999237060547,93368.0,trade_group_exact,high,False,legacy_subindustry_rule,medium,official_code_fallback,1162.0,cap_1001_plus,0.411854103343465,3841710454.8,3.8417104548,198538008.0,2026-06-10,TPEX daily market value shares * close; API MarketValue retained for audit
1219.TW,1219,TWSE,福壽,2,食品工業,food_consumer,consumer,traditional,food,member,False,consumer,food,food__small,small,1594,0.294820717131474,3359780.1484627724,4568816.6173842745,120.0,2026-06-18,12.600000381469728,265974.0,trade_group_exact,high,False,legacy_subindustry_rule,medium,official_code_fallback,1110.0,cap_1001_plus,0.4381965552178318,4265479550.0,4.26547955,341238364.0,2026-06-10,TWSE basic issued common shares * TWSE latest close
1294.TWO,1294,TPEX,漢田生技,2,食品工業,food_consumer,consumer,traditional,food,member,False,consumer,food,food__small,small,1645,0.2722443559096945,2844650.0549316406,4669111.005103315,120.0,2026-06-18,79.0,119433.0,trade_group_exact,high,False,legacy_subindustry_rule,medium,official_code_fallback,1438.0,cap_1001_plus,0.2720364741641338,2390696226.6,2.3906962266,30571563.0,2026-06-10,TPEX daily market value shares * close; API MarketValue retained for audit
1737.TW,1737,TWSE,臺鹽,2,食品工業,food_consumer,consumer,traditional,food,member,False,consumer,food,food__small,small,1654,0.2682602921646746,2733754.7166728973,3286270.184069665,120.0,2026-06-18,31.799999237060547,113800.0,trade_group_exact,high,False,legacy_subindustry_rule,medium,official_code_fallback,910.0,cap_501_1000,0.5395136778115501,6340000000.0,6.34,200000000.0,2026-06-10,TWSE basic issued common shares * TWSE latest close
3054.TW,3054,TWSE,立萬利,2,食品工業,food_consumer,consumer,traditional,food,member,False,consumer,food,food__small,small,1663,0.2642762284196547,2681875.0009536743,17517563.402310196,120.0,2026-06-18,67.69999694824219,124130.0,trade_group_exact,high,False,legacy_subindustry_rule,medium,official_code_fallback,982.0,cap_501_1000,0.5030395136778115,5468140579.8,5.4681405798,80651041.0,2026-06-10,TWSE basic issued common shares * TWSE latest close
4205.TWO,4205,TPEX,中華食,2,食品工業,food_consumer,consumer,traditional,food,member,False,consumer,food,food__small,small,1740,0.230190349712262,2072295.7611541748,2380298.398750585,120.0,2026-06-18,72.9000015258789,36000.0,trade_group_exact,high,False,legacy_subindustry_rule,medium,official_code_fallback,865.0,cap_501_1000,0.5623100303951367,7089333952.799999,7.0893339528,97649228.0,2026-06-10,TPEX daily market value shares * close; API MarketValue retained for audit
1236.TW,1236,TWSE,宏亞,2,食品工業,food_consumer,consumer,traditional,food,member,False,consumer,food,food__small,small,1836,0.1876936697653829,1505099.2460327148,1934352.430647723,120.0,2026-06-18,25.799999237060547,141501.0,trade_group_exact,high,False,legacy_subindustry_rule,medium,official_code_fallback,1475.0,cap_1001_plus,0.2532928064842958,2218854604.8,2.2188546048,86674008.0,2026-06-10,TWSE basic issued common shares * TWSE latest close
1220.TW,1220,TWSE,台榮,2,食品工業,food_consumer,consumer,traditional,food,member,False,consumer,food,food__small,small,1865,0.1748561310314298,1352892.9955005646,1843938.3390647487,120.0,2026-06-18,11.699999809265137,69201.0,trade_group_exact,high,False,legacy_subindustry_rule,medium,official_code_fallback,1515.0,cap_1001_plus,0.2330293819655522,2062958047.6,2.0629580476,177077944.0,2026-06-10,TWSE basic issued common shares * TWSE latest close
6846.TWO,6846,TPEX,綠茵,2,食品工業,food_consumer,consumer,traditional,food,member,False,consumer,food,food__small,small,1914,0.1531651173085436,1110036.75,1411601.475150795,120.0,2026-06-18,67.30000305175781,24000.0,trade_group_exact,high,False,legacy_subindustry_rule,medium,official_code_fallback,1565.0,cap_1001_plus,0.2077001013171225,1854023671.5,1.8540236715,27066039.0,2026-06-10,TPEX daily market value shares * close; API MarketValue retained for audit
1796.TWO,1796,TPEX,金穎生技,2,食品工業,food_consumer,consumer,traditional,food,member,False,consumer,food,food__small,small,2012,0.1097830898627711,741098.9496364594,997409.3799334652,120.0,2026-06-18,34.0,22000.0,trade_group_exact,high,False,legacy_subindustry_rule,medium,official_code_fallback,1663.0,cap_1001_plus,0.1580547112462006,1424143889.55,1.42414388955,41459793.0,2026-06-10,TPEX daily market value shares * close; API MarketValue retained for audit
1203.TW,1203,TWSE,味王,2,食品工業,food_consumer,consumer,traditional,food,member,False,consumer,food,food__small,small,2032,0.100929614873838,697265.1199417114,930434.611908404,120.0,2026-06-18,43.0,4456.0,trade_group_exact,high,False,legacy_subindustry_rule,medium,official_code_fallback,692.0,cap_501_1000,0.6499493414387032,10008000000.0,10.008,240000000.0,2026-06-10,TWSE basic issued common shares * TWSE latest close
1235.TW,1235,TWSE,興泰,2,食品工業,food_consumer,consumer,traditional,food,member,False,consumer,food,food__small,small,2090,0.0752545374059318,514525.016784668,933059.2131461462,120.0,2026-06-18,37.650001525878906,20026.0,trade_group_exact,high,False,legacy_subindustry_rule,medium,official_code_fallback,864.0,cap_501_1000,0.5628166160081054,7090526633.6,7.090526633600001,188577836.0,2026-06-10,TWSE basic issued common shares * TWSE latest close
1233.TW,1233,TWSE,天仁,2,食品工業,food_consumer,consumer,traditional,food,member,False,consumer,food,food__small,small,2114,0.064630367419212,446349.9975204468,552789.8320741176,120.0,2026-06-18,28.0,28000.0,trade_group_exact,high,False,legacy_subindustry_rule,medium,official_code_fallback,1406.0,cap_1001_plus,0.2882472137791286,2495808167.4,2.4958081674,90591948.0,2026-06-10,TWSE basic issued common shares * TWSE latest close
7743.TWO,7743,TPEX,金利食安,2,食品工業,food_consumer,consumer,traditional,food,member,False,consumer,food,food__small,small,2154,0.0469234174413457,286899.90542793274,439170.4465016683,120.0,2026-06-18,19.600000381469727,14000.0,trade_group_exact,high,False,legacy_subindustry_rule,medium,official_code_fallback,1913.0,cap_1001_plus,0.0314083080040527,674941753.0,0.674941753,36483338.0,2026-06-10,TPEX daily market value shares * close; API MarketValue retained for audit
1213.TW,1213,TWSE,大飲,2,食品工業,food_consumer,consumer,traditional,food,member,False,consumer,food,food__small,small,2231,0.0128375387339531,89867.00162887573,134591.1911762794,120.0,2026-06-18,8.329999923706055,12001.0,trade_group_exact,high,False,legacy_subindustry_rule,medium,official_code_fallback,1948.0,cap_1001_plus,0.013677811550152,475630066.8,0.4756300668,56622627.0,2026-06-10,TWSE basic issued common shares * TWSE latest close
8464.TW,8464,TWSE,億豐,38,居家生活,home_living,consumer,other,home_living,member,False,consumer,home_living,home_living__mid,mid,307,0.8645418326693227,288278128.5,389469254.17083335,120.0,2026-06-18,358.0,1298300.0,trade_group_exact,high,False,legacy_subindustry_rule,medium,official_code_fallback,142.0,cap_101_250,0.9285714285714286,98894317500.0,98.8943175,293020200.0,2026-06-10,TWSE basic issued common shares * TWSE latest close
5904.TWO,5904,TPEX,寶雅,38,居家生活,home_living,consumer,other,home_living,member,False,consumer,home_living,home_living__mid,mid,474,0.7906153165117309,120234885.0,157168358.92083332,120.0,2026-06-18,625.0,152192.0,trade_group_exact,high,False,legacy_subindustry_rule,medium,official_code_fallback,193.0,cap_101_250,0.9027355623100304,64079183252.0,64.079183252,106443826.0,2026-06-10,TPEX daily market value shares * close; API MarketValue retained for audit
9911.TW,9911,TWSE,櫻花,38,居家生活,home_living,consumer,other,home_living,member,False,consumer,home_living,home_living__small,small,971,0.5706064630367419,19258436.781085968,26346117.012973912,120.0,2026-06-18,82.5,329651.0,trade_group_exact,high,False,legacy_subindustry_rule,medium,official_code_fallback,447.0,cap_251_500,0.7740628166160081,18947592556.8,18.9475925568,222389584.0,2026-06-10,TWSE basic issued common shares * TWSE latest close
5903.TWO,5903,TPEX,全家,38,居家生活,home_living,consumer,other,home_living,member,False,consumer,home_living,home_living__small,small,1345,0.4050464807436919,6449979.5,8188183.741666666,120.0,2026-06-18,188.0,46500.0,trade_group_exact,high,False,legacy_subindustry_rule,medium,official_code_fallback,261.0,cap_251_500,0.8682877406281662,42076970000.0,42.07697,223220000.0,2026-06-10,TPEX daily market value shares * close; API MarketValue retained for audit
2062.TW,2062,TWSE,橋椿,38,居家生活,home_living,consumer,other,home_living,member,False,consumer,home_living,home_living__small,small,1442,0.3621071270473661,5002000.0,6979322.197558436,120.0,2026-06-18,19.0,324000.0,trade_group_exact,high,False,legacy_subindustry_rule,medium,official_code_fallback,1169.0,cap_1001_plus,0.4083080040526848,3779889472.8,3.7798894728,199994152.0,2026-06-10,TWSE basic issued common shares * TWSE latest close
9924.TW,9924,TWSE,福興,38,居家生活,home_living,consumer,other,home_living,member,False,consumer,home_living,home_living__small,small,1448,0.3594510845506862,4923063.70857048,5942713.048733203,120.0,2026-06-18,40.650001525878906,85600.0,trade_group_exact,high,False,legacy_subindustry_rule,medium,official_code_fallback,930.0,cap_501_1000,0.5293819655521783,6128464568.4,6.128464568399999,150761736.0,2026-06-10,TWSE basic issued common shares * TWSE latest close
9934.TW,9934,TWSE,成霖,38,居家生活,home_living,consumer,other,home_living,member,False,consumer,home_living,home_living__small,small,1471,0.349269588313413,4623189.461960793,6066840.87978348,120.0,2026-06-18,10.199999809265137,983111.0,trade_group_exact,high,False,legacy_subindustry_rule,medium,official_code_fallback,1109.0,cap_1001_plus,0.4387031408308004,4274576404.8,4.2745764048,411016962.0,2026-06-10,TWSE basic issued common shares * TWSE latest close
6629.TWO,6629,TPEX,泰金-KY,38,居家生活,home_living,consumer,other,home_living,member,False,consumer,home_living,home_living__small,small,1487,0.3421868083222664,4416588.25,7068849.35,120.0,2026-06-18,114.0,39001.0,trade_group_exact,high,False,legacy_subindustry_rule,medium,official_code_fallback,1096.0,cap_1001_plus,0.4452887537993921,4375175106.0,4.375175106,38378729.0,2026-06-10,TPEX daily market value shares * close; API MarketValue retained for audit
9935.TW,9935,TWSE,慶豐富,38,居家生活,home_living,consumer,other,home_living,member,False,consumer,home_living,home_living__small,small,1524,0.3258078795927401,3998867.061612129,4967479.56968983,120.0,2026-06-18,19.299999237060547,282968.0,trade_group_exact,high,False,legacy_subindustry_rule,medium,official_code_fallback,1234.0,cap_1001_plus,0.3753799392097264,3361155701.4,3.3611557013999995,177838926.0,2026-06-10,TWSE basic issued common shares * TWSE latest close
6728.TWO,6728,TPEX,上洋,38,居家生活,home_living,consumer,other,home_living,member,False,consumer,home_living,home_living__small,small,1603,0.2908366533864541,3246637.5,4174999.504166667,120.0,2026-06-18,110.0,26000.0,trade_group_exact,high,False,legacy_subindustry_rule,medium,official_code_fallback,1246.0,cap_1001_plus,0.3693009118541033,3298140000.0,3.29814,30120000.0,2026-06-10,TPEX daily market value shares * close; API MarketValue retained for audit
3171.TWO,3171,TPEX,炎洲流通,38,居家生活,home_living,consumer,other,home_living,member,False,consumer,home_living,home_living__small,small,1710,0.2434705621956617,2375603.396839142,5121986.442515875,120.0,2026-06-18,71.5999984741211,73500.0,trade_group_exact,high,False,legacy_subindustry_rule,medium,official_code_fallback,1439.0,cap_1001_plus,0.2715298885511651,2387819191.8,2.3878191918,33118158.0,2026-06-10,TPEX daily market value shares * close; API MarketValue retained for audit
6968.TWO,6968,TPEX,萬達寵物,38,居家生活,home_living,consumer,other,home_living,member,False,consumer,home_living,home_living__small,small,1721,0.2386011509517486,2295021.0382118225,2994250.592139962,120.0,2026-06-18,43.54999923706055,15000.0,trade_group_exact,high,False,legacy_subindustry_rule,medium,official_code_fallback,1510.0,cap_1001_plus,0.2355623100303951,2094094552.55,2.09409455255,49447333.0,2026-06-10,TPEX daily market value shares * close; API MarketValue retained for audit
3557.TW,3557,TWSE,嘉威,38,居家生活,home_living,consumer,other,home_living,member,False,consumer,home_living,home_living__small,small,1737,0.231518370960602,2118129.374731064,2739364.087284565,120.0,2026-06-18,26.649999618530277,91522.0,trade_group_exact,high,False,legacy_subindustry_rule,medium,official_code_fallback,1497.0,cap_1001_plus,0.2421479229989868,2141612049.0,2.141612049,84315435.0,2026-06-10,TWSE basic issued common shares * TWSE latest close
2916.TWO,2916,TPEX,滿心,38,居家生活,home_living,consumer,other,home_living,member,False,consumer,home_living,home_living__small,small,1758,0.2222222222222222,1989962.6836967468,3016300.7221426326,120.0,2026-06-18,41.79999923706055,130001.0,trade_group_exact,high,False,legacy_subindustry_rule,medium,official_code_fallback,1352.0,cap_1001_plus,0.3156028368794326,2724022907.7,2.7240229077,64626878.0,2026-06-10,TPEX daily market value shares * close; API MarketValue retained for audit
8433.TWO,8433,TPEX,弘帆,38,居家生活,home_living,consumer,other,home_living,member,False,consumer,home_living,home_living__small,small,1787,0.2093846834882691,1785244.838153839,4575246.518386269,120.0,2026-06-18,54.0,31000.0,trade_group_exact,high,False,legacy_subindustry_rule,medium,official_code_fallback,1309.0,cap_1001_plus,0.337386018237082,2932428072.4,2.9324280724,54506098.0,2026-06-10,TPEX daily market value shares * close; API MarketValue retained for audit
5902.TWO,5902,TPEX,德記,38,居家生活,home_living,consumer,other,home_living,member,False,consumer,home_living,home_living__small,small,2001,0.1146525011066843,759750.0057220459,1023520.2250137074,120.0,2026-06-18,35.099998474121094,17000.0,trade_group_exact,high,False,legacy_subindustry_rule,medium,official_code_fallback,1227.0,cap_1001_plus,0.3789260385005065,3402000000.0,3.402,94500000.0,2026-06-10,TPEX daily market value shares * close; API MarketValue retained for audit
4702.TWO,4702,TPEX,中美實,38,居家生活,home_living,consumer,other,home_living,member,False,consumer,home_living,home_living__small,small,2006,0.1124391323594511,755038.7970304489,1143349.3550459745,120.0,2026-06-18,10.149999618530272,593100.0,trade_group_exact,high,False,legacy_subindustry_rule,medium,official_code_fallback,1898.0,cap_1001_plus,0.0390070921985815,723332000.0,0.723332,72333200.0,2026-06-10,TPEX daily market value shares * close; API MarketValue retained for audit
6754.TW,6754,TWSE,匯僑設計,38,居家生活,home_living,consumer,other,home_living,member,False,consumer,home_living,home_living__small,small,2030,0.1018149623727312,700947.1742362976,847713.923053805,120.0,2026-06-18,45.5,17020.0,trade_group_exact,high,False,legacy_subindustry_rule,medium,official_code_fallback,1305.0,cap_1001_plus,0.3394123606889564,2950200000.0,2.9502,66000000.0,2026-06-10,TWSE basic issued common shares * TWSE latest close
6671.TW,6671,TWSE,三能-KY,38,居家生活,home_living,consumer,other,home_living,member,False,consumer,home_living,home_living__small,small,2035,0.099601593625498,690299.9992370605,1637894.7039040884,120.0,2026-06-18,25.75,142000.0,trade_group_exact,high,False,legacy_subindustry_rule,medium,official_code_fallback,1632.0,cap_1001_plus,0.1737588652482269,1579500000.0,1.5795,60750000.0,2026-06-10,TWSE basic issued common shares * TWSE latest close
6195.TWO,6195,TPEX,詩肯,38,居家生活,home_living,consumer,other,home_living,member,False,consumer,home_living,home_living__small,small,2063,0.0872067286409915,580782.0455951691,775603.5391956584,120.0,2026-06-18,27.5,20630.0,trade_group_exact,high,False,legacy_subindustry_rule,medium,official_code_fallback,1685.0,cap_1001_plus,0.1469098277608915,1355209434.0,1.355209434,50192942.0,2026-06-10,TPEX daily market value shares * close; API MarketValue retained for audit
2947.TWO,2947,TPEX,振宇五金,38,居家生活,home_living,consumer,other,home_living,member,False,consumer,home_living,home_living__small,small,2068,0.0849933598937583,568750.0,1137668.472034734,120.0,2026-06-18,79.0999984741211,16152.0,trade_group_exact,high,False,legacy_subindustry_rule,medium,official_code_fallback,1621.0,cap_1001_plus,0.1793313069908815,1637771172.0,1.637771172,21493060.0,2026-06-10,TPEX daily market value shares * close; API MarketValue retained for audit
8066.TWO,8066,TPEX,來思達,38,居家生活,home_living,consumer,other,home_living,member,False,consumer,home_living,home_living__small,small,2085,0.0774679061531651,532101.9154930115,1006466.9797396152,120.0,2026-06-18,15.550000190734863,13002.0,trade_group_exact,high,False,legacy_subindustry_rule,medium,official_code_fallback,1929.0,cap_1001_plus,0.0233029381965552,564291481.6,0.5642914816,36642304.0,2026-06-10,TPEX daily market value shares * close; API MarketValue retained for audit
6807.TW,6807,TWSE,峰源-KY,38,居家生活,home_living,consumer,other,home_living,member,False,consumer,home_living,home_living__small,small,2095,0.0730411686586985,502149.995803833,589632.7263759295,120.0,2026-06-18,33.650001525878906,11000.0,trade_group_exact,high,False,legacy_subindustry_rule,medium,official_code_fallback,1574.0,cap_1001_plus,0.2031408308004052,1798199999.9999998,1.7981999999999998,54000000.0,2026-06-10,TWSE basic issued common shares * TWSE latest close
7782.TWO,7782,TPEX,光速火箭,38,居家生活,home_living,consumer,other,home_living,member,False,consumer,home_living,home_living__small,small,2105,0.0686144311642319,479380.25,769148.3904686865,120.0,2026-06-18,28.149999618530277,42000.0,trade_group_exact,high,False,legacy_subindustry_rule,medium,official_code_fallback,1924.0,cap_1001_plus,0.0258358662613982,583806950.0,0.58380695,23213000.0,2026-06-10,TPEX daily market value shares * close; API MarketValue retained for audit
6616.TWO,6616,TPEX,特昇-KY,38,居家生活,home_living,consumer,other,home_living,member,False,consumer,home_living,home_living__small,small,2113,0.0650730411686587,446615.0026321411,784081.1703961309,120.0,2026-06-18,9.529999732971191,41000.0,trade_group_exact,high,False,legacy_subindustry_rule,medium,official_code_fallback,1965.0,cap_1001_plus,0.0050658561296859,344141188.1,0.3441411880999999,35478473.0,2026-06-10,TPEX daily market value shares * close; API MarketValue retained for audit
2937.TWO,2937,TPEX,集雅社,38,居家生活,home_living,consumer,other,home_living,member,False,consumer,home_living,home_living__small,small,2147,0.0500221336874723,305375.0,364239.6015843392,120.0,2026-06-18,49.95000076293945,0.0,trade_group_exact,high,False,legacy_subindustry_rule,medium,official_code_fallback,1512.0,cap_1001_plus,0.2345491388044579,2074775108.75,2.07477510875,43541975.0,2026-06-10,TPEX daily market value shares * close; API MarketValue retained for audit
8482.TW,8482,TWSE,商億-KY,38,居家生活,home_living,consumer,other,home_living,member,False,consumer,home_living,home_living__small,small,2148,0.0495794599380257,302824.7545814514,450761.7645642599,120.0,2026-06-18,48.75,0.0,trade_group_exact,high,False,legacy_subindustry_rule,medium,official_code_fallback,1018.0,cap_1001_plus,0.4848024316109423,5039123600.0,5.0391236,107444000.0,2026-06-10,TWSE basic issued common shares * TWSE latest close
8941.TWO,8941,TPEX,關中,38,居家生活,home_living,consumer,other,home_living,member,False,consumer,home_living,home_living__small,small,2165,0.0420540061974324,265950.0045776367,447684.60540196736,120.0,2026-06-18,43.5,10100.0,trade_group_exact,high,False,legacy_subindustry_rule,medium,official_code_fallback,1643.0,cap_1001_plus,0.1681864235055724,1521285088.5,1.5212850885,34972071.0,2026-06-10,TPEX daily market value shares * close; API MarketValue retained for audit
7794.TWO,7794,TPEX,宏碁智新,38,居家生活,home_living,consumer,other,home_living,member,False,consumer,home_living,home_living__small,small,2202,0.0256750774679062,155952.7023010254,1968102.4623185853,120.0,2026-06-18,31.350000381469727,55169.0,trade_group_exact,high,False,legacy_subindustry_rule,medium,official_code_fallback,1843.0,cap_1001_plus,0.066869300911854,908600000.0,0.9086,28000000.0,2026-06-10,TPEX daily market value shares * close; API MarketValue retained for audit
2948.TWO,2948,TPEX,寶陞,38,居家生活,home_living,consumer,other,home_living,member,False,consumer,home_living,home_living__small,small,2217,0.0190349712262062,119475.00228881836,197694.2057711347,120.0,2026-06-18,37.25,4000.0,trade_group_exact,high,False,legacy_subindustry_rule,medium,official_code_fallback,1757.0,cap_1001_plus,0.1104356636271529,1173350000.0,1.17335,31000000.0,2026-06-10,TPEX daily market value shares * close; API MarketValue retained for audit
2941.TWO,2941,TPEX,米斯特,38,居家生活,home_living,consumer,other,home_living,member,False,consumer,home_living,home_living__small,small,2222,0.016821602478973,108018.75,187833.8966443062,120.0,2026-06-18,36.0,24000.0,trade_group_exact,high,False,legacy_subindustry_rule,medium,official_code_fallback,1951.0,cap_1001_plus,0.0121580547112462,461700000.0,0.4617,15390000.0,2026-06-10,TPEX daily market value shares * close; API MarketValue retained for audit
4609.TWO,4609,TPEX,唐鋒,38,居家生活,home_living,consumer,other,home_living,member,False,consumer,home_living,home_living__small,small,2247,0.0057547587428065,42944.99945640564,101196.89418530108,120.0,2026-06-18,5.230000019073486,29051.0,trade_group_exact,high,False,legacy_subindustry_rule,medium,official_code_fallback,1972.0,cap_1001_plus,0.0015197568389058,257953891.6,0.2579538916,47946820.0,2026-06-10,TPEX daily market value shares * close; API MarketValue retained for audit
2924.TWO,2924,TPEX,宏太-KY,38,居家生活,home_living,consumer,other,home_living,member,False,consumer,home_living,home_living__small,small,2252,0.0035413899955732,18975.000381469727,50364.348166958494,120.0,2026-06-18,17.350000381469727,0.0,trade_group_exact,high,False,legacy_subindustry_rule,medium,official_code_fallback,1854.0,cap_1001_plus,0.0612968591691995,874203691.2,0.8742036912000001,52035934.0,2026-06-10,TPEX daily market value shares * close; API MarketValue retained for audit
2912.TW,2912,TWSE,統一超,18,貿易百貨,retail,consumer,traditional,retail_trade,member,False,consumer,retail,retail__mid_large,mid_large,211,0.9070385126162018,511310752.5,586225719.2208333,120.0,2026-06-18,223.5,6553856.0,trade_group_exact,high,False,legacy_subindustry_rule,medium,official_code_fallback,77.0,cap_051_100,0.961499493414387,236514063012.5,236.5140630125,1039622255.0,2026-06-10,TWSE basic issued common shares * TWSE latest close
2915.TW,2915,TWSE,潤泰全,18,貿易百貨,retail,consumer,traditional,retail_trade,member,False,consumer,retail,retail__small_mid,small_mid,534,0.7640548915449314,97950258.57824709,117022611.39865822,120.0,2026-06-18,53.29999923706055,25775447.0,trade_group_exact,high,False,legacy_subindustry_rule,medium,official_code_fallback,217.0,cap_101_250,0.8905775075987842,54277267643.8,54.2772676438,1104318772.0,2026-06-10,TWSE basic issued common shares * TWSE latest close
2903.TW,2903,TWSE,遠百,18,貿易百貨,retail,consumer,traditional,retail_trade,member,False,consumer,retail,retail__small_mid,small_mid,651,0.7122620628596724,57384135.79111959,70191156.00699928,120.0,2026-06-18,23.950000762939453,3543140.0,trade_group_exact,high,False,legacy_subindustry_rule,medium,official_code_fallback,306.0,cap_251_500,0.8454913880445796,32943868694.25,32.94386869425,1416940589.0,2026-06-10,TWSE basic issued common shares * TWSE latest close
2913.TW,2913,TWSE,農林,18,貿易百貨,retail,consumer,traditional,retail_trade,member,False,consumer,retail,retail__small,small,1038,0.5409473218238159,16110227.990233898,18358924.92339496,120.0,2026-06-18,11.149999618530272,3090117.0,trade_group_exact,high,False,legacy_subindustry_rule,medium,official_code_fallback,746.0,cap_501_1000,0.6225937183383992,9045500000.0,9.0455,790000000.0,2026-06-10,TWSE basic issued common shares * TWSE latest close
2905.TW,2905,TWSE,三商,18,貿易百貨,retail,consumer,traditional,retail_trade,member,False,consumer,retail,retail__small,small,1072,0.5258964143426295,14473082.0,19421771.01786294,120.0,2026-06-18,15.149999618530272,1091352.0,trade_group_exact,high,False,legacy_subindustry_rule,medium,official_code_fallback,495.0,cap_251_500,0.7497467071935158,15989352523.2,15.9893525232,1110371703.0,2026-06-10,TWSE basic issued common shares * TWSE latest close
2601.TW,2601,TWSE,益航,18,貿易百貨,retail,consumer,traditional,retail_trade,member,False,consumer,retail,retail__small,small,1300,0.4249667994687914,7153806.791058064,13132803.476880038,120.0,2026-06-18,5.809999942779541,1736871.0,trade_group_exact,high,False,legacy_subindustry_rule,medium,official_code_fallback,1042.0,cap_1001_plus,0.4726443768996961,4808444470.61,4.80844447061,824776067.0,2026-06-10,TWSE basic issued common shares * TWSE latest close
2908.TW,2908,TWSE,特力,18,貿易百貨,retail,consumer,traditional,retail_trade,member,False,consumer,retail,retail__small,small,1563,0.3085436033643205,3622079.4318962097,4180777.264539465,120.0,2026-06-18,20.799999237060547,235211.0,trade_group_exact,high,False,legacy_subindustry_rule,medium,official_code_fallback,661.0,cap_501_1000,0.6656534954407295,10860604985.4,10.8606049854,509887558.0,2026-06-10,TWSE basic issued common shares * TWSE latest close
2929.TW,2929,TWSE,淘帝-KY,18,貿易百貨,retail,consumer,traditional,retail_trade,member,False,consumer,retail,retail__small,small,1784,0.210712704736609,1806129.333008528,2177277.05441037,120.0,2026-06-18,6.0,493468.0,trade_group_exact,high,False,legacy_subindustry_rule,medium,official_code_fallback,1920.0,cap_1001_plus,0.0278622087132724,638349075.54,0.63834907554,109493838.0,2026-06-10,TWSE basic issued common shares * TWSE latest close
8429.TW,8429,TWSE,金麗-KY,18,貿易百貨,retail,consumer,traditional,retail_trade,member,False,consumer,retail,retail__small,small,1828,0.1912350597609562,1563217.581647396,2041639.53809048,120.0,2026-06-18,6.510000228881836,688450.0,trade_group_exact,high,False,legacy_subindustry_rule,medium,official_code_fallback,1735.0,cap_1001_plus,0.121580547112462,1229646139.62,1.22964613962,185747151.0,2026-06-10,TWSE basic issued common shares * TWSE latest close
2906.TW,2906,TWSE,高林,18,貿易百貨,retail,consumer,traditional,retail_trade,member,False,consumer,retail,retail__small,small,1847,0.1828242585214696,1455744.816404343,1694044.8192156712,120.0,2026-06-18,12.899999618530272,225667.0,trade_group_exact,high,False,legacy_subindustry_rule,medium,official_code_fallback,1369.0,cap_1001_plus,0.3069908814589666,2655781429.6,2.6557814296,209116648.0,2026-06-10,TWSE basic issued common shares * TWSE latest close
5907.TW,5907,TWSE,大洋-KY,18,貿易百貨,retail,consumer,traditional,retail_trade,member,False,consumer,retail,retail__small,small,1871,0.1722000885347498,1320420.00746727,1719861.4759530346,120.0,2026-06-18,5.099999904632568,390000.0,trade_group_exact,high,False,legacy_subindustry_rule,medium,official_code_fallback,1828.0,cap_1001_plus,0.074468085106383,983520930.0,0.98352093,195531000.0,2026-06-10,TWSE basic issued common shares * TWSE latest close
2945.TW,2945,TWSE,三商家購,18,貿易百貨,retail,consumer,traditional,retail_trade,member,False,consumer,retail,retail__small,small,2097,0.0721558211598052,496500.0,1027788.6974720636,120.0,2026-06-18,42.900001525878906,21000.0,trade_group_exact,high,False,legacy_subindustry_rule,medium,official_code_fallback,1342.0,cap_1001_plus,0.3206686930091185,2767500000.0,2.7675,67500000.0,2026-06-10,TWSE basic issued common shares * TWSE latest close
2901.TW,2901,TWSE,欣欣,18,貿易百貨,retail,consumer,traditional,retail_trade,member,False,consumer,retail,retail__small,small,2110,0.0664010624169987,457451.489315033,600786.8201575279,120.0,2026-06-18,23.850000381469727,14054.0,trade_group_exact,high,False,legacy_subindustry_rule,medium,official_code_fallback,1603.0,cap_1001_plus,0.188449848024316,1690952001.4499998,1.69095200145,73043283.0,2026-06-10,TWSE basic issued common shares * TWSE latest close
2939.TW,2939,TWSE,永邑-KY,18,貿易百貨,retail,consumer,traditional,retail_trade,member,False,consumer,retail,retail__small,small,2116,0.0637450199203187,442786.9996261597,770208.2176298142,120.0,2026-06-18,21.899999618530277,10000.0,trade_group_exact,high,False,legacy_subindustry_rule,medium,official_code_fallback,1837.0,cap_1001_plus,0.0699088145896656,936025065.75,0.93602506575,45548665.0,2026-06-10,TWSE basic issued common shares * TWSE latest close
4807.TW,4807,TWSE,日成-KY,18,貿易百貨,retail,consumer,traditional,retail_trade,member,False,consumer,retail,retail__small,small,2142,0.0522355024347056,329135.2499866486,1228074.677664145,120.0,2026-06-18,44.0,467183.0,trade_group_exact,high,False,legacy_subindustry_rule,medium,official_code_fallback,1612.0,cap_1001_plus,0.1838905775075987,1663415286.4,1.6634152864,48996032.0,2026-06-10,TWSE basic issued common shares * TWSE latest close
8443.TW,8443,TWSE,阿瘦,18,貿易百貨,retail,consumer,traditional,retail_trade,member,False,consumer,retail,retail__small,small,2177,0.0367419212040726,236120.8520975113,583508.3562823216,120.0,2026-06-18,11.399999618530272,20125.0,trade_group_exact,high,False,legacy_subindustry_rule,medium,official_code_fallback,1891.0,cap_1001_plus,0.0425531914893616,754840000.0,0.75484,66800000.0,2026-06-10,TWSE basic issued common shares * TWSE latest close
2910.TW,2910,TWSE,統領,18,貿易百貨,retail,consumer,traditional,retail_trade,member,False,consumer,retail,retail__small,small,2186,0.0327578574590526,200969.88236427307,316558.94156394,120.0,2026-06-18,23.100000381469727,17000.0,trade_group_exact,high,False,legacy_subindustry_rule,medium,official_code_fallback,1176.0,cap_1001_plus,0.4047619047619047,3744854050.000001,3.74485405,175403000.0,2026-06-10,TWSE basic issued common shares * TWSE latest close
2911.TW,2911,TWSE,麗嬰房,18,貿易百貨,retail,consumer,traditional,retail_trade,member,False,consumer,retail,retail__small,small,2196,0.0283311199645861,171474.72094631195,353089.6403261145,120.0,2026-06-18,8.010000228881836,339560.0,trade_group_exact,high,False,legacy_subindustry_rule,medium,official_code_fallback,1867.0,cap_1001_plus,0.0547112462006078,841007992.0,0.841007992,105125999.0,2026-06-10,TWSE basic issued common shares * TWSE latest close
5906.TW,5906,TWSE,台南-KY,18,貿易百貨,retail,consumer,traditional,retail_trade,member,False,consumer,retail,retail__small,small,2207,0.0234617087206728,141000.0,403911.281352361,120.0,2026-06-18,40.900001525878906,199000.0,trade_group_exact,high,False,legacy_subindustry_rule,medium,official_code_fallback,1620.0,cap_1001_plus,0.17983789260385,1644104952.0,1.644104952,35741412.0,2026-06-10,TWSE basic issued common shares * TWSE latest close
9904.TW,9904,TWSE,寶成,37,運動休閒,sports_leisure,consumer,other,sports_leisure,member,False,consumer,sports_leisure,sports_leisure__mid,mid,324,0.8570163789287295,255880220.1227713,290509896.42904204,120.0,2026-06-18,26.149999618530277,41094863.0,trade_group_exact,high,False,legacy_subindustry_rule,medium,official_code_fallback,169.0,cap_101_250,0.9148936170212766,78089861144.5,78.0898611445,2946787213.0,2026-06-10,TWSE basic issued common shares * TWSE latest close
6890.TW,6890,TWSE,來億-KY,37,運動休閒,sports_leisure,consumer,other,sports_leisure,member,False,consumer,sports_leisure,sports_leisure__mid,mid,427,0.8114209827357237,149471826.0,243777919.80416667,120.0,2026-06-18,238.0,379503.0,trade_group_exact,high,False,legacy_subindustry_rule,medium,official_code_fallback,183.0,cap_101_250,0.9078014184397164,69832000000.0,69.832,249400000.0,2026-06-10,TWSE basic issued common shares * TWSE latest close
9910.TW,9910,TWSE,豐泰,37,運動休閒,sports_leisure,consumer,other,sports_leisure,member,False,consumer,sports_leisure,sports_leisure__mid,mid,444,0.8038955289951306,139035963.0,188967654.3012848,120.0,2026-06-18,72.5999984741211,4751248.0,trade_group_exact,high,False,legacy_subindustry_rule,medium,official_code_fallback,151.0,cap_101_250,0.9240121580547112,92823386114.0,92.823386114,987482831.0,2026-06-10,TWSE basic issued common shares * TWSE latest close
9921.TW,9921,TWSE,巨大,37,運動休閒,sports_leisure,consumer,other,sports_leisure,member,False,consumer,sports_leisure,sports_leisure__mid,mid,446,0.8030101814962373,136648944.24193954,146951494.0937518,120.0,2026-06-18,74.0999984741211,2102259.0,trade_group_exact,high,False,legacy_subindustry_rule,medium,official_code_fallback,333.0,cap_251_500,0.8318135764944276,28228708440.0,28.22870844,392065395.0,2026-06-10,TWSE basic issued common shares * TWSE latest close
9914.TW,9914,TWSE,美利達,37,運動休閒,sports_leisure,consumer,other,sports_leisure,member,False,consumer,sports_leisure,sports_leisure__mid,mid,465,0.7945993802567508,122888262.39682388,144877537.47204164,120.0,2026-06-18,72.0999984741211,963214.0,trade_group_exact,high,False,legacy_subindustry_rule,medium,official_code_fallback,423.0,cap_251_500,0.7862208713272543,20629882200.0,20.6298822,298983800.0,2026-06-10,TWSE basic issued common shares * TWSE latest close
9802.TW,9802,TWSE,鈺齊-KY,37,運動休閒,sports_leisure,consumer,other,sports_leisure,member,False,consumer,sports_leisure,sports_leisure__small_mid,small_mid,537,0.7627268702965915,96341317.74288176,125845000.01822942,120.0,2026-06-18,77.19999694824219,844070.0,trade_group_exact,high,False,legacy_subindustry_rule,medium,official_code_fallback,493.0,cap_251_500,0.7507598784194529,16260226345.7,16.2602263457,200991673.0,2026-06-10,TWSE basic issued common shares * TWSE latest close
6670.TW,6670,TWSE,復盛應用,37,運動休閒,sports_leisure,consumer,other,sports_leisure,member,False,consumer,sports_leisure,sports_leisure__small_mid,small_mid,564,0.7507746790615316,85427743.75,99747284.2375,120.0,2026-06-18,287.5,1153446.0,trade_group_exact,high,False,legacy_subindustry_rule,medium,official_code_fallback,276.0,cap_251_500,0.8606889564336373,39237432899.5,39.2374328995,139386973.0,2026-06-10,TWSE basic issued common shares * TWSE latest close
1736.TW,1736,TWSE,喬山,37,運動休閒,sports_leisure,consumer,other,sports_leisure,member,False,consumer,sports_leisure,sports_leisure__small_mid,small_mid,600,0.734838424081452,71557584.0,92888533.1125,120.0,2026-06-18,119.5,805042.0,trade_group_exact,high,False,legacy_subindustry_rule,medium,official_code_fallback,298.0,cap_251_500,0.8495440729483282,33980197104.0,33.980197104,303394617.0,2026-06-10,TWSE basic issued common shares * TWSE latest close
6768.TW,6768,TWSE,志強-KY,37,運動休閒,sports_leisure,consumer,other,sports_leisure,member,False,consumer,sports_leisure,sports_leisure__small_mid,small_mid,654,0.7109340416113324,56538899.0,69317755.40536709,120.0,2026-06-18,85.69999694824219,352000.0,trade_group_exact,high,False,legacy_subindustry_rule,medium,official_code_fallback,446.0,cap_251_500,0.7745694022289766,18949002276.7,18.9490022767,200095061.0,2026-06-10,TWSE basic issued common shares * TWSE latest close
4536.TW,4536,TWSE,拓凱,37,運動休閒,sports_leisure,consumer,other,sports_leisure,member,False,consumer,sports_leisure,sports_leisure__small_mid,small_mid,776,0.6569278441788402,32798308.25,42869786.19583333,120.0,2026-06-18,163.0,291081.0,trade_group_exact,high,False,legacy_subindustry_rule,medium,official_code_fallback,531.0,cap_501_1000,0.7315096251266464,14849070000.0,14.84907,90820000.0,2026-06-10,TWSE basic issued common shares * TWSE latest close
8478.TW,8478,TWSE,東哥遊艇,37,運動休閒,sports_leisure,consumer,other,sports_leisure,member,False,consumer,sports_leisure,sports_leisure__small,small,825,0.6352368304559539,29014089.0,38528975.333333336,120.0,2026-06-18,151.0,232001.0,trade_group_exact,high,False,legacy_subindustry_rule,medium,official_code_fallback,506.0,cap_501_1000,0.7441742654508612,15599397816.0,15.599397816,93972276.0,2026-06-10,TWSE basic issued common shares * TWSE latest close
8462.TW,8462,TWSE,柏文,37,運動休閒,sports_leisure,consumer,other,sports_leisure,member,False,consumer,sports_leisure,sports_leisure__small,small,981,0.5661797255422754,18374765.25,20968701.866666667,120.0,2026-06-18,139.0,226107.0,trade_group_exact,high,False,legacy_subindustry_rule,medium,official_code_fallback,642.0,cap_501_1000,0.6752786220871327,11414899472.0,11.414899472,80386616.0,2026-06-10,TWSE basic issued common shares * TWSE latest close
8938.TWO,8938,TPEX,明安,37,運動休閒,sports_leisure,consumer,other,sports_leisure,member,False,consumer,sports_leisure,sports_leisure__small,small,996,0.5595396193005755,17762004.58560562,21285183.166119978,120.0,2026-06-18,53.20000076293945,218000.0,trade_group_exact,high,False,legacy_subindustry_rule,medium,official_code_fallback,790.0,cap_501_1000,0.6003039513677811,8273188023.0,8.273188023,156986490.0,2026-06-10,TPEX daily market value shares * close; API MarketValue retained for audit
5306.TW,5306,TWSE,桂盟,37,運動休閒,sports_leisure,consumer,other,sports_leisure,member,False,consumer,sports_leisure,sports_leisure__small,small,1223,0.4590526781761841,8873199.851989746,10663420.021827824,120.0,2026-06-18,85.69999694824219,167211.0,trade_group_exact,high,False,legacy_subindustry_rule,medium,official_code_fallback,667.0,cap_501_1000,0.662613981762918,10672265388.4,10.6722653884,126000772.0,2026-06-10,TWSE basic issued common shares * TWSE latest close
8467.TW,8467,TWSE,波力-KY,37,運動休閒,sports_leisure,consumer,other,sports_leisure,member,False,consumer,sports_leisure,sports_leisure__small,small,1306,0.4223107569721115,7088750.0,13444384.954166668,120.0,2026-06-18,125.5,7000.0,trade_group_exact,high,False,legacy_subindustry_rule,medium,official_code_fallback,919.0,cap_501_1000,0.5349544072948329,6216004387.5,6.2160043875,48373575.0,2026-06-10,TWSE basic issued common shares * TWSE latest close
8924.TWO,8924,TPEX,大田,37,運動休閒,sports_leisure,consumer,other,sports_leisure,member,False,consumer,sports_leisure,sports_leisure__small,small,1393,0.3837981407702523,5693436.958747864,8361344.381184463,120.0,2026-06-18,56.20000076293945,115322.0,trade_group_exact,high,False,legacy_subindustry_rule,medium,official_code_fallback,1049.0,cap_1001_plus,0.4690982776089158,4751460000.0,4.75146,83800000.0,2026-06-10,TPEX daily market value shares * close; API MarketValue retained for audit
6965.TW,6965,TWSE,中傑-KY,37,運動休閒,sports_leisure,consumer,other,sports_leisure,member,False,consumer,sports_leisure,sports_leisure__small,small,1402,0.3798140770252324,5556922.5,7355084.599548403,120.0,2026-06-18,82.0,44262.0,trade_group_exact,high,False,legacy_subindustry_rule,medium,official_code_fallback,594.0,cap_501_1000,0.6995947315096251,12631948800.0,12.6319488,156336000.0,2026-06-10,TWSE basic issued common shares * TWSE latest close
1598.TW,1598,TWSE,岱宇,37,運動休閒,sports_leisure,consumer,other,sports_leisure,member,False,consumer,sports_leisure,sports_leisure__small,small,1404,0.378928729526339,5470711.798713684,6741013.3308072565,120.0,2026-06-18,20.200000762939453,276100.0,trade_group_exact,high,False,legacy_subindustry_rule,medium,official_code_fallback,1175.0,cap_1001_plus,0.4052684903748733,3761983932.0,3.761983932,179142092.0,2026-06-10,TWSE basic issued common shares * TWSE latest close
1432.TW,1432,TWSE,大魯閣,37,運動休閒,sports_leisure,consumer,other,sports_leisure,member,False,consumer,sports_leisure,sports_leisure__small,small,1521,0.3271359008410801,4026630.132900238,8633645.766969824,120.0,2026-06-18,17.600000381469727,1035662.0,trade_group_exact,high,False,legacy_subindustry_rule,medium,official_code_fallback,1559.0,cap_1001_plus,0.2107396149949341,1868400000.0,1.8684,108000000.0,2026-06-10,TWSE basic issued common shares * TWSE latest close
2762.TW,2762,TWSE,世界健身-KY,37,運動休閒,sports_leisure,consumer,other,sports_leisure,member,False,consumer,sports_leisure,sports_leisure__small,small,1704,0.2461266046923417,2411040.700805664,3395392.497816531,120.0,2026-06-18,85.30000305175781,78025.0,trade_group_exact,high,False,legacy_subindustry_rule,medium,official_code_fallback,691.0,cap_501_1000,0.6504559270516717,10012500000.0,10.0125,112500000.0,2026-06-10,TWSE basic issued common shares * TWSE latest close
8933.TWO,8933,TPEX,愛地雅,37,運動休閒,sports_leisure,consumer,other,sports_leisure,member,False,consumer,sports_leisure,sports_leisure__small,small,1707,0.2447985834440017,2386882.675254345,4762373.475375589,120.0,2026-06-18,4.800000190734863,384000.0,trade_group_exact,high,False,legacy_subindustry_rule,medium,official_code_fallback,1652.0,cap_1001_plus,0.1636271529888551,1463724886.4,1.4637248864,326724305.0,2026-06-10,TPEX daily market value shares * close; API MarketValue retained for audit
7811.TWO,7811,TPEX,民盛,37,運動休閒,sports_leisure,consumer,other,sports_leisure,member,False,consumer,sports_leisure,sports_leisure__small,small,1872,0.1717574147853032,1312946.5,3094977.9311468126,120.0,2026-06-18,79.0999984741211,5000.0,trade_group_exact,high,False,legacy_subindustry_rule,medium,official_code_fallback,1375.0,cap_1001_plus,0.303951367781155,2636783000.0,2.636783,33377000.0,2026-06-10,TPEX daily market value shares * close; API MarketValue retained for audit
1593.TWO,1593,TPEX,祺驊,37,運動休閒,sports_leisure,consumer,other,sports_leisure,member,False,consumer,sports_leisure,sports_leisure__small,small,1950,0.1372288623284638,960618.4767055511,1643804.8858996995,120.0,2026-06-18,30.450000762939453,15000.0,trade_group_exact,high,False,legacy_subindustry_rule,medium,official_code_fallback,1725.0,cap_1001_plus,0.1266464032421479,1253220318.0,1.253220318,39784772.0,2026-06-10,TPEX daily market value shares * close; API MarketValue retained for audit
6804.TWO,6804,TPEX,明係,37,運動休閒,sports_leisure,consumer,other,sports_leisure,member,False,consumer,sports_leisure,sports_leisure__small,small,2058,0.0894200973882248,598400.0122070312,797472.3858410263,120.0,2026-06-18,16.200000762939453,23000.0,trade_group_exact,high,False,legacy_subindustry_rule,medium,official_code_fallback,1887.0,cap_1001_plus,0.044579533941236,767124999.9999999,0.7671249999999998,47500000.0,2026-06-10,TPEX daily market value shares * close; API MarketValue retained for audit
8928.TWO,8928,TPEX,鉅明,37,運動休閒,sports_leisure,consumer,other,sports_leisure,member,False,consumer,sports_leisure,sports_leisure__small,small,2061,0.0880920761398849,584605.9994506837,806110.199847126,120.0,2026-06-18,21.100000381469727,25098.0,trade_group_exact,high,False,legacy_subindustry_rule,medium,official_code_fallback,1805.0,cap_1001_plus,0.0861195542046605,1050135409.75,1.05013540975,50854015.0,2026-06-10,TPEX daily market value shares * close; API MarketValue retained for audit
9960.TWO,9960,TPEX,邁達康,37,運動休閒,sports_leisure,consumer,other,sports_leisure,member,False,consumer,sports_leisure,sports_leisure__small,small,2134,0.0557768924302788,376692.2353172302,1654152.7057406711,120.0,2026-06-18,32.0,21740.0,trade_group_exact,high,False,legacy_subindustry_rule,medium,official_code_fallback,1803.0,cap_1001_plus,0.0871327254305978,1054804500.0,1.0548045,33592500.0,2026-06-10,TPEX daily market value shares * close; API MarketValue retained for audit
5348.TWO,5348,TPEX,正能量智能,37,運動休閒,sports_leisure,consumer,other,sports_leisure,member,False,consumer,sports_leisure,sports_leisure__small,small,2220,0.0177069499778662,110595.74646949768,185854.18490765247,120.0,2026-06-18,15.949999809265137,4000.0,trade_group_exact,high,False,legacy_subindustry_rule,medium,official_code_fallback,1973.0,cap_1001_plus,0.0010131712259371,234937080.3,0.2349370803,14775917.0,2026-06-10,TPEX daily market value shares * close; API MarketValue retained for audit
1477.TW,1477,TWSE,聚陽,4,紡織纖維,textile,consumer,traditional,textile,member,False,consumer,textile,textile__mid,mid,243,0.8928729526339088,408231696.25,452220131.8833333,120.0,2026-06-18,221.5,4378841.0,trade_group_exact,high,False,legacy_subindustry_rule,medium,official_code_fallback,215.0,cap_101_250,0.8915906788247214,54766004286.0,54.766004286,246693713.0,2026-06-10,TWSE basic issued common shares * TWSE latest close
1476.TW,1476,TWSE,儒鴻,4,紡織纖維,textile,consumer,traditional,textile,member,False,consumer,textile,textile__mid,mid,283,0.8751660026560425,327516784.5,429027305.9875,120.0,2026-06-18,327.0,2869412.0,trade_group_exact,high,False,legacy_subindustry_rule,medium,official_code_fallback,147.0,cap_101_250,0.9260385005065856,94382286184.0,94.382286184,274367111.0,2026-06-10,TWSE basic issued common shares * TWSE latest close
1402.TW,1402,TWSE,遠東新,4,紡織纖維,textile,consumer,traditional,textile,member,False,consumer,textile,textile__mid,mid,319,0.8592297476759628,264416750.5409965,322073528.8836272,120.0,2026-06-18,28.850000381469727,36130494.0,trade_group_exact,high,False,legacy_subindustry_rule,medium,official_code_fallback,107.0,cap_101_250,0.9463019250253292,148007000026.55,148.00700002654995,5352875227.0,2026-06-10,TWSE basic issued common shares * TWSE latest close
1409.TW,1409,TWSE,新纖,4,紡織纖維,textile,consumer,traditional,textile,member,False,consumer,textile,textile__small_mid,small_mid,586,0.7410358565737052,77760218.19767714,112598656.32491748,120.0,2026-06-18,25.600000381469727,39944115.0,trade_group_exact,high,False,legacy_subindustry_rule,medium,official_code_fallback,267.0,cap_251_500,0.8652482269503546,41188516328.7,41.1885163287,1618409286.0,2026-06-10,TWSE basic issued common shares * TWSE latest close
1434.TW,1434,TWSE,福懋,4,紡織纖維,textile,consumer,traditional,textile,member,False,consumer,textile,textile__small_mid,small_mid,769,0.6600265604249669,33939165.028409004,42199803.94216024,120.0,2026-06-18,16.950000762939453,2811178.0,trade_group_exact,high,False,legacy_subindustry_rule,medium,official_code_fallback,337.0,cap_251_500,0.8297872340425532,27712733278.65,27.71273327865,1684664637.0,2026-06-10,TWSE basic issued common shares * TWSE latest close
1440.TW,1440,TWSE,南紡,4,紡織纖維,textile,consumer,traditional,textile,member,False,consumer,textile,textile__small,small,997,0.5590969455511288,17753405.472998615,22287835.23954543,120.0,2026-06-18,13.300000190734863,4798124.0,trade_group_exact,high,False,legacy_subindustry_rule,medium,official_code_fallback,407.0,cap_251_500,0.7943262411347518,21869969312.4,21.8699693124,1656815857.0,2026-06-10,TWSE basic issued common shares * TWSE latest close
4441.TW,4441,TWSE,振大環球,4,紡織纖維,textile,consumer,traditional,textile,member,False,consumer,textile,textile__small,small,1032,0.5436033643204958,16199277.5,25088925.4,120.0,2026-06-18,200.0,79003.0,trade_group_exact,high,False,legacy_subindustry_rule,medium,official_code_fallback,586.0,cap_501_1000,0.7036474164133739,12987447609.0,12.987447609,68175578.0,2026-06-10,TWSE basic issued common shares * TWSE latest close
1419.TW,1419,TWSE,新紡,4,紡織纖維,textile,consumer,traditional,textile,member,False,consumer,textile,textile__small,small,1076,0.5241257193448429,14333821.72798729,25598064.57545646,120.0,2026-06-18,67.0999984741211,88499.0,trade_group_exact,high,False,legacy_subindustry_rule,medium,official_code_fallback,442.0,cap_251_500,0.7765957446808511,19382666688.0,19.382666688,300041280.0,2026-06-10,TWSE basic issued common shares * TWSE latest close
1449.TW,1449,TWSE,佳和,4,紡織纖維,textile,consumer,traditional,textile,member,False,consumer,textile,textile__small,small,1229,0.4563966356795041,8710151.29169321,20650844.17624005,120.0,2026-06-18,14.050000190734863,1033648.0,trade_group_exact,high,False,legacy_subindustry_rule,medium,official_code_fallback,1557.0,cap_1001_plus,0.2117527862208713,1874939937.0,1.874939937,127114572.0,2026-06-10,TWSE basic issued common shares * TWSE latest close
4417.TWO,4417,TPEX,金洲,4,紡織纖維,textile,consumer,traditional,textile,member,False,consumer,textile,textile__small,small,1418,0.3727312970340859,5259196.5,7473276.196403974,120.0,2026-06-18,46.650001525878906,64040.0,trade_group_exact,high,False,legacy_subindustry_rule,medium,official_code_fallback,1163.0,cap_1001_plus,0.4113475177304965,3841691504.25,3.84169150425,83971399.0,2026-06-10,TPEX daily market value shares * close; API MarketValue retained for audit
1414.TW,1414,TWSE,東和,4,紡織纖維,textile,consumer,traditional,textile,member,False,consumer,textile,textile__small,small,1421,0.3714032757857459,5224922.176700592,5853235.871412198,120.0,2026-06-18,17.5,98229.0,trade_group_exact,high,False,legacy_subindustry_rule,medium,official_code_fallback,1243.0,cap_1001_plus,0.3708206686930091,3316500000.0,3.3165,198000000.0,2026-06-10,TWSE basic issued common shares * TWSE latest close
4438.TW,4438,TWSE,廣越,4,紡織纖維,textile,consumer,traditional,textile,member,False,consumer,textile,textile__small,small,1435,0.3652058432934927,5089549.865722655,7434120.408082771,120.0,2026-06-18,61.09999847412109,75000.0,trade_group_exact,high,False,legacy_subindustry_rule,medium,official_code_fallback,879.0,cap_501_1000,0.5552178318135765,6862240027.5,6.8622400275,113425455.0,2026-06-10,TWSE basic issued common shares * TWSE latest close
1444.TW,1444,TWSE,力麗,4,紡織纖維,textile,consumer,traditional,textile,member,False,consumer,textile,textile__small,small,1450,0.3585657370517928,4887905.268224001,6357167.441642861,120.0,2026-06-18,7.039999961853027,1584613.0,trade_group_exact,high,False,legacy_subindustry_rule,medium,official_code_fallback,884.0,cap_501_1000,0.5526849037487336,6750134500.02,6.750134500020001,995595059.0,2026-06-10,TWSE basic issued common shares * TWSE latest close
1464.TW,1464,TWSE,得力,4,紡織纖維,textile,consumer,traditional,textile,member,False,consumer,textile,textile__small,small,1503,0.3351040283311199,4273570.1575284,4762748.136009192,120.0,2026-06-18,10.300000190734863,510326.0,trade_group_exact,high,False,legacy_subindustry_rule,medium,official_code_fallback,1091.0,cap_1001_plus,0.4478216818642351,4404708836.55,4.40470883655,425575733.0,2026-06-10,TWSE basic issued common shares * TWSE latest close
1455.TW,1455,TWSE,集盛,4,紡織纖維,textile,consumer,traditional,textile,member,False,consumer,textile,textile__small,small,1527,0.3244798583444002,3979525.864934921,7128860.273545623,120.0,2026-06-18,10.199999809265137,4634841.0,trade_group_exact,high,False,legacy_subindustry_rule,medium,official_code_fallback,1004.0,cap_1001_plus,0.4918946301925025,5237130543.0,5.237130543,531688380.0,2026-06-10,TWSE basic issued common shares * TWSE latest close
1460.TW,1460,TWSE,宏遠,4,紡織纖維,textile,consumer,traditional,textile,member,False,consumer,textile,textile__small,small,1530,0.3231518370960602,3946908.4140651226,4426206.525024156,120.0,2026-06-18,7.199999809265137,610274.0,trade_group_exact,high,False,legacy_subindustry_rule,medium,official_code_fallback,1030.0,cap_1001_plus,0.4787234042553191,4897236562.2,4.8972365622,694643484.0,2026-06-10,TWSE basic issued common shares * TWSE latest close
1447.TW,1447,TWSE,力鵬,4,紡織纖維,textile,consumer,traditional,textile,member,False,consumer,textile,textile__small,small,1546,0.3160690571049137,3770712.698410749,5281465.922272249,120.0,2026-06-18,6.03000020980835,1575143.0,trade_group_exact,high,False,legacy_subindustry_rule,medium,official_code_fallback,950.0,cap_501_1000,0.5192502532928065,5915463073.0,5.915463073,910071242.0,2026-06-10,TWSE basic issued common shares * TWSE latest close
4414.TW,4414,TWSE,如興,4,紡織纖維,textile,consumer,traditional,textile,member,False,consumer,textile,textile__small,small,1560,0.3098716246126605,3630925.069047928,5243463.794702069,120.0,2026-06-18,8.4399995803833,178546.0,trade_group_exact,high,False,legacy_subindustry_rule,medium,official_code_fallback,1476.0,cap_1001_plus,0.2527862208713273,2215884493.2000003,2.2158844932000004,263795773.0,2026-06-10,TWSE basic issued common shares * TWSE latest close
1466.TW,1466,TWSE,聚隆,4,紡織纖維,textile,consumer,traditional,textile,member,False,consumer,textile,textile__small,small,1625,0.2810978308986277,3023530.7515211105,6781175.369117197,120.0,2026-06-18,14.300000190734863,817000.0,trade_group_exact,high,False,legacy_subindustry_rule,medium,official_code_fallback,1633.0,cap_1001_plus,0.1732522796352583,1572876078.0,1.572876078,111157320.0,2026-06-10,TWSE basic issued common shares * TWSE latest close
1451.TW,1451,TWSE,年興,4,紡織纖維,textile,consumer,traditional,textile,member,False,consumer,textile,textile__small,small,1655,0.267817618415228,2731733.728116989,3469994.910301844,120.0,2026-06-18,16.75,119081.0,trade_group_exact,high,False,legacy_subindustry_rule,medium,official_code_fallback,1249.0,cap_1001_plus,0.3677811550151976,3276900000.0,3.2769,198000000.0,2026-06-10,TWSE basic issued common shares * TWSE latest close
1446.TW,1446,TWSE,宏和,4,紡織纖維,textile,consumer,traditional,textile,member,False,consumer,textile,textile__small,small,1659,0.2660469234174413,2699243.0200223923,3447548.7987814825,120.0,2026-06-18,16.700000762939453,218000.0,trade_group_exact,high,False,legacy_subindustry_rule,medium,official_code_fallback,1453.0,cap_1001_plus,0.2644376899696048,2306634342.75,2.30663434275,137709513.0,2026-06-10,TWSE basic issued common shares * TWSE latest close
1473.TW,1473,TWSE,台南,4,紡織纖維,textile,consumer,traditional,textile,member,False,consumer,textile,textile__small,small,1700,0.2478972996901284,2432254.860798836,4075294.542884223,120.0,2026-06-18,20.200000762939453,98200.0,trade_group_exact,high,False,legacy_subindustry_rule,medium,official_code_fallback,1300.0,cap_1001_plus,0.3419452887537993,2996147447.0,2.996147447,146153534.0,2026-06-10,TWSE basic issued common shares * TWSE latest close
4420.TWO,4420,TPEX,光明,4,紡織纖維,textile,consumer,traditional,textile,member,False,consumer,textile,textile__small,small,1702,0.247011952191235,2424552.4992370605,2548781.4600002924,120.0,2026-06-18,37.59999847412109,102000.0,trade_group_exact,high,False,legacy_subindustry_rule,medium,official_code_fallback,1637.0,cap_1001_plus,0.1712259371833839,1537290000.0,1.53729,40455000.0,2026-06-10,TPEX daily market value shares * close; API MarketValue retained for audit
4439.TW,4439,TWSE,冠星-KY,4,紡織纖維,textile,consumer,traditional,textile,member,False,consumer,textile,textile__small,small,1726,0.2363877822045152,2253544.5,3484396.3478143057,120.0,2026-06-18,91.5999984741211,13010.0,trade_group_exact,high,False,legacy_subindustry_rule,medium,official_code_fallback,1236.0,cap_1001_plus,0.3743667679837892,3346511311.4,3.3465113114,38115163.0,2026-06-10,TWSE basic issued common shares * TWSE latest close
4442.TWO,4442,TPEX,竣邦-KY,4,紡織纖維,textile,consumer,traditional,textile,member,False,consumer,textile,textile__small,small,1763,0.2200088534749888,1966899.9881744385,7240578.246890309,120.0,2026-06-18,56.09999847412109,14008.0,trade_group_exact,high,False,legacy_subindustry_rule,medium,official_code_fallback,1587.0,cap_1001_plus,0.1965552178318136,1744504938.0,1.744504938,32305647.0,2026-06-10,TPEX daily market value shares * close; API MarketValue retained for audit
1457.TW,1457,TWSE,宜進,4,紡織纖維,textile,consumer,traditional,textile,member,False,consumer,textile,textile__small,small,1813,0.1978751660026561,1622294.210210323,2061654.8768220504,120.0,2026-06-18,14.300000190734863,376794.0,trade_group_exact,high,False,legacy_subindustry_rule,medium,official_code_fallback,1062.0,cap_1001_plus,0.4625126646403242,4640094822.3,4.6400948223,316730022.0,2026-06-10,TWSE basic issued common shares * TWSE latest close
1417.TW,1417,TWSE,嘉裕,4,紡織纖維,textile,consumer,traditional,textile,member,False,consumer,textile,textile__small,small,1867,0.1739707835325364,1338075.1115608215,1715610.7738164344,120.0,2026-06-18,8.520000457763672,241387.0,trade_group_exact,high,False,legacy_subindustry_rule,medium,official_code_fallback,1629.0,cap_1001_plus,0.1752786220871327,1603109129.6,1.6031091296,189941840.0,2026-06-10,TWSE basic issued common shares * TWSE latest close
1463.TW,1463,TWSE,強盛新,4,紡織纖維,textile,consumer,traditional,textile,member,False,consumer,textile,textile__small,small,1878,0.1691013722886233,1277960.672914505,1907797.3398055555,120.0,2026-06-18,17.600000381469727,45000.0,trade_group_exact,high,False,legacy_subindustry_rule,medium,official_code_fallback,1289.0,cap_1001_plus,0.3475177304964538,3066850343.7,3.0668503437,173268381.0,2026-06-10,TWSE basic issued common shares * TWSE latest close
1459.TW,1459,TWSE,聯發,4,紡織纖維,textile,consumer,traditional,textile,member,False,consumer,textile,textile__small,small,1879,0.1686586985391766,1274744.6999063492,1789236.4580094656,120.0,2026-06-18,11.800000190734863,35000.0,trade_group_exact,high,False,legacy_subindustry_rule,medium,official_code_fallback,1129.0,cap_1001_plus,0.4285714285714286,4160095321.2,4.1600953212,358628907.0,2026-06-10,TWSE basic issued common shares * TWSE latest close
4440.TW,4440,TWSE,宜新實業,4,紡織纖維,textile,consumer,traditional,textile,member,False,consumer,textile,textile__small,small,1891,0.1633466135458167,1229475.025177002,1608784.9767110825,120.0,2026-06-18,17.100000381469727,34000.0,trade_group_exact,high,False,legacy_subindustry_rule,medium,official_code_fallback,1760.0,cap_1001_plus,0.1089159067882472,1149166000.0,1.149166,67598000.0,2026-06-10,TWSE basic issued common shares * TWSE latest close
1467.TW,1467,TWSE,南緯,4,紡織纖維,textile,consumer,traditional,textile,member,False,consumer,textile,textile__small,small,1903,0.1580345285524568,1173801.2560248375,2035647.37943418,120.0,2026-06-18,7.28000020980835,226000.0,trade_group_exact,high,False,legacy_subindustry_rule,medium,official_code_fallback,1581.0,cap_1001_plus,0.1995947315096251,1777883715.87,1.77788371587,233624667.0,2026-06-10,TWSE basic issued common shares * TWSE latest close
1475.TW,1475,TWSE,業旺,4,紡織纖維,textile,consumer,traditional,textile,member,False,consumer,textile,textile__small,small,1938,0.1425409473218237,1016899.9862670898,1180332.993663486,120.0,2026-06-18,27.399999618530277,52000.0,trade_group_exact,high,False,legacy_subindustry_rule,medium,official_code_fallback,1578.0,cap_1001_plus,0.2011144883485308,1789053897.9,1.7890538979,66016749.0,2026-06-10,TWSE basic issued common shares * TWSE latest close
1423.TW,1423,TWSE,利華,4,紡織纖維,textile,consumer,traditional,textile,member,False,consumer,textile,textile__small,small,1943,0.1403275785745905,991516.95378685,1661339.7641536712,120.0,2026-06-18,39.650001525878906,302360.0,trade_group_exact,high,False,legacy_subindustry_rule,medium,official_code_fallback,1094.0,cap_1001_plus,0.4463019250253293,4379529600.0,4.3795296,99648000.0,2026-06-10,TWSE basic issued common shares * TWSE latest close
1465.TW,1465,TWSE,偉全,4,紡織纖維,textile,consumer,traditional,textile,member,False,consumer,textile,textile__small,small,1958,0.1336874723328907,922449.9931335448,1152761.50087231,120.0,2026-06-18,12.5,63000.0,trade_group_exact,high,False,legacy_subindustry_rule,medium,official_code_fallback,1719.0,cap_1001_plus,0.1296859169199594,1264008657.4,1.2640086573999998,103607267.0,2026-06-10,TWSE basic issued common shares * TWSE latest close
4401.TWO,4401,TPEX,東隆興,4,紡織纖維,textile,consumer,traditional,textile,member,False,consumer,textile,textile__small,small,1959,0.1332447985834439,922364.6046829224,1126608.1431038524,120.0,2026-06-18,14.100000381469728,61360.0,trade_group_exact,high,False,legacy_subindustry_rule,medium,official_code_fallback,1599.0,cap_1001_plus,0.1904761904761904,1699284366.2,1.6992843662,122692012.0,2026-06-10,TPEX daily market value shares * close; API MarketValue retained for audit
1474.TW,1474,TWSE,弘裕,4,紡織纖維,textile,consumer,traditional,textile,member,False,consumer,textile,textile__small,small,1962,0.1319167773351039,905707.7334980963,1223669.4453811408,120.0,2026-06-18,10.25,69100.0,trade_group_exact,high,False,legacy_subindustry_rule,medium,official_code_fallback,1699.0,cap_1001_plus,0.1398176291793312,1324949083.8,1.3249490838,129896969.0,2026-06-10,TWSE basic issued common shares * TWSE latest close
4426.TW,4426,TWSE,利勤,4,紡織纖維,textile,consumer,traditional,textile,member,False,consumer,textile,textile__small,small,1975,0.1261620185922974,849419.2805747986,1283757.3529926855,120.0,2026-06-18,7.980000019073486,114000.0,trade_group_exact,high,False,legacy_subindustry_rule,medium,official_code_fallback,1679.0,cap_1001_plus,0.1499493414387031,1369330180.14,1.36933018014,172677198.0,2026-06-10,TWSE basic issued common shares * TWSE latest close
1452.TW,1452,TWSE,宏益,4,紡織纖維,textile,consumer,traditional,textile,member,False,consumer,textile,textile__small,small,1980,0.1239486498450641,844333.8294382095,1051336.680876859,120.0,2026-06-18,11.149999618530272,179050.0,trade_group_exact,high,False,legacy_subindustry_rule,medium,official_code_fallback,1659.0,cap_1001_plus,0.160081053698075,1432527120.0,1.43252712,132641400.0,2026-06-10,TWSE basic issued common shares * TWSE latest close
1410.TW,1410,TWSE,南染,4,紡織纖維,textile,consumer,traditional,textile,member,False,consumer,textile,textile__small,small,1981,0.1235059760956175,840818.7205533981,1644875.1714661915,120.0,2026-06-18,24.850000381469727,35009.0,trade_group_exact,high,False,legacy_subindustry_rule,medium,official_code_fallback,1635.0,cap_1001_plus,0.1722391084093212,1550000000.0,1.55,62000000.0,2026-06-10,TWSE basic issued common shares * TWSE latest close
4402.TWO,4402,TPEX,郡都開發,4,紡織纖維,textile,consumer,traditional,textile,member,False,consumer,textile,textile__small,small,2017,0.1075697211155378,727527.5160217285,818776.4744001484,120.0,2026-06-18,16.799999237060547,38000.0,trade_group_exact,high,False,legacy_subindustry_rule,medium,official_code_fallback,1753.0,cap_1001_plus,0.1124620060790273,1183057842.0,1.183057842,67991830.0,2026-06-10,TPEX daily market value shares * close; API MarketValue retained for audit
1445.TW,1445,TWSE,大宇,4,紡織纖維,textile,consumer,traditional,textile,member,False,consumer,textile,textile__small,small,2020,0.1062416998671978,723039.979195118,1253354.5879402638,120.0,2026-06-18,11.0,75000.0,trade_group_exact,high,False,legacy_subindustry_rule,medium,official_code_fallback,1655.0,cap_1001_plus,0.1621073961499493,1463459580.8,1.4634595808,130666034.0,2026-06-10,TWSE basic issued common shares * TWSE latest close
6506.TWO,6506,TPEX,雙邦,4,紡織纖維,textile,consumer,traditional,textile,member,False,consumer,textile,textile__small,small,2029,0.1022576361221779,701525.0,1461653.7559944582,120.0,2026-06-18,18.899999618530277,147013.0,trade_group_exact,high,False,legacy_subindustry_rule,medium,official_code_fallback,1641.0,cap_1001_plus,0.1691995947315095,1527793322.3,1.5277933223,82360826.0,2026-06-10,TPEX daily market value shares * close; API MarketValue retained for audit
4433.TWO,4433,TPEX,興采,4,紡織纖維,textile,consumer,traditional,textile,member,False,consumer,textile,textile__small,small,2075,0.0818946436476316,557343.15,1001434.3334441376,120.0,2026-06-18,20.399999618530277,23271.0,trade_group_exact,high,False,legacy_subindustry_rule,medium,official_code_fallback,1724.0,cap_1001_plus,0.1271529888551165,1253580378.3,1.2535803783,61299774.0,2026-06-10,TPEX daily market value shares * close; API MarketValue retained for audit
1468.TW,1468,TWSE,昶和,4,紡織纖維,textile,consumer,traditional,textile,member,False,consumer,textile,textile__small,small,2103,0.0694997786631252,488099.9851226806,603029.2276144028,120.0,2026-06-18,12.0,71000.0,trade_group_exact,high,False,legacy_subindustry_rule,medium,official_code_fallback,1558.0,cap_1001_plus,0.2112462006079027,1868721092.6,1.8687210926,160405244.0,2026-06-10,TWSE basic issued common shares * TWSE latest close
1454.TW,1454,TWSE,台富,4,紡織纖維,textile,consumer,traditional,textile,member,False,consumer,textile,textile__small,small,2119,0.0624169986719786,434242.80954408646,1672875.0827830872,120.0,2026-06-18,12.850000381469728,21085.0,trade_group_exact,high,False,legacy_subindustry_rule,medium,official_code_fallback,1611.0,cap_1001_plus,0.1843971631205674,1668364946.8,1.6683649468,129833848.0,2026-06-10,TWSE basic issued common shares * TWSE latest close
4432.TWO,4432,TPEX,銘旺實,4,紡織纖維,textile,consumer,traditional,textile,member,False,consumer,textile,textile__small,small,2120,0.061974324922532,429599.9927520752,561370.1496900591,120.0,2026-06-18,16.25,8109.0,trade_group_exact,high,False,legacy_subindustry_rule,medium,official_code_fallback,1871.0,cap_1001_plus,0.0526849037487335,827130150.0000001,0.8271301500000001,50589000.0,2026-06-10,TPEX daily market value shares * close; API MarketValue retained for audit
1418.TW,1418,TWSE,東華,4,紡織纖維,textile,consumer,traditional,textile,member,False,consumer,textile,textile__small,small,2157,0.0455953961930057,284459.4471311569,370255.8070171674,120.0,2026-06-18,18.5,14555.0,trade_group_exact,high,False,legacy_subindustry_rule,medium,official_code_fallback,1806.0,cap_1001_plus,0.0856129685916919,1048593001.05,1.04859300105,56834309.0,2026-06-10,TWSE basic issued common shares * TWSE latest close
1441.TW,1441,TWSE,大東,4,紡織纖維,textile,consumer,traditional,textile,member,False,consumer,textile,textile__small,small,2200,0.0265604249667994,159186.43093872073,591812.5469982942,120.0,2026-06-18,9.25,5250.0,trade_group_exact,high,False,legacy_subindustry_rule,medium,official_code_fallback,1917.0,cap_1001_plus,0.0293819655521783,658613472.66,0.6586134726599999,71744387.0,2026-06-10,TWSE basic issued common shares * TWSE latest close
1413.TW,1413,TWSE,宏洲,4,紡織纖維,textile,consumer,traditional,textile,member,False,consumer,textile,textile__small,small,2205,0.0243470562195662,146066.50058031082,268450.9404032469,120.0,2026-06-18,9.4399995803833,32680.0,trade_group_exact,high,False,legacy_subindustry_rule,medium,official_code_fallback,1723.0,cap_1001_plus,0.127659574468085,1255068313.0,1.255068313,132112454.0,2026-06-10,TWSE basic issued common shares * TWSE latest close
4413.TWO,4413,TPEX,飛寶企業,4,紡織纖維,textile,consumer,traditional,textile,member,False,consumer,textile,textile__small,small,2211,0.0216910137228862,134025.0015258789,213254.8216365083,120.0,2026-06-18,16.600000381469727,0.0,trade_group_exact,high,False,legacy_subindustry_rule,medium,official_code_fallback,1946.0,cap_1001_plus,0.0146909827760891,486943413.9500001,0.48694341395,31314689.0,2026-06-10,TPEX daily market value shares * close; API MarketValue retained for audit
4406.TWO,4406,TPEX,新昕纖,4,紡織纖維,textile,consumer,traditional,textile,member,False,consumer,textile,textile__small,small,2232,0.0123948649845063,88829.99897003174,274520.3280609846,120.0,2026-06-18,9.890000343322754,22000.0,trade_group_exact,high,False,legacy_subindustry_rule,medium,official_code_fallback,1942.0,cap_1001_plus,0.0167173252279635,513928800.0,0.5139288,51912000.0,2026-06-10,TPEX daily market value shares * close; API MarketValue retained for audit
1470.TW,1470,TWSE,大統新創,4,紡織纖維,textile,consumer,traditional,textile,member,False,consumer,textile,textile__small,small,2245,0.0066401062416998,46493.09961605072,145694.01093935966,120.0,2026-06-18,22.850000381469727,0.0,trade_group_exact,high,False,legacy_subindustry_rule,medium,official_code_fallback,1549.0,cap_1001_plus,0.21580547112462,1938334200.0,1.9383342000000003,85767000.0,2026-06-10,TWSE basic issued common shares * TWSE latest close
3293.TWO,3293,TPEX,鈊象,32,文化創意業,culture_creative,consumer_service,other,culture_creative,member,False,consumer_service,culture_creative,culture_creative__mid_large,mid_large,124,0.9455511288180612,1079116253.5,1340519817.675,120.0,2026-06-18,793.0,2817268.0,trade_group_exact,high,False,legacy_subindustry_rule,medium,official_code_fallback,81.0,cap_051_100,0.9594731509625126,225159446440.0,225.15944644,281801560.0,2026-06-10,TPEX daily market value shares * close; API MarketValue retained for audit
6596.TWO,6596,TPEX,寬宏藝術,32,文化創意業,culture_creative,consumer_service,other,culture_creative,member,False,consumer_service,culture_creative,culture_creative__small_mid,small_mid,698,0.6914563966356795,45736522.5,67091997.31465111,120.0,2026-06-18,94.0,148004.0,trade_group_exact,high,False,legacy_subindustry_rule,medium,official_code_fallback,1201.0,cap_1001_plus,0.39209726443769,3591000000.0,3.591,38000000.0,2026-06-10,TPEX daily market value shares * close; API MarketValue retained for audit
3086.TWO,3086,TPEX,華義*,32,文化創意業,culture_creative,consumer_service,other,culture_creative,member,False,consumer_service,culture_creative,culture_creative__small_mid,small_mid,793,0.649402390438247,31413918.75,39566950.82446943,120.0,2026-06-18,36.0,618900.0,trade_group_exact,high,False,legacy_subindustry_rule,medium,official_code_fallback,682.0,cap_501_1000,0.6550151975683891,10267550701.5,10.2675507015,272710510.0,2026-06-10,TPEX daily market value shares * close; API MarketValue retained for audit
5263.TWO,5263,TPEX,智崴,32,文化創意業,culture_creative,consumer_service,other,culture_creative,member,False,consumer_service,culture_creative,culture_creative__small,small,907,0.598937583001328,23087262.75023651,39881820.03540109,120.0,2026-06-18,101.5,163243.0,trade_group_exact,high,False,legacy_subindustry_rule,medium,official_code_fallback,827.0,cap_501_1000,0.5815602836879432,7504594436.5,7.5045944365,73936891.0,2026-06-10,TPEX daily market value shares * close; API MarketValue retained for audit
6180.TWO,6180,TPEX,橘子,32,文化創意業,culture_creative,consumer_service,other,culture_creative,member,False,consumer_service,culture_creative,culture_creative__small,small,921,0.5927401505090748,21764645.033672333,25013428.05388809,120.0,2026-06-18,50.29999923706055,4553800.0,trade_group_exact,high,False,legacy_subindustry_rule,medium,official_code_fallback,792.0,cap_501_1000,0.5992907801418439,8256972609.65,8.25697260965,175493573.0,2026-06-10,TPEX daily market value shares * close; API MarketValue retained for audit
6111.TWO,6111,TPEX,光聚晶電,32,文化創意業,culture_creative,consumer_service,other,culture_creative,member,False,consumer_service,culture_creative,culture_creative__small,small,975,0.5688357680389553,18964140.28089333,22158935.61374308,120.0,2026-06-18,44.75,158446.0,trade_group_exact,high,False,legacy_subindustry_rule,medium,official_code_fallback,1043.0,cap_1001_plus,0.4721377912867275,4800006244.0,4.800006244,109091051.0,2026-06-10,TPEX daily market value shares * close; API MarketValue retained for audit
5478.TWO,5478,TPEX,智冠,32,文化創意業,culture_creative,consumer_service,other,culture_creative,member,False,consumer_service,culture_creative,culture_creative__small,small,1009,0.5537848605577689,17114396.965507507,22253329.238003287,120.0,2026-06-18,106.5,371048.0,trade_group_exact,high,False,legacy_subindustry_rule,medium,official_code_fallback,491.0,cap_251_500,0.75177304964539,16387804860.0,16.38780486,156074332.0,2026-06-10,TPEX daily market value shares * close; API MarketValue retained for audit
3546.TWO,3546,TPEX,宇峻,32,文化創意業,culture_creative,consumer_service,other,culture_creative,member,False,consumer_service,culture_creative,culture_creative__small,small,1052,0.5347498893315626,15489794.819892883,20854491.967753943,120.0,2026-06-18,85.9000015258789,469800.0,trade_group_exact,high,False,legacy_subindustry_rule,medium,official_code_fallback,1039.0,cap_1001_plus,0.4741641337386018,4831939612.1,4.8319396121,58427323.0,2026-06-10,TPEX daily market value shares * close; API MarketValue retained for audit
8446.TWO,8446,TPEX,華研,32,文化創意業,culture_creative,consumer_service,other,culture_creative,member,False,consumer_service,culture_creative,culture_creative__small,small,1220,0.4603806994245241,8980770.21522522,17070131.169310037,120.0,2026-06-18,87.9000015258789,62015.0,trade_group_exact,high,False,legacy_subindustry_rule,medium,official_code_fallback,1064.0,cap_1001_plus,0.461499493414387,4630010437.5,4.6300104375,52914405.0,2026-06-10,TPEX daily market value shares * close; API MarketValue retained for audit
3687.TWO,3687,TPEX,歐買尬,36,數位雲端,culture_creative,consumer_service,other,culture_creative,member,False,consumer_service,culture_creative,culture_creative__small,small,1270,0.4382470119521913,7761066.723697662,11134006.746722069,120.0,2026-06-18,78.4000015258789,209001.0,trade_group_exact,high,False,legacy_subindustry_rule,medium,exact_symbol,1424.0,cap_1001_plus,0.279128672745694,2428914256.0,2.428914256,30060820.0,2026-06-10,TPEX daily market value shares * close; API MarketValue retained for audit
4946.TWO,4946,TPEX,辣椒,32,文化創意業,culture_creative,consumer_service,other,culture_creative,member,False,consumer_service,culture_creative,culture_creative__small,small,1309,0.4209827357237715,7048501.25,15026637.585072454,120.0,2026-06-18,110.5,99114.0,trade_group_exact,high,False,legacy_subindustry_rule,medium,official_code_fallback,1818.0,cap_1001_plus,0.0795339412360689,1009221024.0,1.009221024,8852816.0,2026-06-10,TPEX daily market value shares * close; API MarketValue retained for audit
3083.TWO,3083,TPEX,網龍,32,文化創意業,culture_creative,consumer_service,other,culture_creative,member,False,consumer_service,culture_creative,culture_creative__small,small,1621,0.2828685258964143,3054744.0563964844,3911324.222986727,120.0,2026-06-18,29.549999237060547,253000.0,trade_group_exact,high,False,legacy_subindustry_rule,medium,official_code_fallback,1373.0,cap_1001_plus,0.3049645390070922,2642173511.9,2.6421735119000003,86486858.0,2026-06-10,TPEX daily market value shares * close; API MarketValue retained for audit
9949.TWO,9949,TPEX,琉園,32,文化創意業,culture_creative,consumer_service,other,culture_creative,member,False,consumer_service,culture_creative,culture_creative__small,small,1741,0.2297476759628154,2070328.788974762,3994008.666167612,120.0,2026-06-18,24.5,33127.0,trade_group_exact,high,False,legacy_subindustry_rule,medium,official_code_fallback,1801.0,cap_1001_plus,0.0881458966565349,1058714006.8,1.0587140068,44860763.0,2026-06-10,TPEX daily market value shares * close; API MarketValue retained for audit
6101.TWO,6101,TPEX,寬魚國際,32,文化創意業,culture_creative,consumer_service,other,culture_creative,member,False,consumer_service,culture_creative,culture_creative__small,small,1756,0.2231075697211155,1994315.0206565857,3093254.5620016097,120.0,2026-06-18,41.650001525878906,753010.0,trade_group_exact,high,False,legacy_subindustry_rule,medium,official_code_fallback,1075.0,cap_1001_plus,0.4559270516717325,4544618410.15,4.54461841015,114618371.0,2026-06-10,TPEX daily market value shares * close; API MarketValue retained for audit
6294.TWO,6294,TPEX,智基,32,文化創意業,culture_creative,consumer_service,other,culture_creative,member,False,consumer_service,culture_creative,culture_creative__small,small,1866,0.1744134572819832,1340797.4885540009,1774093.1638173163,120.0,2026-06-18,28.549999237060547,54712.0,trade_group_exact,high,False,legacy_subindustry_rule,medium,official_code_fallback,1889.0,cap_1001_plus,0.0435663627152989,757970784.6,0.7579707846,26047106.0,2026-06-10,TPEX daily market value shares * close; API MarketValue retained for audit
7584.TWO,7584,TPEX,樂意,32,文化創意業,culture_creative,consumer_service,other,culture_creative,member,False,consumer_service,culture_creative,culture_creative__small,small,1970,0.1283753873395308,866798.9999999999,1146100.5762387912,120.0,2026-06-18,28.0,20000.0,trade_group_exact,high,False,legacy_subindustry_rule,medium,official_code_fallback,1956.0,cap_1001_plus,0.0096251266464032,419801604.0,0.419801604,16462808.0,2026-06-10,TPEX daily market value shares * close; API MarketValue retained for audit
6542.TWO,6542,TPEX,隆中,32,文化創意業,culture_creative,consumer_service,other,culture_creative,member,False,consumer_service,culture_creative,culture_creative__small,small,2036,0.0991589198760513,688197.9946594238,1447802.1669067892,120.0,2026-06-18,48.0,2000.0,trade_group_exact,high,False,legacy_subindustry_rule,medium,official_code_fallback,1546.0,cap_1001_plus,0.2173252279635258,1950929263.5,1.9509292635,42000630.0,2026-06-10,TPEX daily market value shares * close; API MarketValue retained for audit
6482.TWO,6482,TPEX,弘煜科,32,文化創意業,culture_creative,consumer_service,other,culture_creative,member,False,consumer_service,culture_creative,culture_creative__small,small,2067,0.0854360336432049,570733.6756515503,821253.8774541855,120.0,2026-06-18,29.649999618530277,33000.0,trade_group_exact,high,False,legacy_subindustry_rule,medium,official_code_fallback,1853.0,cap_1001_plus,0.0618034447821681,874782844.65,0.87478284465,28634463.0,2026-06-10,TPEX daily market value shares * close; API MarketValue retained for audit
8450.TWO,8450,TPEX,霹靂,32,文化創意業,culture_creative,consumer_service,other,culture_creative,member,False,consumer_service,culture_creative,culture_creative__small,small,2088,0.0761398849048251,526928.2673597336,718634.3043286132,120.0,2026-06-18,15.899999618530272,36000.0,trade_group_exact,high,False,legacy_subindustry_rule,medium,official_code_fallback,1874.0,cap_1001_plus,0.0511651469098277,813262659.9499999,0.8132626599499999,51309947.0,2026-06-10,TPEX daily market value shares * close; API MarketValue retained for audit
2926.TWO,2926,TPEX,誠品生活,32,文化創意業,culture_creative,consumer_service,other,culture_creative,member,False,consumer_service,culture_creative,culture_creative__small,small,2118,0.0628596724214254,437433.0000305176,548281.3332744153,120.0,2026-06-18,35.29999923706055,13029.0,trade_group_exact,high,False,legacy_subindustry_rule,medium,official_code_fallback,1618.0,cap_1001_plus,0.1808510638297872,1644420855.0000002,1.6444208550000003,47389650.0,2026-06-10,TPEX daily market value shares * close; API MarketValue retained for audit
6169.TWO,6169,TPEX,昱泉,32,文化創意業,culture_creative,consumer_service,other,culture_creative,member,False,consumer_service,culture_creative,culture_creative__small,small,2125,0.0597609561752987,413488.50360774994,626977.6089059003,120.0,2026-06-18,15.199999809265137,32050.0,trade_group_exact,high,False,legacy_subindustry_rule,medium,official_code_fallback,1964.0,cap_1001_plus,0.0055724417426544,362621880.0,0.36262188,23394960.0,2026-06-10,TPEX daily market value shares * close; API MarketValue retained for audit
6144.TWO,6144,TPEX,得利影,32,文化創意業,culture_creative,consumer_service,other,culture_creative,member,False,consumer_service,culture_creative,culture_creative__small,small,2144,0.0513501549358123,324999.9904632569,559161.84404164,120.0,2026-06-18,14.5,5000.0,trade_group_exact,high,False,legacy_subindustry_rule,medium,official_code_fallback,1934.0,cap_1001_plus,0.0207700101317123,554968664.5,0.5549686645,38273701.0,2026-06-10,TPEX daily market value shares * close; API MarketValue retained for audit
4806.TWO,4806,TPEX,桂田文創,32,文化創意業,culture_creative,consumer_service,other,culture_creative,member,False,consumer_service,culture_creative,culture_creative__small,small,2198,0.0274457724656927,168015.0,291737.6988889678,120.0,2026-06-18,10.25,48110.0,trade_group_exact,high,False,legacy_subindustry_rule,medium,official_code_fallback,1822.0,cap_1001_plus,0.0775075987841945,993474094.48,0.99347409448,99947092.0,2026-06-10,TPEX daily market value shares * close; API MarketValue retained for audit
6856.TWO,6856,TPEX,鑫傳,32,文化創意業,culture_creative,consumer_service,other,culture_creative,member,False,consumer_service,culture_creative,culture_creative__small,small,2236,0.0106241699867197,70723.80093383789,150741.38922278085,120.0,2026-06-18,46.20000076293945,60000.0,trade_group_exact,high,False,legacy_subindustry_rule,medium,official_code_fallback,1686.0,cap_1001_plus,0.146403242147923,1353600000.0,1.3536,28200000.0,2026-06-10,TPEX daily market value shares * close; API MarketValue retained for audit
3064.TWO,3064,TPEX,泰偉,32,文化創意業,culture_creative,consumer_service,other,culture_creative,member,False,consumer_service,culture_creative,culture_creative__small,small,2243,0.0075254537405932,60210.29907989502,188494.70854938825,120.0,2026-06-18,19.299999237060547,3000.0,trade_group_exact,high,False,legacy_subindustry_rule,medium,official_code_fallback,1974.0,cap_1001_plus,0.0005065856129685,234206118.0,0.234206118,13011451.0,2026-06-10,TPEX daily market value shares * close; API MarketValue retained for audit
3629.TWO,3629,TPEX,地心引力,32,文化創意業,culture_creative,consumer_service,other,culture_creative,member,False,consumer_service,culture_creative,culture_creative__small,small,2246,0.0061974324922532,43721.39885520936,94832.3410822328,120.0,2026-06-18,15.25,29000.0,trade_group_exact,high,False,legacy_subindustry_rule,medium,official_code_fallback,1940.0,cap_1001_plus,0.0177304964539006,523981033.8,0.5239810338,32954782.0,2026-06-10,TPEX daily market value shares * close; API MarketValue retained for audit
8923.TWO,8923,TPEX,時報,32,文化創意業,culture_creative,consumer_service,other,culture_creative,member,False,consumer_service,culture_creative,culture_creative__small,small,2251,0.0039840637450199,19600.000381469727,96204.07135949135,120.0,2026-06-18,19.799999237060547,6206.0,trade_group_exact,high,False,legacy_subindustry_rule,medium,official_code_fallback,1926.0,cap_1001_plus,0.0248226950354609,577140200.0,0.5771402,30375800.0,2026-06-10,TPEX daily market value shares * close; API MarketValue retained for audit
3040.TW,3040,TWSE,遠見,20,其他,education_service,consumer_service,other,education_service,member,False,consumer_service,education,education__small,small,1107,0.5104028331119965,12870049.903869629,19981105.25027291,120.0,2026-06-18,38.400001525878906,306500.0,trade_group_exact,high,False,legacy_subindustry_rule,medium,exact_symbol,1429.0,cap_1001_plus,0.276595744680851,2420506863.9,2.4205068639,66224538.0,2026-06-10,TWSE basic issued common shares * TWSE latest close
2496.TW,2496,TWSE,卓越,20,其他,education_service,consumer_service,other,education_service,member,False,consumer_service,education,education__small,small,1849,0.1819389110225763,1449341.751121521,1919999.913875612,120.0,2026-06-18,65.0,18057.0,trade_group_exact,high,False,legacy_subindustry_rule,medium,exact_symbol,1734.0,cap_1001_plus,0.1220871327254305,1231978380.0,1.23197838,19100440.0,2026-06-10,TWSE basic issued common shares * TWSE latest close
2614.TW,2614,TWSE,東森,20,其他,media_retail_service,consumer_service,other,media_retail_service,member,False,consumer_service,media_retail,media_retail__small,small,960,0.5754758742806552,19931551.10387802,26789670.462081056,120.0,2026-06-18,18.850000381469727,1007552.0,trade_group_exact,high,False,legacy_subindustry_rule,medium,exact_symbol,909.0,cap_501_1000,0.5400202634245188,6348939952.4,6.348939952399999,327264946.0,2026-06-10,TWSE basic issued common shares * TWSE latest close
2731.TW,2731,TWSE,雄獅,16,觀光餐旅,tourism_hotel,consumer_service,traditional,tourism,member,False,consumer_service,tourism_hotel,tourism_hotel__mid,mid,515,0.7724656927844179,106692795.0,154358888.00416666,120.0,2026-06-18,152.0,1125080.0,trade_group_exact,high,False,legacy_subindustry_rule,medium,official_code_fallback,538.0,cap_501_1000,0.7279635258358663,14411410675.5,14.4114106755,93277739.0,2026-06-10,TWSE basic issued common shares * TWSE latest close
2727.TW,2727,TWSE,王品,16,觀光餐旅,tourism_hotel,consumer_service,traditional,tourism,member,False,consumer_service,tourism_hotel,tourism_hotel__small_mid,small_mid,649,0.7131474103585658,57502583.5,73832796.79583333,120.0,2026-06-18,246.5,408775.0,trade_group_exact,high,False,legacy_subindustry_rule,medium,official_code_fallback,428.0,cap_251_500,0.7836879432624113,20195916541.5,20.1959165415,82940109.0,2026-06-10,TWSE basic issued common shares * TWSE latest close
2753.TW,2753,TWSE,八方雲集,16,觀光餐旅,tourism_hotel,consumer_service,traditional,tourism,member,False,consumer_service,tourism_hotel,tourism_hotel__small_mid,small_mid,727,0.6786188579017265,40913235.75,53551799.84166667,120.0,2026-06-18,187.0,328356.0,trade_group_exact,high,False,legacy_subindustry_rule,medium,official_code_fallback,607.0,cap_501_1000,0.6930091185410334,12362609658.0,12.362609658,66644796.0,2026-06-10,TWSE basic issued common shares * TWSE latest close
2723.TW,2723,TWSE,美食-KY,16,觀光餐旅,tourism_hotel,consumer_service,traditional,tourism,member,False,consumer_service,tourism_hotel,tourism_hotel__small,small,864,0.6179725542275343,26683746.02619171,30173084.65578969,120.0,2026-06-18,66.9000015258789,312000.0,trade_group_exact,high,False,legacy_subindustry_rule,medium,official_code_fallback,638.0,cap_501_1000,0.677304964539007,11520000000.0,11.52,180000000.0,2026-06-10,TWSE basic issued common shares * TWSE latest close
2707.TW,2707,TWSE,晶華,16,觀光餐旅,tourism_hotel,consumer_service,traditional,tourism,member,False,consumer_service,tourism_hotel,tourism_hotel__small,small,909,0.5980522355024347,22993100.0,28680768.15833333,120.0,2026-06-18,179.0,132521.0,trade_group_exact,high,False,legacy_subindustry_rule,medium,official_code_fallback,390.0,cap_251_500,0.8029381965552178,22868881221.0,22.868881221,127403238.0,2026-06-10,TWSE basic issued common shares * TWSE latest close
2745.TWO,2745,TPEX,五福,16,觀光餐旅,tourism_hotel,consumer_service,traditional,tourism,member,False,consumer_service,tourism_hotel,tourism_hotel__small,small,998,0.5586542718016821,17742883.0,25418616.15728518,120.0,2026-06-18,108.0,250053.0,trade_group_exact,high,False,legacy_subindustry_rule,medium,official_code_fallback,1213.0,cap_1001_plus,0.3860182370820668,3516086704.0,3.516086704,33808526.0,2026-06-10,TPEX daily market value shares * close; API MarketValue retained for audit
5706.TW,5706,TWSE,鳳凰,16,觀光餐旅,tourism_hotel,consumer_service,traditional,tourism,member,False,consumer_service,tourism_hotel,tourism_hotel__small,small,1180,0.4780876494023904,10223609.407579422,14242830.771142356,120.0,2026-06-18,54.0,534824.0,trade_group_exact,high,False,legacy_subindustry_rule,medium,official_code_fallback,1084.0,cap_1001_plus,0.4513677811550152,4466314392.0,4.466314392,84910920.0,2026-06-10,TWSE basic issued common shares * TWSE latest close
2743.TWO,2743,TPEX,山富,16,觀光餐旅,tourism_hotel,consumer_service,traditional,tourism,member,False,consumer_service,tourism_hotel,tourism_hotel__small,small,1249,0.4475431606905711,8216756.221472168,13506206.734573212,120.0,2026-06-18,69.0,180006.0,trade_group_exact,high,False,legacy_subindustry_rule,medium,official_code_fallback,1284.0,cap_1001_plus,0.3500506585612969,3113211465.0,3.113211465,46815210.0,2026-06-10,TPEX daily market value shares * close; API MarketValue retained for audit
2755.TWO,2755,TPEX,揚秦,16,觀光餐旅,tourism_hotel,consumer_service,traditional,tourism,member,False,consumer_service,tourism_hotel,tourism_hotel__small,small,1318,0.4169986719787516,6898587.5,9539198.958333334,120.0,2026-06-18,138.5,27550.0,trade_group_exact,high,False,legacy_subindustry_rule,medium,official_code_fallback,1020.0,cap_1001_plus,0.483789260385005,5026836087.0,5.026836087,37374246.0,2026-06-10,TPEX daily market value shares * close; API MarketValue retained for audit
5905.TWO,5905,TPEX,南仁湖,16,觀光餐旅,tourism_hotel,consumer_service,traditional,tourism,member,False,consumer_service,tourism_hotel,tourism_hotel__small,small,1347,0.4041611332447986,6428854.889656067,8503174.411557358,120.0,2026-06-18,8.699999809265137,1369217.0,trade_group_exact,high,False,legacy_subindustry_rule,medium,official_code_fallback,1458.0,cap_1001_plus,0.2619047619047618,2289596900.55,2.2895969005500003,281623235.0,2026-06-10,TPEX daily market value shares * close; API MarketValue retained for audit
2748.TW,2748,TWSE,雲品,16,觀光餐旅,tourism_hotel,consumer_service,traditional,tourism,member,False,consumer_service,tourism_hotel,tourism_hotel__small,small,1481,0.3448428508189464,4499549.915313721,5993384.915397104,120.0,2026-06-18,40.400001525878906,46000.0,trade_group_exact,high,False,legacy_subindustry_rule,medium,official_code_fallback,1126.0,cap_1001_plus,0.4300911854103343,4188838104.0,4.188838104,105778740.0,2026-06-10,TWSE basic issued common shares * TWSE latest close
2704.TW,2704,TWSE,國賓,16,觀光餐旅,tourism_hotel,consumer_service,traditional,tourism,member,False,consumer_service,tourism_hotel,tourism_hotel__small,small,1505,0.3342186808322266,4241568.9741687775,5187319.471842766,120.0,2026-06-18,45.59999847412109,260668.0,trade_group_exact,high,False,legacy_subindustry_rule,medium,official_code_fallback,502.0,cap_501_1000,0.7462006079027356,15685972913.25,15.68597291325,366923343.0,2026-06-10,TWSE basic issued common shares * TWSE latest close
7723.TWO,7723,TPEX,築間,16,觀光餐旅,tourism_hotel,consumer_service,traditional,tourism,member,False,consumer_service,tourism_hotel,tourism_hotel__small,small,1561,0.3094289508632137,3630378.219718933,4881803.022131422,120.0,2026-06-18,23.799999237060547,207009.0,trade_group_exact,high,False,legacy_subindustry_rule,medium,official_code_fallback,1769.0,cap_1001_plus,0.1043566362715299,1131325740.0,1.13132574,49619550.0,2026-06-10,TPEX daily market value shares * close; API MarketValue retained for audit
1268.TWO,1268,TPEX,漢來美食,16,觀光餐旅,tourism_hotel,consumer_service,traditional,tourism,member,False,consumer_service,tourism_hotel,tourism_hotel__small,small,1567,0.3067729083665338,3541780.0,4105291.0166666666,120.0,2026-06-18,169.5,18000.0,trade_group_exact,high,False,legacy_subindustry_rule,medium,official_code_fallback,860.0,cap_501_1000,0.5648429584599797,7114698505.0,7.114698505,42223730.0,2026-06-10,TPEX daily market value shares * close; API MarketValue retained for audit
2752.TWO,2752,TPEX,豆府,16,觀光餐旅,tourism_hotel,consumer_service,traditional,tourism,member,False,consumer_service,tourism_hotel,tourism_hotel__small,small,1634,0.2771137671536078,2952257.5,3949838.504166667,120.0,2026-06-18,180.0,10001.0,trade_group_exact,high,False,legacy_subindustry_rule,medium,official_code_fallback,1053.0,cap_1001_plus,0.4670719351570415,4711466466.5,4.7114664665,26693861.0,2026-06-10,TPEX daily market value shares * close; API MarketValue retained for audit
2729.TWO,2729,TPEX,瓦城,16,觀光餐旅,tourism_hotel,consumer_service,traditional,tourism,member,False,consumer_service,tourism_hotel,tourism_hotel__small,small,1637,0.2757857459052678,2924427.0,3917548.7708333335,120.0,2026-06-18,164.0,38211.0,trade_group_exact,high,False,legacy_subindustry_rule,medium,official_code_fallback,893.0,cap_501_1000,0.5481256332320161,6649800973.5,6.6498009735,43040783.0,2026-06-10,TPEX daily market value shares * close; API MarketValue retained for audit
9943.TW,9943,TWSE,好樂迪,16,觀光餐旅,tourism_hotel,consumer_service,traditional,tourism,member,False,consumer_service,tourism_hotel,tourism_hotel__small,small,1643,0.2731297034085879,2862213.853559494,3567951.2452791533,120.0,2026-06-18,57.59999847412109,69024.0,trade_group_exact,high,False,legacy_subindustry_rule,medium,official_code_fallback,862.0,cap_501_1000,0.5638297872340425,7109741768.0,7.109741768,125171510.0,2026-06-10,TWSE basic issued common shares * TWSE latest close
7757.TWO,7757,TPEX,金色三麥,16,觀光餐旅,tourism_hotel,consumer_service,traditional,tourism,member,False,consumer_service,tourism_hotel,tourism_hotel__small,small,1646,0.2718016821602479,2830830.0,3662416.9791666665,120.0,2026-06-18,100.0,28006.0,trade_group_exact,high,False,legacy_subindustry_rule,medium,official_code_fallback,1412.0,cap_1001_plus,0.2852077001013171,2470250000.0,2.47025,24100000.0,2026-06-10,TPEX daily market value shares * close; API MarketValue retained for audit
6961.TWO,6961,TPEX,旅天下,16,觀光餐旅,tourism_hotel,consumer_service,traditional,tourism,member,False,consumer_service,tourism_hotel,tourism_hotel__small,small,1656,0.2673749446657812,2713740.2718276978,4784465.792982686,120.0,2026-06-18,55.79999923706055,70000.0,trade_group_exact,high,False,legacy_subindustry_rule,medium,official_code_fallback,1617.0,cap_1001_plus,0.1813576494427558,1647607600.0,1.6476076,26834000.0,2026-06-10,TPEX daily market value shares * close; API MarketValue retained for audit
2739.TW,2739,TWSE,寒舍,16,觀光餐旅,tourism_hotel,consumer_service,traditional,tourism,member,False,consumer_service,tourism_hotel,tourism_hotel__small,small,1667,0.2625055334218681,2635600.0595092773,4259214.489321073,120.0,2026-06-18,35.79999923706055,255297.0,trade_group_exact,high,False,legacy_subindustry_rule,medium,official_code_fallback,1244.0,cap_1001_plus,0.3703140830800405,3313241200.0000005,3.3132412000000007,91526000.0,2026-06-10,TWSE basic issued common shares * TWSE latest close
7760.TW,7760,TWSE,享溫馨,16,觀光餐旅,tourism_hotel,consumer_service,traditional,tourism,member,False,consumer_service,tourism_hotel,tourism_hotel__small,small,1668,0.2620628596724214,2634877.8022384644,3633174.134179433,120.0,2026-06-18,33.599998474121094,164043.0,trade_group_exact,high,False,legacy_subindustry_rule,medium,official_code_fallback,1507.0,cap_1001_plus,0.2370820668693009,2113536000.0,2.113536,66048000.0,2026-06-10,TWSE basic issued common shares * TWSE latest close
2732.TWO,2732,TPEX,六角,16,觀光餐旅,tourism_hotel,consumer_service,traditional,tourism,member,False,consumer_service,tourism_hotel,tourism_hotel__small,small,1679,0.2571934484285082,2554750.0,3094412.758294919,120.0,2026-06-18,64.19999694824219,36100.0,trade_group_exact,high,False,legacy_subindustry_rule,medium,official_code_fallback,1292.0,cap_1001_plus,0.3459979736575481,3051618191.9999995,3.0516181919999994,46518570.0,2026-06-10,TPEX daily market value shares * close; API MarketValue retained for audit
2705.TW,2705,TWSE,六福,16,觀光餐旅,tourism_hotel,consumer_service,traditional,tourism,member,False,consumer_service,tourism_hotel,tourism_hotel__small,small,1689,0.2527667109340415,2474888.5110607147,3320810.8025960843,120.0,2026-06-18,16.5,250301.0,trade_group_exact,high,False,legacy_subindustry_rule,medium,official_code_fallback,1302.0,cap_1001_plus,0.3409321175278622,2984480148.0,2.984480148,191312830.0,2026-06-10,TWSE basic issued common shares * TWSE latest close
2756.TWO,2756,TPEX,聯發國際,16,觀光餐旅,tourism_hotel,consumer_service,traditional,tourism,member,False,consumer_service,tourism_hotel,tourism_hotel__small,small,1753,0.2244355909694555,2012000.0,3523314.277715048,120.0,2026-06-18,59.79999923706055,63000.0,trade_group_exact,high,False,legacy_subindustry_rule,medium,official_code_fallback,1644.0,cap_1001_plus,0.1676798378926038,1517670932.8,1.5176709328,24597584.0,2026-06-10,TPEX daily market value shares * close; API MarketValue retained for audit
7705.TW,7705,TWSE,三商餐飲,16,觀光餐旅,tourism_hotel,consumer_service,traditional,tourism,member,False,consumer_service,tourism_hotel,tourism_hotel__small,small,1794,0.2062859672421425,1745507.6327590942,2172236.516428661,120.0,2026-06-18,31.850000381469727,33110.0,trade_group_exact,high,False,legacy_subindustry_rule,medium,official_code_fallback,1513.0,cap_1001_plus,0.2340425531914893,2074513345.6,2.0745133456,66067304.0,2026-06-10,TWSE basic issued common shares * TWSE latest close
2734.TWO,2734,TPEX,易飛網,16,觀光餐旅,tourism_hotel,consumer_service,traditional,tourism,member,False,consumer_service,tourism_hotel,tourism_hotel__small,small,1798,0.2045152722443559,1716741.0359802246,2719217.7252952466,120.0,2026-06-18,15.449999809265137,266140.0,trade_group_exact,high,False,legacy_subindustry_rule,medium,official_code_fallback,1857.0,cap_1001_plus,0.0597771023302938,870348352.0,0.870348352,57259760.0,2026-06-10,TPEX daily market value shares * close; API MarketValue retained for audit
3522.TWO,3522,TPEX,御嵿,16,觀光餐旅,tourism_hotel,consumer_service,traditional,tourism,member,False,consumer_service,tourism_hotel,tourism_hotel__small,small,1803,0.2023019034971226,1680246.7003946304,2367372.233585917,120.0,2026-06-18,11.800000190734863,127000.0,trade_group_exact,high,False,legacy_subindustry_rule,medium,official_code_fallback,1751.0,cap_1001_plus,0.1134751773049645,1186696782.6,1.1866967826,104096209.0,2026-06-10,TPEX daily market value shares * close; API MarketValue retained for audit
2754.TWO,2754,TPEX,亞洲藏壽司,16,觀光餐旅,tourism_hotel,consumer_service,traditional,tourism,member,False,consumer_service,tourism_hotel,tourism_hotel__small,small,1805,0.2014165559982292,1658354.1290969849,1866244.3423408,120.0,2026-06-18,68.0,41000.0,trade_group_exact,high,False,legacy_subindustry_rule,medium,official_code_fallback,1265.0,cap_1001_plus,0.3596757852077,3213129500.0,3.2131295,46907000.0,2026-06-10,TPEX daily market value shares * close; API MarketValue retained for audit
2736.TWO,2736,TPEX,富野,16,觀光餐旅,tourism_hotel,consumer_service,traditional,tourism,member,False,consumer_service,tourism_hotel,tourism_hotel__small,small,1889,0.16423196104471,1234525.5409381865,1894396.0817121791,120.0,2026-06-18,12.050000190734863,68298.0,trade_group_exact,high,False,legacy_subindustry_rule,medium,official_code_fallback,1833.0,cap_1001_plus,0.0719351570415399,955668148.5,0.9556681485,79972230.0,2026-06-10,TPEX daily market value shares * close; API MarketValue retained for audit
2706.TW,2706,TWSE,第一店,16,觀光餐旅,tourism_hotel,consumer_service,traditional,tourism,member,False,consumer_service,tourism_hotel,tourism_hotel__small,small,1890,0.1637892872952634,1234000.3344426155,1468845.7257197062,120.0,2026-06-18,12.5,141940.0,trade_group_exact,high,False,legacy_subindustry_rule,medium,official_code_fallback,937.0,cap_501_1000,0.5258358662613982,6074979903.900001,6.074979903900001,499998346.0,2026-06-10,TWSE basic issued common shares * TWSE latest close
2722.TW,2722,TWSE,夏都,16,觀光餐旅,tourism_hotel,consumer_service,traditional,tourism,member,False,consumer_service,tourism_hotel,tourism_hotel__small,small,1921,0.1500664010624169,1072484.6339626317,1885474.03885622,120.0,2026-06-18,23.299999237060547,22000.0,trade_group_exact,high,False,legacy_subindustry_rule,medium,official_code_fallback,1258.0,cap_1001_plus,0.3632218844984802,3242793614.4,3.2427936144,143169696.0,2026-06-10,TWSE basic issued common shares * TWSE latest close
7708.TWO,7708,TPEX,全家餐飲,16,觀光餐旅,tourism_hotel,consumer_service,traditional,tourism,member,False,consumer_service,tourism_hotel,tourism_hotel__small,small,1924,0.148738379814077,1068955.0,1448440.7139720535,120.0,2026-06-18,94.0,10001.0,trade_group_exact,high,False,legacy_subindustry_rule,medium,official_code_fallback,1441.0,cap_1001_plus,0.270516717325228,2374050000.0,2.37405,25500000.0,2026-06-10,TPEX daily market value shares * close; API MarketValue retained for audit
8940.TW,8940,TWSE,新天地,16,觀光餐旅,tourism_hotel,consumer_service,traditional,tourism,member,False,consumer_service,tourism_hotel,tourism_hotel__small,small,1966,0.1301460823373174,882930.0,1239725.9143509232,120.0,2026-06-18,17.0,59000.0,trade_group_exact,high,False,legacy_subindustry_rule,medium,official_code_fallback,1783.0,cap_1001_plus,0.0972644376899696,1100103821.6,1.1001038216,67491032.0,2026-06-10,TWSE basic issued common shares * TWSE latest close
5364.TWO,5364,TPEX,力麗店,16,觀光餐旅,tourism_hotel,consumer_service,traditional,tourism,member,False,consumer_service,tourism_hotel,tourism_hotel__small,small,1987,0.1208499335989375,807736.1187052727,1493449.4851249591,120.0,2026-06-18,8.720000267028809,50002.0,trade_group_exact,high,False,legacy_subindustry_rule,medium,official_code_fallback,1935.0,cap_1001_plus,0.0202634245187436,552940480.4,0.5529404804,63849940.0,2026-06-10,TPEX daily market value shares * close; API MarketValue retained for audit
2701.TW,2701,TWSE,萬企,16,觀光餐旅,tourism_hotel,consumer_service,traditional,tourism,member,False,consumer_service,tourism_hotel,tourism_hotel__small,small,1991,0.119079238601151,782597.231733799,1077920.216776506,120.0,2026-06-18,10.550000190734863,45003.0,trade_group_exact,high,False,legacy_subindustry_rule,medium,official_code_fallback,1054.0,cap_1001_plus,0.4665653495440729,4679665515.2,4.6796655152,449967838.0,2026-06-10,TWSE basic issued common shares * TWSE latest close
2702.TW,2702,TWSE,華園,16,觀光餐旅,tourism_hotel,consumer_service,traditional,tourism,member,False,consumer_service,tourism_hotel,tourism_hotel__small,small,1996,0.1168658698539176,770332.8377046585,1924159.9483756144,120.0,2026-06-18,13.0,68815.0,trade_group_exact,high,False,legacy_subindustry_rule,medium,official_code_fallback,1532.0,cap_1001_plus,0.2244174265450861,1988988262.3,1.9889882623,156613249.0,2026-06-10,TWSE basic issued common shares * TWSE latest close
2751.TWO,2751,TPEX,王座,16,觀光餐旅,tourism_hotel,consumer_service,traditional,tourism,member,False,consumer_service,tourism_hotel,tourism_hotel__small,small,2010,0.1106684373616644,745072.0823745728,973291.3312360127,120.0,2026-06-18,51.59999847412109,14266.0,trade_group_exact,high,False,legacy_subindustry_rule,medium,official_code_fallback,1802.0,cap_1001_plus,0.0876393110435663,1057427500.0,1.0574275,19765000.0,2026-06-10,TPEX daily market value shares * close; API MarketValue retained for audit
5704.TWO,5704,TPEX,老爺知,16,觀光餐旅,tourism_hotel,consumer_service,traditional,tourism,member,False,consumer_service,tourism_hotel,tourism_hotel__small,small,2033,0.1004869411243912,692316.550761223,1182492.7089986007,120.0,2026-06-18,21.200000762939453,11000.0,trade_group_exact,high,False,legacy_subindustry_rule,medium,official_code_fallback,1727.0,cap_1001_plus,0.1256332320162108,1247867149.6,1.2478671496,58861658.0,2026-06-10,TPEX daily market value shares * close; API MarketValue retained for audit
3252.TWO,3252,TPEX,海灣,16,觀光餐旅,tourism_hotel,consumer_service,traditional,tourism,member,False,consumer_service,tourism_hotel,tourism_hotel__small,small,2041,0.096945551128818,665428.1634025574,1057388.323370889,120.0,2026-06-18,17.700000762939453,3000.0,trade_group_exact,high,False,legacy_subindustry_rule,medium,official_code_fallback,1847.0,cap_1001_plus,0.0648429584599797,903523572.0,0.903523572,50195754.0,2026-06-10,TPEX daily market value shares * close; API MarketValue retained for audit
2726.TWO,2726,TPEX,雅茗-KY,16,觀光餐旅,tourism_hotel,consumer_service,traditional,tourism,member,False,consumer_service,tourism_hotel,tourism_hotel__small,small,2074,0.0823373173970783,558214.6181211472,929775.465627842,120.0,2026-06-18,9.800000190734863,44000.0,trade_group_exact,high,False,legacy_subindustry_rule,medium,official_code_fallback,1963.0,cap_1001_plus,0.006079027355623,367847803.8,0.3678478037999999,37922454.0,2026-06-10,TPEX daily market value shares * close; API MarketValue retained for audit
2719.TWO,2719,TPEX,燦星旅,16,觀光餐旅,tourism_hotel,consumer_service,traditional,tourism,member,False,consumer_service,tourism_hotel,tourism_hotel__small,small,2102,0.0699424524125719,490274.9967575074,783266.5749119981,120.0,2026-06-18,25.200000762939453,26000.0,trade_group_exact,high,False,legacy_subindustry_rule,medium,official_code_fallback,1594.0,cap_1001_plus,0.1930091185410334,1722644250.0,1.72264425,69182500.0,2026-06-10,TPEX daily market value shares * close; API MarketValue retained for audit
2740.TWO,2740,TPEX,華軒,16,觀光餐旅,tourism_hotel,consumer_service,traditional,tourism,member,False,consumer_service,tourism_hotel,tourism_hotel__small,small,2121,0.0615316511730854,420007.0,775233.106206522,120.0,2026-06-18,27.450000762939453,5139.0,trade_group_exact,high,False,legacy_subindustry_rule,medium,official_code_fallback,1949.0,cap_1001_plus,0.0131712259371833,471012649.6,0.4710126496,16762016.0,2026-06-10,TPEX daily market value shares * close; API MarketValue retained for audit
2712.TW,2712,TWSE,遠雄來,16,觀光餐旅,tourism_hotel,consumer_service,traditional,tourism,member,False,consumer_service,tourism_hotel,tourism_hotel__small,small,2151,0.0482514386896857,292979.19942188263,395238.7830389897,120.0,2026-06-18,15.199999809265137,13000.0,trade_group_exact,high,False,legacy_subindustry_rule,medium,official_code_fallback,1640.0,cap_1001_plus,0.1697061803444782,1533000000.0,1.533,105000000.0,2026-06-10,TWSE basic issued common shares * TWSE latest close
4530.TWO,4530,TPEX,宏易,16,觀光餐旅,tourism_hotel,consumer_service,traditional,tourism,member,False,consumer_service,tourism_hotel,tourism_hotel__small,small,2152,0.047808764940239,292815.04808807373,437259.5848453331,120.0,2026-06-18,24.5,19008.0,trade_group_exact,high,False,legacy_subindustry_rule,medium,official_code_fallback,1861.0,cap_1001_plus,0.0577507598784194,860868763.95,0.86086876395,35794959.0,2026-06-10,TPEX daily market value shares * close; API MarketValue retained for audit
1259.TWO,1259,TPEX,安心,16,觀光餐旅,tourism_hotel,consumer_service,traditional,tourism,member,False,consumer_service,tourism_hotel,tourism_hotel__small,small,2175,0.0376272687029659,242210.0,389724.71862560906,120.0,2026-06-18,58.0,17200.0,trade_group_exact,high,False,legacy_subindustry_rule,medium,official_code_fallback,1554.0,cap_1001_plus,0.213272543059777,1891546800.0,1.8915468,32389500.0,2026-06-10,TPEX daily market value shares * close; API MarketValue retained for audit
4419.TWO,4419,TPEX,皇家美食,16,觀光餐旅,tourism_hotel,consumer_service,traditional,tourism,member,False,consumer_service,tourism_hotel,tourism_hotel__small,small,2192,0.0301018149623727,187219.3734741211,662685.5860366186,120.0,2026-06-18,46.20000076293945,22440.0,trade_group_exact,high,False,legacy_subindustry_rule,medium,official_code_fallback,816.0,cap_501_1000,0.5871327254305978,7696922551.5,7.6969225515,169163133.0,2026-06-10,TPEX daily market value shares * close; API MarketValue retained for audit
4804.TWO,4804,TPEX,大略-KY,16,觀光餐旅,tourism_hotel,consumer_service,traditional,tourism,member,False,consumer_service,tourism_hotel,tourism_hotel__small,small,2197,0.0278884462151394,170857.97016763687,333712.68059653044,120.0,2026-06-18,3.2699999809265137,0.0,trade_group_exact,high,False,legacy_subindustry_rule,medium,official_code_fallback,,,,,,,,
5701.TWO,5701,TPEX,劍湖山,16,觀光餐旅,tourism_hotel,consumer_service,traditional,tourism,member,False,consumer_service,tourism_hotel,tourism_hotel__small,small,2199,0.0270030987162461,165962.34,231858.14152578308,120.0,2026-06-18,5.960000038146973,557471.0,trade_group_exact,high,False,legacy_subindustry_rule,medium,official_code_fallback,1904.0,cap_1001_plus,0.03596757852077,712140000.0000001,0.7121400000000001,143000000.0,2026-06-10,TPEX daily market value shares * close; API MarketValue retained for audit
5301.TWO,5301,TPEX,寶得利,16,觀光餐旅,tourism_hotel,consumer_service,traditional,tourism,member,False,consumer_service,tourism_hotel,tourism_hotel__small,small,2216,0.0194776449756529,121005.5,203768.10619747863,120.0,2026-06-18,6.949999809265137,21402.0,trade_group_exact,high,False,legacy_subindustry_rule,medium,official_code_fallback,1952.0,cap_1001_plus,0.0116514690982776,454643097.6,0.4546430976,65890304.0,2026-06-10,TPEX daily market value shares * close; API MarketValue retained for audit
5703.TWO,5703,TPEX,亞都麗緻,16,觀光餐旅,tourism_hotel,consumer_service,traditional,tourism,member,False,consumer_service,tourism_hotel,tourism_hotel__small,small,2242,0.0079681274900398,60463.37576627731,108824.8306162278,120.0,2026-06-18,13.600000381469728,23100.0,trade_group_exact,high,False,legacy_subindustry_rule,medium,official_code_fallback,1819.0,cap_1001_plus,0.0790273556231002,1004426194.2,1.0044261942,70239594.0,2026-06-10,TPEX daily market value shares * close; API MarketValue retained for audit
8077.TWO,8077,TPEX,洛碁,16,觀光餐旅,tourism_hotel,consumer_service,traditional,tourism,member,False,consumer_service,tourism_hotel,tourism_hotel__small,small,2248,0.0053120849933598,41845.79885482788,104302.65932291668,120.0,2026-06-18,49.95000076293945,3000.0,trade_group_exact,high,False,legacy_subindustry_rule,medium,official_code_fallback,1758.0,cap_1001_plus,0.1099290780141843,1160925890.1,1.1609258901,21945669.0,2026-06-10,TPEX daily market value shares * close; API MarketValue retained for audit
2349.TW,2349,TWSE,錸德,26,光電業,led_opto,display,opto_comm,panel_led_lens,member,False,display,led_opto,led_opto__small_mid,small_mid,613,0.7290836653386454,68228542.19467974,127450307.58028784,120.0,2026-06-18,13.850000381469728,4928447.0,trade_group_exact,high,False,exact_symbol,high,official_code_fallback,745.0,cap_501_1000,0.6231003039513678,9052519602.15,9.05251960215,693679663.0,2026-06-10,TWSE basic issued common shares * TWSE latest close
3481.TW,3481,TWSE,群創,26,光電業,panel_display,display,opto_comm,panel_led_lens,leader,True,display,panel_display,panel_display__large,large,29,0.9876051350154936,5605728231.2197895,8625925106.88064,120.0,2026-06-18,64.4000015258789,854796256.0,trade_group_exact,high,False,exact_symbol,high,exact_symbol,54.0,cap_051_100,0.9731509625126646,353921442029.1,353.9214420291,7989197337.0,2026-06-10,TWSE basic issued common shares * TWSE latest close
2409.TW,2409,TWSE,友達,26,光電業,panel_display,display,opto_comm,panel_led_lens,leader,True,display,panel_display,panel_display__large,large,64,0.9721115537848606,2326928037.475177,3487883209.3917685,120.0,2026-06-18,28.149999618530277,826248378.0,trade_group_exact,high,False,exact_symbol,high,exact_symbol,98.0,cap_051_100,0.9508611955420466,173205921407.4,173.20592140739998,7547098972.0,2026-06-10,TWSE basic issued common shares * TWSE latest close
3491.TWO,3491,TPEX,昇達科,27,通信網路業,panel_display,display,opto_comm,panel_led_lens,member,False,display,panel_display,panel_display__mid_large,mid_large,100,0.9561752988047808,1345943247.0,1822346032.5833333,120.0,2026-06-18,1560.0,1476410.0,trade_group_exact,high,False,legacy_subindustry_rule,medium,exact_symbol,129.0,cap_101_250,0.9351570415400202,112496379375.0,112.496379375,68805125.0,2026-06-10,TPEX daily market value shares * close; API MarketValue retained for audit
6443.TW,6443,TWSE,元晶,26,光電業,panel_display,display,opto_comm,panel_led_lens,member,False,display,panel_display,panel_display__mid_large,mid_large,118,0.9482071713147412,1118019198.0695915,2406264491.994981,120.0,2026-06-18,39.34999847412109,11457849.0,trade_group_exact,high,False,legacy_subindustry_rule,medium,official_code_fallback,426.0,cap_251_500,0.7847011144883486,20563148873.0,20.563148873,512796730.0,2026-06-10,TWSE basic issued common shares * TWSE latest close
2486.TW,2486,TWSE,一詮,26,光電業,panel_display,display,opto_comm,panel_led_lens,member,False,display,panel_display,panel_display__mid_large,mid_large,135,0.940681717574148,952431257.25,1625030707.613635,120.0,2026-06-18,276.5,10405607.0,trade_group_exact,high,False,legacy_subindustry_rule,medium,official_code_fallback,208.0,cap_101_250,0.8951367781155015,57553810434.0,57.553810434,233958579.0,2026-06-10,TWSE basic issued common shares * TWSE latest close
6706.TW,6706,TWSE,惠特,26,光電業,panel_display,display,opto_comm,panel_led_lens,member,False,display,panel_display,panel_display__mid_large,mid_large,151,0.9335989375830014,825983182.0,1024298423.20198,120.0,2026-06-18,172.0,3355622.0,trade_group_exact,high,False,legacy_subindustry_rule,medium,official_code_fallback,589.0,cap_501_1000,0.7021276595744681,12803464995.0,12.803464995,78548865.0,2026-06-10,TWSE basic issued common shares * TWSE latest close
3563.TW,3563,TWSE,牧德,26,光電業,panel_display,display,opto_comm,panel_led_lens,member,False,display,panel_display,panel_display__mid_large,mid_large,162,0.928729526339088,714238766.5,1226223016.9889464,120.0,2026-06-18,715.0,564221.0,trade_group_exact,high,False,legacy_subindustry_rule,medium,official_code_fallback,254.0,cap_251_500,0.8718338399189463,44260913736.0,44.260913736,63960858.0,2026-06-10,TWSE basic issued common shares * TWSE latest close
3535.TW,3535,TWSE,晶彩科,26,光電業,panel_display,display,opto_comm,panel_led_lens,member,False,display,panel_display,panel_display__mid_large,mid_large,181,0.9203187250996016,626207193.0,893053996.190316,120.0,2026-06-18,134.0,1230045.0,trade_group_exact,high,False,legacy_subindustry_rule,medium,official_code_fallback,708.0,cap_501_1000,0.6418439716312057,9723439788.0,9.723439788,79052356.0,2026-06-10,TWSE basic issued common shares * TWSE latest close
2374.TW,2374,TWSE,佳能,26,光電業,panel_display,display,opto_comm,panel_led_lens,member,False,display,panel_display,panel_display__mid,mid,225,0.9008410801239486,463219231.4332466,852301565.0160758,120.0,2026-06-18,75.30000305175781,4109980.0,trade_group_exact,high,False,legacy_subindustry_rule,medium,official_code_fallback,375.0,cap_251_500,0.8105369807497467,24098421522.8,24.0984215228,336570133.0,2026-06-10,TWSE basic issued common shares * TWSE latest close
5371.TWO,5371,TPEX,中光電,26,光電業,panel_display,display,opto_comm,panel_led_lens,member,False,display,panel_display,panel_display__mid,mid,226,0.900398406374502,456868888.67482,805584426.9356358,120.0,2026-06-18,70.0,2025199.0,trade_group_exact,high,False,legacy_subindustry_rule,medium,official_code_fallback,348.0,cap_251_500,0.8242147922998987,26586715480.0,26.58671548,390981110.0,2026-06-10,TPEX daily market value shares * close; API MarketValue retained for audit
3019.TW,3019,TWSE,亞光,26,光電業,panel_display,display,opto_comm,panel_led_lens,member,False,display,panel_display,panel_display__mid,mid,230,0.8986277113767154,436107287.75,876572915.825,120.0,2026-06-18,160.5,8011396.0,trade_group_exact,high,False,legacy_subindustry_rule,medium,official_code_fallback,270.0,cap_251_500,0.8637284701114488,40909231496.5,40.9092314965,279243901.0,2026-06-10,TWSE basic issued common shares * TWSE latest close
6209.TW,6209,TWSE,今國光,26,光電業,panel_display,display,opto_comm,panel_led_lens,member,False,display,panel_display,panel_display__mid,mid,240,0.8942009738822487,412503782.8073349,567909493.4290214,120.0,2026-06-18,97.0999984741211,30656143.0,trade_group_exact,high,False,legacy_subindustry_rule,medium,official_code_fallback,546.0,cap_501_1000,0.7239108409321175,14208284601.0,14.208284601,175410921.0,2026-06-10,TWSE basic issued common shares * TWSE latest close
2406.TW,2406,TWSE,國碩,26,光電業,panel_display,display,opto_comm,panel_led_lens,member,False,display,panel_display,panel_display__mid,mid,242,0.8933156263833555,410799617.1928787,669603823.101242,120.0,2026-06-18,34.849998474121094,17525801.0,trade_group_exact,high,False,legacy_subindustry_rule,medium,official_code_fallback,600.0,cap_501_1000,0.6965552178318135,12579968950.65,12.57996895065,350905689.0,2026-06-10,TWSE basic issued common shares * TWSE latest close
5234.TW,5234,TWSE,達興材料,26,光電業,panel_display,display,opto_comm,panel_led_lens,member,False,display,panel_display,panel_display__mid,mid,272,0.8800354138999558,348693523.5,425286892.3875,120.0,2026-06-18,396.0,562129.0,trade_group_exact,high,False,legacy_subindustry_rule,medium,official_code_fallback,274.0,cap_251_500,0.8617021276595744,39442909824.0,39.442909824,102715911.0,2026-06-10,TWSE basic issued common shares * TWSE latest close
3406.TW,3406,TWSE,玉晶光,26,光電業,panel_display,display,opto_comm,panel_led_lens,member,False,display,panel_display,panel_display__mid,mid,275,0.8787073926516158,341206616.5,521152894.70416665,120.0,2026-06-18,753.0,4650910.0,trade_group_exact,high,False,legacy_subindustry_rule,medium,exact_symbol,172.0,cap_101_250,0.9133738601823708,76327053651.0,76.327053651,112743063.0,2026-06-10,TWSE basic issued common shares * TWSE latest close
8064.TWO,8064,TPEX,東捷,26,光電業,panel_display,display,opto_comm,panel_led_lens,member,False,display,panel_display,panel_display__mid,mid,298,0.8685258964143426,300453283.93478966,484034033.2416492,120.0,2026-06-18,156.0,14556293.0,trade_group_exact,high,False,legacy_subindustry_rule,medium,official_code_fallback,359.0,cap_251_500,0.8186423505572442,25597270286.0,25.597270286,184817836.0,2026-06-10,TPEX daily market value shares * close; API MarketValue retained for audit
6244.TWO,6244,TPEX,茂迪,26,光電業,panel_display,display,opto_comm,panel_led_lens,member,False,display,panel_display,panel_display__mid,mid,303,0.8663125276671093,294896361.08700943,466041664.0035917,120.0,2026-06-18,28.450000762939453,10781762.0,trade_group_exact,high,False,legacy_subindustry_rule,medium,official_code_fallback,616.0,cap_501_1000,0.6884498480243162,12075706500.0,12.0757065,387041875.0,2026-06-10,TPEX daily market value shares * close; API MarketValue retained for audit
6176.TW,6176,TWSE,瑞儀,26,光電業,panel_display,display,opto_comm,panel_led_lens,member,False,display,panel_display,panel_display__mid,mid,306,0.8649845064187693,291789815.0,459581158.4511009,120.0,2026-06-18,87.9000015258789,11752004.0,trade_group_exact,high,False,legacy_subindustry_rule,medium,official_code_fallback,265.0,cap_251_500,0.8662613981762918,41433929133.3,41.4339291333,465027263.0,2026-06-10,TWSE basic issued common shares * TWSE latest close
3576.TW,3576,TWSE,聯合再生,26,光電業,panel_display,display,opto_comm,panel_led_lens,member,False,display,panel_display,panel_display__mid,mid,315,0.8610004426737494,274060798.3554673,463257124.87281525,120.0,2026-06-18,18.0,39247263.0,trade_group_exact,high,False,legacy_subindustry_rule,medium,official_code_fallback,319.0,cap_251_500,0.8389057750759878,29707265593.75,29.70726559375,1627795375.0,2026-06-10,TWSE basic issued common shares * TWSE latest close
8111.TWO,8111,TPEX,立碁,26,光電業,panel_display,display,opto_comm,panel_led_lens,member,False,display,panel_display,panel_display__mid,mid,332,0.8534749889331563,244917395.21638107,463165334.98162735,120.0,2026-06-18,56.20000076293945,1436515.0,trade_group_exact,high,False,legacy_subindustry_rule,medium,official_code_fallback,928.0,cap_501_1000,0.5303951367781155,6153365377.2,6.1533653772,109102223.0,2026-06-10,TPEX daily market value shares * close; API MarketValue retained for audit
3455.TWO,3455,TPEX,由田,26,光電業,panel_display,display,opto_comm,panel_led_lens,member,False,display,panel_display,panel_display__mid,mid,336,0.8517042939353696,230541566.5,435933325.1977197,120.0,2026-06-18,242.0,1460623.0,trade_group_exact,high,False,legacy_subindustry_rule,medium,official_code_fallback,610.0,cap_501_1000,0.6914893617021276,12299329125.0,12.299329125,59850750.0,2026-06-10,TPEX daily market value shares * close; API MarketValue retained for audit
3149.TW,3149,TWSE,正達,26,光電業,panel_display,display,opto_comm,panel_led_lens,member,False,display,panel_display,panel_display__mid,mid,348,0.8463922089420097,217489762.65389824,377479551.9105336,120.0,2026-06-18,95.0,5381510.0,trade_group_exact,high,False,legacy_subindustry_rule,medium,official_code_fallback,453.0,cap_251_500,0.7710233029381965,18596402248.8,18.5964022488,226233604.0,2026-06-10,TWSE basic issued common shares * TWSE latest close
2489.TW,2489,TWSE,瑞軒,26,光電業,panel_display,display,opto_comm,panel_led_lens,member,False,display,panel_display,panel_display__mid,mid,363,0.8397521027003099,201900789.4444189,835196461.3501449,120.0,2026-06-18,48.150001525878906,27141379.0,trade_group_exact,high,False,legacy_subindustry_rule,medium,official_code_fallback,367.0,cap_251_500,0.8145896656534954,24888000000.0,24.888,610000000.0,2026-06-10,TWSE basic issued common shares * TWSE latest close
5243.TW,5243,TWSE,乙盛-KY,26,光電業,panel_display,display,opto_comm,panel_led_lens,member,False,display,panel_display,panel_display__mid,mid,375,0.83444001770695,191348216.5700302,312847514.74995327,120.0,2026-06-18,109.5,2979571.0,trade_group_exact,high,False,legacy_subindustry_rule,medium,official_code_fallback,455.0,cap_251_500,0.7700101317122594,18538180650.0,18.53818065,168528915.0,2026-06-10,TWSE basic issued common shares * TWSE latest close
2393.TW,2393,TWSE,億光,26,光電業,panel_display,display,opto_comm,panel_led_lens,member,False,display,panel_display,panel_display__mid,mid,378,0.83311199645861,188073048.4914856,246167321.58262,120.0,2026-06-18,70.5999984741211,4058422.0,trade_group_exact,high,False,legacy_subindustry_rule,medium,official_code_fallback,315.0,cap_251_500,0.8409321175278622,30372426391.0,30.372426391,443393086.0,2026-06-10,TWSE basic issued common shares * TWSE latest close
3714.TW,3714,TWSE,富采,26,光電業,panel_display,display,opto_comm,panel_led_lens,member,False,display,panel_display,panel_display__mid,mid,404,0.8216024789729969,171102291.37305832,720718583.3376994,120.0,2026-06-18,67.19999694824219,13250578.0,trade_group_exact,high,False,legacy_subindustry_rule,medium,exact_symbol,247.0,cap_101_250,0.8753799392097265,46268866842.0,46.268866842,737940460.0,2026-06-10,TWSE basic issued common shares * TWSE latest close
6116.TW,6116,TWSE,彩晶,26,光電業,panel_display,display,opto_comm,panel_led_lens,member,False,display,panel_display,panel_display__mid,mid,434,0.8083222664895972,146822006.7212963,212388995.313014,120.0,2026-06-18,18.799999237060547,360446645.0,trade_group_exact,high,False,legacy_subindustry_rule,medium,exact_symbol,268.0,cap_251_500,0.8647416413373861,41164629854.4,41.164629854400005,2858654851.0,2026-06-10,TWSE basic issued common shares * TWSE latest close
3673.TW,3673,TWSE,TPK-KY,26,光電業,panel_display,display,opto_comm,panel_led_lens,member,False,display,panel_display,panel_display__mid,mid,502,0.7782204515272244,110796631.87101746,289664552.8018103,120.0,2026-06-18,86.19999694824219,31885362.0,trade_group_exact,high,False,legacy_subindustry_rule,medium,official_code_fallback,307.0,cap_251_500,0.8449848024316109,32858431727.2,32.8584317272,406663759.0,2026-06-10,TWSE basic issued common shares * TWSE latest close
6125.TWO,6125,TPEX,廣運,26,光電業,panel_display,display,opto_comm,panel_led_lens,member,False,display,panel_display,panel_display__mid,mid,510,0.7746790615316512,107669207.61672974,158408713.9861394,120.0,2026-06-18,63.59999847412109,4993568.0,trade_group_exact,high,False,legacy_subindustry_rule,medium,official_code_fallback,513.0,cap_501_1000,0.7406281661600811,15411163425.0,15.411163425,259011150.0,2026-06-10,TPEX daily market value shares * close; API MarketValue retained for audit
3543.TW,3543,TWSE,州巧,26,光電業,panel_display,display,opto_comm,panel_led_lens,member,False,display,panel_display,panel_display__small_mid,small_mid,528,0.7667109340416114,99758609.02039146,170486330.4673233,120.0,2026-06-18,30.950000762939453,389178.0,trade_group_exact,high,False,legacy_subindustry_rule,medium,official_code_fallback,1204.0,cap_1001_plus,0.3905775075987842,3539447115.0,3.539447115,110263150.0,2026-06-10,TWSE basic issued common shares * TWSE latest close
5392.TWO,5392,TPEX,能率,26,光電業,panel_display,display,opto_comm,panel_led_lens,member,False,display,panel_display,panel_display__small_mid,small_mid,544,0.7596281540504648,92756814.21181104,170057990.0277409,120.0,2026-06-18,43.29999923706055,4273897.0,trade_group_exact,high,False,legacy_subindustry_rule,medium,official_code_fallback,826.0,cap_501_1000,0.5820668693009119,7512719269.749999,7.512719269749999,176562145.0,2026-06-10,TPEX daily market value shares * close; API MarketValue retained for audit
3691.TWO,3691,TPEX,碩禾,26,光電業,panel_display,display,opto_comm,panel_led_lens,member,False,display,panel_display,panel_display__small_mid,small_mid,567,0.7494466578131918,84588339.0,141011439.6611613,120.0,2026-06-18,154.5,1982736.0,trade_group_exact,high,False,legacy_subindustry_rule,medium,official_code_fallback,529.0,cap_501_1000,0.7325227963525835,14976997460.0,14.97699746,91883420.0,2026-06-10,TPEX daily market value shares * close; API MarketValue retained for audit
6456.TW,6456,TWSE,GIS-KY,26,光電業,panel_display,display,opto_comm,panel_led_lens,member,False,display,panel_display,panel_display__small_mid,small_mid,579,0.7441345728198319,80321230.44338226,344634133.42165315,120.0,2026-06-18,76.4000015258789,6506805.0,trade_group_exact,high,False,legacy_subindustry_rule,medium,official_code_fallback,376.0,cap_251_500,0.8100303951367781,24095107740.0,24.09510774,337939800.0,2026-06-10,TWSE basic issued common shares * TWSE latest close
3059.TW,3059,TWSE,華晶科,26,光電業,panel_display,display,opto_comm,panel_led_lens,member,False,display,panel_display,panel_display__small_mid,small_mid,585,0.7414785303231519,77876948.20652199,130786980.37084876,120.0,2026-06-18,48.84999847412109,12915654.0,trade_group_exact,high,False,legacy_subindustry_rule,medium,official_code_fallback,537.0,cap_501_1000,0.7284701114488348,14461995175.0,14.461995175,307702025.0,2026-06-10,TWSE basic issued common shares * TWSE latest close
2323.TW,2323,TWSE,中環,26,光電業,panel_display,display,opto_comm,panel_led_lens,member,False,display,panel_display,panel_display__small_mid,small_mid,593,0.7379371403275785,75978201.47459745,111172913.92216964,120.0,2026-06-18,11.75,24238573.0,trade_group_exact,high,False,legacy_subindustry_rule,medium,official_code_fallback,623.0,cap_501_1000,0.684903748733536,11873896775.2,11.8738967752,1089348328.0,2026-06-10,TWSE basic issued common shares * TWSE latest close
3049.TW,3049,TWSE,精金,26,光電業,panel_display,display,opto_comm,panel_led_lens,member,False,display,panel_display,panel_display__small_mid,small_mid,609,0.730854360336432,69526419.27836132,135943239.7777857,120.0,2026-06-18,14.449999809265137,8321357.0,trade_group_exact,high,False,legacy_subindustry_rule,medium,official_code_fallback,659.0,cap_501_1000,0.6666666666666667,11067745300.2,11.0677453002,802010529.0,2026-06-10,TWSE basic issued common shares * TWSE latest close
7402.TWO,7402,TPEX,邑錡,26,光電業,panel_display,display,opto_comm,panel_led_lens,member,False,display,panel_display,panel_display__small_mid,small_mid,630,0.7215582115980522,62390308.25,140711853.25416666,120.0,2026-06-18,92.0999984741211,116000.0,trade_group_exact,high,False,legacy_subindustry_rule,medium,official_code_fallback,1251.0,cap_1001_plus,0.3667679837892603,3263459755.0,3.263459755,35280646.0,2026-06-10,TPEX daily market value shares * close; API MarketValue retained for audit
4949.TW,4949,TWSE,有成精密,26,光電業,panel_display,display,opto_comm,panel_led_lens,member,False,display,panel_display,panel_display__small_mid,small_mid,646,0.7144754316069057,57837802.42260742,170875249.0692384,120.0,2026-06-18,88.5,761871.0,trade_group_exact,high,False,legacy_subindustry_rule,medium,official_code_fallback,917.0,cap_501_1000,0.53596757852077,6228689156.0,6.228689156,67703143.0,2026-06-10,TWSE basic issued common shares * TWSE latest close
2466.TW,2466,TWSE,冠西電,26,光電業,panel_display,display,opto_comm,panel_led_lens,member,False,display,panel_display,panel_display__small_mid,small_mid,678,0.7003098716246127,51209688.3776741,68031085.75457318,120.0,2026-06-18,50.09999847412109,397400.0,trade_group_exact,high,False,legacy_subindustry_rule,medium,official_code_fallback,820.0,cap_501_1000,0.5851063829787234,7632182668.0,7.632182668,173458697.0,2026-06-10,TWSE basic issued common shares * TWSE latest close
3362.TWO,3362,TPEX,先進光,26,光電業,panel_display,display,opto_comm,panel_led_lens,member,False,display,panel_display,panel_display__small_mid,small_mid,679,0.699867197875166,51191875.0,81771922.98262571,120.0,2026-06-18,211.0,14058771.0,trade_group_exact,high,False,legacy_subindustry_rule,medium,official_code_fallback,364.0,cap_251_500,0.8161094224924013,25213176225.0,25.213176225,147445475.0,2026-06-10,TPEX daily market value shares * close; API MarketValue retained for audit
4956.TW,4956,TWSE,光鋐,26,光電業,panel_display,display,opto_comm,panel_led_lens,member,False,display,panel_display,panel_display__small_mid,small_mid,681,0.6989818503762727,50673984.49805355,185127452.3780777,120.0,2026-06-18,38.5,1211104.0,trade_group_exact,high,False,legacy_subindustry_rule,medium,official_code_fallback,1167.0,cap_1001_plus,0.4093211752786221,3795431320.8,3.7954313208,100408236.0,2026-06-10,TWSE basic issued common shares * TWSE latest close
8240.TWO,8240,TPEX,華宏,26,光電業,panel_display,display,opto_comm,panel_led_lens,member,False,display,panel_display,panel_display__small_mid,small_mid,726,0.6790615316511731,40983761.56345748,129206462.97967084,120.0,2026-06-18,56.900001525878906,460276.0,trade_group_exact,high,False,legacy_subindustry_rule,medium,official_code_fallback,973.0,cap_501_1000,0.5075987841945289,5560245418.400001,5.560245418400001,100004414.0,2026-06-10,TPEX daily market value shares * close; API MarketValue retained for audit
3615.TWO,3615,TPEX,安可,26,光電業,panel_display,display,opto_comm,panel_led_lens,member,False,display,panel_display,panel_display__small_mid,small_mid,732,0.6764054891544931,39722470.62846184,75888801.40700556,120.0,2026-06-18,55.400001525878906,8470645.0,trade_group_exact,high,False,legacy_subindustry_rule,medium,official_code_fallback,1188.0,cap_1001_plus,0.3986828774062816,3683523308.8,3.6835233088,68466976.0,2026-06-10,TPEX daily market value shares * close; API MarketValue retained for audit
6120.TW,6120,TWSE,達運,26,光電業,panel_display,display,opto_comm,panel_led_lens,member,False,display,panel_display,panel_display__small_mid,small_mid,756,0.6657813191677733,36052197.01617241,53385194.37620006,120.0,2026-06-18,15.050000190734863,5496012.0,trade_group_exact,high,False,legacy_subindustry_rule,medium,official_code_fallback,800.0,cap_501_1000,0.5952380952380952,8086494627.0,8.086494627,598999602.0,2026-06-10,TWSE basic issued common shares * TWSE latest close
2429.TW,2429,TWSE,銘旺科,26,光電業,panel_display,display,opto_comm,panel_led_lens,member,False,display,panel_display,panel_display__small_mid,small_mid,782,0.6542718016821603,32607382.81526184,43729498.1473779,120.0,2026-06-18,38.54999923706055,382000.0,trade_group_exact,high,False,legacy_subindustry_rule,medium,official_code_fallback,1232.0,cap_1001_plus,0.3763931104356636,3377250000.0,3.37725,85500000.0,2026-06-10,TWSE basic issued common shares * TWSE latest close
6477.TW,6477,TWSE,安集,26,光電業,panel_display,display,opto_comm,panel_led_lens,member,False,display,panel_display,panel_display__small_mid,small_mid,806,0.6436476316954405,30549960.95014381,55035138.83292239,120.0,2026-06-18,32.04999923706055,438200.0,trade_group_exact,high,False,legacy_subindustry_rule,medium,official_code_fallback,1148.0,cap_1001_plus,0.4189463019250253,3973568991.6,3.973568991600001,123787196.0,2026-06-10,TWSE basic issued common shares * TWSE latest close
3622.TW,3622,TWSE,洋華,26,光電業,panel_display,display,opto_comm,panel_led_lens,member,False,display,panel_display,panel_display__small,small,823,0.6361221779548473,29101607.686748505,51660455.67986898,120.0,2026-06-18,55.70000076293945,189107.0,trade_group_exact,high,False,legacy_subindustry_rule,medium,official_code_fallback,779.0,cap_501_1000,0.6058763931104356,8413814560.0,8.41381456,151327600.0,2026-06-10,TWSE basic issued common shares * TWSE latest close
2426.TW,2426,TWSE,鼎元,26,光電業,panel_display,display,opto_comm,panel_led_lens,member,False,display,panel_display,panel_display__small,small,836,0.6303674192120408,28392104.67185498,259940481.1333176,120.0,2026-06-18,81.80000305175781,38755690.0,trade_group_exact,high,False,legacy_subindustry_rule,medium,official_code_fallback,456.0,cap_251_500,0.7695035460992907,18458206272.8,18.4582062728,300622252.0,2026-06-10,TWSE basic issued common shares * TWSE latest close
8104.TW,8104,TWSE,錸寶,26,光電業,panel_display,display,opto_comm,panel_led_lens,member,False,display,panel_display,panel_display__small,small,852,0.6232846392208942,27364897.775247574,72054467.88486554,120.0,2026-06-18,42.34999847412109,7290444.0,trade_group_exact,high,False,legacy_subindustry_rule,medium,official_code_fallback,1138.0,cap_1001_plus,0.4240121580547112,4084284036.0,4.084284036,104058192.0,2026-06-10,TWSE basic issued common shares * TWSE latest close
3630.TWO,3630,TPEX,新鉅科,26,光電業,panel_display,display,opto_comm,panel_led_lens,member,False,display,panel_display,panel_display__small,small,872,0.6144311642319611,25722151.200000003,54193610.30699197,120.0,2026-06-18,34.79999923706055,5485458.0,trade_group_exact,high,False,legacy_subindustry_rule,medium,official_code_fallback,921.0,cap_501_1000,0.5339412360688957,6207432179.2,6.2074321792,204191848.0,2026-06-10,TPEX daily market value shares * close; API MarketValue retained for audit
6234.TWO,6234,TPEX,高僑,26,光電業,panel_display,display,opto_comm,panel_led_lens,member,False,display,panel_display,panel_display__small,small,889,0.6069057104913679,24475068.954675674,74919798.79789798,120.0,2026-06-18,45.09999847412109,1733413.0,trade_group_exact,high,False,legacy_subindustry_rule,medium,official_code_fallback,1060.0,cap_1001_plus,0.4635258358662614,4657928867.2,4.6579288672,100386398.0,2026-06-10,TPEX daily market value shares * close; API MarketValue retained for audit
4960.TW,4960,TWSE,誠美材,26,光電業,panel_display,display,opto_comm,panel_led_lens,member,False,display,panel_display,panel_display__small,small,911,0.5971668880035415,22823477.684631344,182444194.2103725,120.0,2026-06-18,29.100000381469727,6944150.0,trade_group_exact,high,False,legacy_subindustry_rule,medium,official_code_fallback,484.0,cap_251_500,0.7553191489361702,16665212060.2,16.6652120602,571705388.0,2026-06-10,TWSE basic issued common shares * TWSE latest close
3339.TWO,3339,TPEX,泰谷,26,光電業,panel_display,display,opto_comm,panel_led_lens,member,False,display,panel_display,panel_display__small,small,932,0.5878707392651616,21269888.59413052,102227413.22812216,120.0,2026-06-18,49.70000076293945,4088200.0,trade_group_exact,high,False,legacy_subindustry_rule,medium,official_code_fallback,1315.0,cap_1001_plus,0.3343465045592705,2902377880.0,2.90237788,66568300.0,2026-06-10,TPEX daily market value shares * close; API MarketValue retained for audit
8105.TW,8105,TWSE,凌巨,26,光電業,panel_display,display,opto_comm,panel_led_lens,member,False,display,panel_display,panel_display__small,small,951,0.5794599380256751,20217340.84879208,44650572.363432,120.0,2026-06-18,21.899999618530277,16187392.0,trade_group_exact,high,False,legacy_subindustry_rule,medium,official_code_fallback,737.0,cap_501_1000,0.6271529888551165,9139978415.7,9.139978415699998,441544851.0,2026-06-10,TWSE basic issued common shares * TWSE latest close
3230.TWO,3230,TPEX,錦明,26,光電業,panel_display,display,opto_comm,panel_led_lens,member,False,display,panel_display,panel_display__small,small,952,0.5790172642762283,20125620.0,31763494.40335579,120.0,2026-06-18,29.899999618530277,338300.0,trade_group_exact,high,False,legacy_subindustry_rule,medium,official_code_fallback,1408.0,cap_1001_plus,0.2872340425531915,2494316100.0,2.4943161,86010900.0,2026-06-10,TPEX daily market value shares * close; API MarketValue retained for audit
4934.TW,4934,TWSE,太極,26,光電業,panel_display,display,opto_comm,panel_led_lens,member,False,display,panel_display,panel_display__small,small,968,0.5719344842850819,19360904.542224884,31795120.494626094,120.0,2026-06-18,17.100000381469727,1128046.0,trade_group_exact,high,False,legacy_subindustry_rule,medium,official_code_fallback,1190.0,cap_1001_plus,0.3976697061803445,3656250000.0,3.65625,225000000.0,2026-06-10,TWSE basic issued common shares * TWSE latest close
6168.TW,6168,TWSE,宏齊,26,光電業,panel_display,display,opto_comm,panel_led_lens,member,False,display,panel_display,panel_display__small,small,1010,0.5533421868083223,17071648.38429451,119963789.91993783,120.0,2026-06-18,28.299999237060547,5391796.0,trade_group_exact,high,False,legacy_subindustry_rule,medium,official_code_fallback,1029.0,cap_1001_plus,0.4792299898682877,4907418953.85,4.907418953850001,205761801.0,2026-06-10,TWSE basic issued common shares * TWSE latest close
8215.TW,8215,TWSE,明基材,26,光電業,panel_display,display,opto_comm,panel_led_lens,member,False,display,panel_display,panel_display__small,small,1011,0.5528995130588756,17007203.65572071,50962805.92388765,120.0,2026-06-18,31.149999618530277,9745670.0,trade_group_exact,high,False,legacy_subindustry_rule,medium,official_code_fallback,732.0,cap_501_1000,0.6296859169199595,9251459728.9,9.2514597289,320674514.0,2026-06-10,TWSE basic issued common shares * TWSE latest close
4976.TW,4976,TWSE,佳凌,26,光電業,panel_display,display,opto_comm,panel_led_lens,member,False,display,panel_display,panel_display__small,small,1036,0.5418326693227091,16153514.499662405,20893781.967462856,120.0,2026-06-18,43.900001525878906,18423775.0,trade_group_exact,high,False,legacy_subindustry_rule,medium,official_code_fallback,1045.0,cap_1001_plus,0.4711246200607902,4777663800.0,4.7776638,141351000.0,2026-06-10,TWSE basic issued common shares * TWSE latest close
6419.TWO,6419,TPEX,京晨科,26,光電業,panel_display,display,opto_comm,panel_led_lens,member,False,display,panel_display,panel_display__small,small,1056,0.532979194333776,15423135.243904114,31247875.121542327,120.0,2026-06-18,149.5,970000.0,trade_group_exact,high,False,legacy_subindustry_rule,medium,official_code_fallback,1607.0,cap_1001_plus,0.1864235055724417,1677794175.0,1.677794175,13159170.0,2026-06-10,TPEX daily market value shares * close; API MarketValue retained for audit
6405.TW,6405,TWSE,悅城,26,光電業,panel_display,display,opto_comm,panel_led_lens,member,False,display,panel_display,panel_display__small,small,1081,0.5219123505976095,14275582.337647438,34172102.62609102,120.0,2026-06-18,71.5,702160.0,trade_group_exact,high,False,legacy_subindustry_rule,medium,official_code_fallback,1070.0,cap_1001_plus,0.4584599797365755,4579680000.0,4.57968,65800000.0,2026-06-10,TWSE basic issued common shares * TWSE latest close
3051.TW,3051,TWSE,力特,26,光電業,panel_display,display,opto_comm,panel_led_lens,member,False,display,panel_display,panel_display__small,small,1082,0.5214696768481629,14129783.1248045,49954415.54935702,120.0,2026-06-18,27.850000381469727,1865651.0,trade_group_exact,high,False,legacy_subindustry_rule,medium,official_code_fallback,1104.0,cap_1001_plus,0.4412360688956434,4342000000.0,4.342,167000000.0,2026-06-10,TWSE basic issued common shares * TWSE latest close
5315.TWO,5315,TPEX,光聯,26,光電業,panel_display,display,opto_comm,panel_led_lens,member,False,display,panel_display,panel_display__small,small,1085,0.520141655599823,13979456.627977371,19499958.167959664,120.0,2026-06-18,23.0,440177.0,trade_group_exact,high,False,legacy_subindustry_rule,medium,official_code_fallback,1446.0,cap_1001_plus,0.267983789260385,2355693078.8,2.3556930788,106351832.0,2026-06-10,TPEX daily market value shares * close; API MarketValue retained for audit
3504.TW,3504,TWSE,揚明光,26,光電業,panel_display,display,opto_comm,panel_led_lens,member,False,display,panel_display,panel_display__small,small,1087,0.5192563081009296,13796243.551555634,41832571.16860768,120.0,2026-06-18,91.1999969482422,6047800.0,trade_group_exact,high,False,legacy_subindustry_rule,medium,official_code_fallback,747.0,cap_501_1000,0.6220871327254306,9010723015.0,9.010723015,114059785.0,2026-06-10,TWSE basic issued common shares * TWSE latest close
3490.TWO,3490,TPEX,單井,26,光電業,panel_display,display,opto_comm,panel_led_lens,member,False,display,panel_display,panel_display__small,small,1114,0.5073041168658698,12594795.638591768,43804361.19025859,120.0,2026-06-18,32.45000076293945,951314.0,trade_group_exact,high,False,legacy_subindustry_rule,medium,official_code_fallback,1579.0,cap_1001_plus,0.2006079027355622,1787709137.5,1.7877091375,55006435.0,2026-06-10,TPEX daily market value shares * close; API MarketValue retained for audit
6517.TWO,6517,TPEX,保勝光學,26,光電業,panel_display,display,opto_comm,panel_led_lens,member,False,display,panel_display,panel_display__small,small,1119,0.5050907481186366,12439269.655057907,39509341.5128342,120.0,2026-06-18,78.0999984741211,3411426.0,trade_group_exact,high,False,legacy_subindustry_rule,medium,official_code_fallback,1550.0,cap_1001_plus,0.2152988855116514,1920364528.4,1.9203645284,30579053.0,2026-06-10,TPEX daily market value shares * close; API MarketValue retained for audit
3437.TW,3437,TWSE,榮創,26,光電業,panel_display,display,opto_comm,panel_led_lens,member,False,display,panel_display,panel_display__small,small,1134,0.4984506418769366,11763476.619769096,59375939.1096399,120.0,2026-06-18,21.450000762939453,1070530.0,trade_group_exact,high,False,legacy_subindustry_rule,medium,official_code_fallback,1298.0,cap_1001_plus,0.3429584599797366,2999371000.0,2.999371,144548000.0,2026-06-10,TWSE basic issued common shares * TWSE latest close
5484.TW,5484,TWSE,慧友,26,光電業,panel_display,display,opto_comm,panel_led_lens,member,False,display,panel_display,panel_display__small,small,1153,0.4900398406374502,11023147.132514954,17923840.708800253,120.0,2026-06-18,47.0,587298.0,trade_group_exact,high,False,legacy_subindustry_rule,medium,official_code_fallback,1237.0,cap_1001_plus,0.3738601823708206,3336709950.0,3.33670995,66801000.0,2026-06-10,TWSE basic issued common shares * TWSE latest close
3050.TW,3050,TWSE,鈺德,26,光電業,panel_display,display,opto_comm,panel_led_lens,member,False,display,panel_display,panel_display__small,small,1161,0.4864984506418769,10787158.644129751,17337137.384081874,120.0,2026-06-18,13.0,985816.0,trade_group_exact,high,False,legacy_subindustry_rule,medium,official_code_fallback,1531.0,cap_1001_plus,0.2249240121580547,1991550182.5,1.9915501825,154984450.0,2026-06-10,TWSE basic issued common shares * TWSE latest close
6742.TW,6742,TWSE,澤米,26,光電業,panel_display,display,opto_comm,panel_led_lens,member,False,display,panel_display,panel_display__small,small,1171,0.4820717131474104,10482993.023420334,14474186.146467146,120.0,2026-06-18,69.0,17988473.0,trade_group_exact,high,False,legacy_subindustry_rule,medium,official_code_fallback,1111.0,cap_1001_plus,0.4376899696048631,4261823290.4,4.2618232904,71267948.0,2026-06-10,TWSE basic issued common shares * TWSE latest close
5244.TW,5244,TWSE,弘凱,26,光電業,panel_display,display,opto_comm,panel_led_lens,member,False,display,panel_display,panel_display__small,small,1173,0.481186365648517,10398300.197601318,35412991.60699895,120.0,2026-06-18,37.75,132050.0,trade_group_exact,high,False,legacy_subindustry_rule,medium,official_code_fallback,1402.0,cap_1001_plus,0.290273556231003,2504477693.3,2.5044776933,68241899.0,2026-06-10,TWSE basic issued common shares * TWSE latest close
3031.TW,3031,TWSE,佰鴻,26,光電業,panel_display,display,opto_comm,panel_led_lens,member,False,display,panel_display,panel_display__small,small,1183,0.4767596281540505,10168371.60487652,72332723.07763049,120.0,2026-06-18,28.0,1918776.0,trade_group_exact,high,False,legacy_subindustry_rule,medium,official_code_fallback,1050.0,cap_1001_plus,0.4685916919959473,4745768337.599999,4.7457683376,173203224.0,2026-06-10,TWSE basic issued common shares * TWSE latest close
3591.TW,3591,TWSE,艾笛森,26,光電業,panel_display,display,opto_comm,panel_led_lens,member,False,display,panel_display,panel_display__small,small,1199,0.4696768481629039,9435198.296030045,42453837.90984789,120.0,2026-06-18,23.950000762939453,1453121.0,trade_group_exact,high,False,legacy_subindustry_rule,medium,official_code_fallback,1268.0,cap_1001_plus,0.3581560283687943,3205779711.75,3.20577971175,145386835.0,2026-06-10,TWSE basic issued common shares * TWSE latest close
6668.TW,6668,TWSE,中揚光,26,光電業,panel_display,display,opto_comm,panel_led_lens,member,False,display,panel_display,panel_display__small,small,1200,0.4692341744134573,9412370.966754911,13532719.219069194,120.0,2026-06-18,47.20000076293945,6808614.0,trade_group_exact,high,False,legacy_subindustry_rule,medium,official_code_fallback,1147.0,cap_1001_plus,0.4194528875379939,3979362632.05,3.97936263205,107116087.0,2026-06-10,TWSE basic issued common shares * TWSE latest close
4933.TWO,4933,TPEX,友輝,26,光電業,panel_display,display,opto_comm,panel_led_lens,member,False,display,panel_display,panel_display__small,small,1240,0.451527224435591,8363849.836349487,20069099.97295973,120.0,2026-06-18,67.4000015258789,303069.0,trade_group_exact,high,False,legacy_subindustry_rule,medium,official_code_fallback,978.0,cap_501_1000,0.5050658561296859,5501937555.0,5.501937555,82611675.0,2026-06-10,TPEX daily market value shares * close; API MarketValue retained for audit
6859.TWO,6859,TPEX,伯特光,26,光電業,panel_display,display,opto_comm,panel_led_lens,member,False,display,panel_display,panel_display__small,small,1274,0.4364763169544046,7719000.0,11592442.61298396,120.0,2026-06-18,139.0,898760.0,trade_group_exact,high,False,legacy_subindustry_rule,medium,official_code_fallback,1003.0,cap_1001_plus,0.4924012158054711,5240163600.0,5.2401636,41588600.0,2026-06-10,TPEX daily market value shares * close; API MarketValue retained for audit
3024.TW,3024,TWSE,憶聲,26,光電業,panel_display,display,opto_comm,panel_led_lens,member,False,display,panel_display,panel_display__small,small,1276,0.4355909694555112,7696650.262530327,14654118.122911263,120.0,2026-06-18,12.199999809265137,1131465.0,trade_group_exact,high,False,legacy_subindustry_rule,medium,official_code_fallback,1230.0,cap_1001_plus,0.3774062816616008,3395179326.0,3.395179326,277157496.0,2026-06-10,TWSE basic issued common shares * TWSE latest close
6164.TW,6164,TWSE,華興,26,光電業,panel_display,display,opto_comm,panel_led_lens,member,False,display,panel_display,panel_display__small,small,1323,0.4147853032315184,6841357.735267638,12231459.73535897,120.0,2026-06-18,13.350000381469728,860250.0,trade_group_exact,high,False,legacy_subindustry_rule,medium,official_code_fallback,1824.0,cap_1001_plus,0.0764944275582573,992000000.0,0.992,80000000.0,2026-06-10,TWSE basic issued common shares * TWSE latest close
3441.TWO,3441,TPEX,聯一光電,26,光電業,panel_display,display,opto_comm,panel_led_lens,member,False,display,panel_display,panel_display__small,small,1331,0.4112439132359451,6713183.248836517,17141006.46171055,120.0,2026-06-18,92.3000030517578,14066307.0,trade_group_exact,high,False,legacy_subindustry_rule,medium,official_code_fallback,1384.0,cap_1001_plus,0.2993920972644377,2602594800.0,2.6025948,40039920.0,2026-06-10,TPEX daily market value shares * close; API MarketValue retained for audit
3038.TW,3038,TWSE,全台,26,光電業,panel_display,display,opto_comm,panel_led_lens,member,False,display,panel_display,panel_display__small,small,1346,0.4046038069942452,6431699.120573998,9099438.004691618,120.0,2026-06-18,22.850000381469727,314175.0,trade_group_exact,high,False,legacy_subindustry_rule,medium,official_code_fallback,1198.0,cap_1001_plus,0.3936170212765957,3596763728.55,3.59676372855,157407603.0,2026-06-10,TWSE basic issued common shares * TWSE latest close
3297.TWO,3297,TPEX,杭特,26,光電業,panel_display,display,opto_comm,panel_led_lens,member,False,display,panel_display,panel_display__small,small,1365,0.3961930057547588,6079395.654239655,13976827.650164876,120.0,2026-06-18,31.600000381469727,65123.0,trade_group_exact,high,False,legacy_subindustry_rule,medium,official_code_fallback,1765.0,cap_1001_plus,0.1063829787234043,1135557517.5,1.1355575175,36049445.0,2026-06-10,TPEX daily market value shares * close; API MarketValue retained for audit
3128.TWO,3128,TPEX,昇銳,26,光電業,panel_display,display,opto_comm,panel_led_lens,member,False,display,panel_display,panel_display__small,small,1434,0.3656485170429393,5098321.33784008,9852978.196044313,120.0,2026-06-18,24.549999237060547,212097.0,trade_group_exact,high,False,legacy_subindustry_rule,medium,official_code_fallback,1772.0,cap_1001_plus,0.1028368794326241,1126156238.2,1.1261562382,47317489.0,2026-06-10,TPEX daily market value shares * close; API MarketValue retained for audit
2491.TW,2491,TWSE,吉祥全,26,光電業,panel_display,display,opto_comm,panel_led_lens,member,False,display,panel_display,panel_display__small,small,1460,0.3541389995573262,4773041.939688683,11770339.950400772,120.0,2026-06-18,41.0,1147815.0,trade_group_exact,high,False,legacy_subindustry_rule,medium,official_code_fallback,1426.0,cap_1001_plus,0.2781155015197568,2423336400.0,2.4233364,82008000.0,2026-06-10,TWSE basic issued common shares * TWSE latest close
5251.TWO,5251,TPEX,天鉞電,26,光電業,panel_display,display,opto_comm,panel_led_lens,member,False,display,panel_display,panel_display__small,small,1465,0.351925630810093,4710801.25,8540418.348241396,120.0,2026-06-18,30.100000381469727,147342.0,trade_group_exact,high,False,legacy_subindustry_rule,medium,official_code_fallback,1815.0,cap_1001_plus,0.0810536980749746,1010314641.15,1.01031464115,33733377.0,2026-06-10,TPEX daily market value shares * close; API MarketValue retained for audit
4729.TWO,4729,TPEX,熒茂,26,光電業,panel_display,display,opto_comm,panel_led_lens,member,False,display,panel_display,panel_display__small,small,1494,0.3390880920761399,4334336.556314468,12347133.291038273,120.0,2026-06-18,22.0,769030.0,trade_group_exact,high,False,legacy_subindustry_rule,medium,official_code_fallback,1588.0,cap_1001_plus,0.1960486322188449,1742988302.0,1.742988302,79226741.0,2026-06-10,TPEX daily market value shares * close; API MarketValue retained for audit
6498.TWO,6498,TPEX,久禾光,26,光電業,panel_display,display,opto_comm,panel_led_lens,member,False,display,panel_display,panel_display__small,small,1501,0.3359893758300133,4284014.56105423,7811836.48001105,120.0,2026-06-18,107.0,613460.0,trade_group_exact,high,False,legacy_subindustry_rule,medium,official_code_fallback,1067.0,cap_1001_plus,0.4599797365754813,4622159416.0,4.622159416,47164892.0,2026-06-10,TPEX daily market value shares * close; API MarketValue retained for audit
4942.TW,4942,TWSE,嘉彰,26,光電業,panel_display,display,opto_comm,panel_led_lens,member,False,display,panel_display,panel_display__small,small,1506,0.33377600708278,4240311.957788467,6646134.350112597,120.0,2026-06-18,37.79999923706055,63000.0,trade_group_exact,high,False,legacy_subindustry_rule,medium,official_code_fallback,994.0,cap_501_1000,0.4969604863221885,5331667106.85,5.33166710685,142367613.0,2026-06-10,TWSE basic issued common shares * TWSE latest close
6167.TWO,6167,TPEX,久正,26,光電業,panel_display,display,opto_comm,panel_led_lens,member,False,display,panel_display,panel_display__small,small,1516,0.3293492695883134,4100019.594631195,10895134.751853278,120.0,2026-06-18,12.149999618530272,531704.0,trade_group_exact,high,False,legacy_subindustry_rule,medium,official_code_fallback,1608.0,cap_1001_plus,0.1859169199594731,1671700000.0,1.6717,146000000.0,2026-06-10,TPEX daily market value shares * close; API MarketValue retained for audit
6226.TW,6226,TWSE,光鼎,26,光電業,panel_display,display,opto_comm,panel_led_lens,member,False,display,panel_display,panel_display__small,small,1582,0.3001328021248339,3452724.70648098,16919033.12671984,120.0,2026-06-18,12.399999618530272,993000.0,trade_group_exact,high,False,legacy_subindustry_rule,medium,official_code_fallback,1662.0,cap_1001_plus,0.1585612968591692,1426854644.15,1.42685464415,115534789.0,2026-06-10,TWSE basic issued common shares * TWSE latest close
6560.TWO,6560,TPEX,欣普羅,26,光電業,panel_display,display,opto_comm,panel_led_lens,member,False,display,panel_display,panel_display__small,small,1593,0.2952633908809208,3365158.5000000005,4920580.033284009,120.0,2026-06-18,38.0,81000.0,trade_group_exact,high,False,legacy_subindustry_rule,medium,official_code_fallback,1740.0,cap_1001_plus,0.119047619047619,1219425548.25,1.21942554825,32474715.0,2026-06-10,TPEX daily market value shares * close; API MarketValue retained for audit
3434.TWO,3434,TPEX,哲固,26,光電業,panel_display,display,opto_comm,panel_led_lens,member,False,display,panel_display,panel_display__small,small,1605,0.2899513058875609,3213715.2774124146,7041597.434801903,120.0,2026-06-18,29.899999618530277,125050.0,trade_group_exact,high,False,legacy_subindustry_rule,medium,official_code_fallback,1787.0,cap_1001_plus,0.0952380952380952,1094095044.0,1.094095044,35754740.0,2026-06-10,TPEX daily market value shares * close; API MarketValue retained for audit
8049.TWO,8049,TPEX,晶采,26,光電業,panel_display,display,opto_comm,panel_led_lens,member,False,display,panel_display,panel_display__small,small,1626,0.2806551571491811,3018181.155290604,3604112.006785552,120.0,2026-06-18,27.700000762939453,342060.0,trade_group_exact,high,False,legacy_subindustry_rule,medium,official_code_fallback,1286.0,cap_1001_plus,0.3490374873353596,3093016979.2,3.0930169792,118279808.0,2026-06-10,TPEX daily market value shares * close; API MarketValue retained for audit
4935.TW,4935,TWSE,茂林-KY,26,光電業,panel_display,display,opto_comm,panel_led_lens,member,False,display,panel_display,panel_display__small,small,1644,0.2726870296591412,2847487.2200374603,3302165.292065048,120.0,2026-06-18,40.04999923706055,168000.0,trade_group_exact,high,False,legacy_subindustry_rule,medium,official_code_fallback,1037.0,cap_1001_plus,0.475177304964539,4845289821.6,4.845289821600001,128864091.0,2026-06-10,TWSE basic issued common shares * TWSE latest close
3666.TWO,3666,TPEX,光耀,26,光電業,panel_display,display,opto_comm,panel_led_lens,member,False,display,panel_display,panel_display__small,small,1698,0.2487826471890216,2436189.8809013367,3627650.183723262,120.0,2026-06-18,25.899999618530277,46000.0,trade_group_exact,high,False,legacy_subindustry_rule,medium,official_code_fallback,1195.0,cap_1001_plus,0.3951367781155015,3626591085.0,3.626591085,138949850.0,2026-06-10,TPEX daily market value shares * close; API MarketValue retained for audit
5230.TWO,5230,TPEX,雷笛克光學,26,光電業,panel_display,display,opto_comm,panel_led_lens,member,False,display,panel_display,panel_display__small,small,1711,0.2430278884462151,2369023.410885334,3722380.350748455,120.0,2026-06-18,20.25,1655500.0,trade_group_exact,high,False,legacy_subindustry_rule,medium,official_code_fallback,1831.0,cap_1001_plus,0.0729483282674772,968397429.0,0.968397429,55976730.0,2026-06-10,TPEX daily market value shares * close; API MarketValue retained for audit
5245.TWO,5245,TPEX,智晶,26,光電業,panel_display,display,opto_comm,panel_led_lens,member,False,display,panel_display,panel_display__small,small,1713,0.2421425409473218,2365725.019454956,7230074.400801907,120.0,2026-06-18,26.200000762939453,73027.0,trade_group_exact,high,False,legacy_subindustry_rule,medium,official_code_fallback,1750.0,cap_1001_plus,0.1139817629179331,1186843808.3,1.1868438083,45127141.0,2026-06-10,TPEX daily market value shares * close; API MarketValue retained for audit
2438.TW,2438,TWSE,翔耀,26,光電業,panel_display,display,opto_comm,panel_led_lens,member,False,display,panel_display,panel_display__small,small,1722,0.2381584772023018,2281471.3926696777,3659907.141563416,120.0,2026-06-18,22.5,191150.0,trade_group_exact,high,False,legacy_subindustry_rule,medium,official_code_fallback,1630.0,cap_1001_plus,0.1747720364741641,1601901922.5,1.6019019225,71195641.0,2026-06-10,TWSE basic issued common shares * TWSE latest close
3066.TWO,3066,TPEX,李洲,26,光電業,panel_display,display,opto_comm,panel_led_lens,member,False,display,panel_display,panel_display__small,small,1762,0.2204515272244356,1968967.6111536024,9424913.92621965,120.0,2026-06-18,21.299999237060547,463518.0,trade_group_exact,high,False,legacy_subindustry_rule,medium,official_code_fallback,1606.0,cap_1001_plus,0.1869300911854103,1678026362.4,1.6780263623999998,83070612.0,2026-06-10,TPEX daily market value shares * close; API MarketValue retained for audit
3623.TWO,3623,TPEX,富晶通,26,光電業,panel_display,display,opto_comm,panel_led_lens,member,False,display,panel_display,panel_display__small,small,1800,0.2036299247454626,1713899.5541648865,6982136.135730318,120.0,2026-06-18,23.299999237060547,87250.0,trade_group_exact,high,False,legacy_subindustry_rule,medium,official_code_fallback,1912.0,cap_1001_plus,0.0319148936170212,675654649.9,0.6756546499,29185946.0,2026-06-10,TPEX daily market value shares * close; API MarketValue retained for audit
4995.TWO,4995,TPEX,晶達,26,光電業,panel_display,display,opto_comm,panel_led_lens,member,False,display,panel_display,panel_display__small,small,1843,0.1845949535192562,1470176.51304245,2253181.2803089144,120.0,2026-06-18,45.5,16000.0,trade_group_exact,high,False,legacy_subindustry_rule,medium,official_code_fallback,1551.0,cap_1001_plus,0.2147922998986828,1916641620.0,1.91664162,42592036.0,2026-06-10,TPEX daily market value shares * close; API MarketValue retained for audit
7753.TWO,7753,TPEX,星亞,26,光電業,panel_display,display,opto_comm,panel_led_lens,member,False,display,panel_display,panel_display__small,small,1956,0.1345728198317839,924669.7419891356,1665371.9362382316,120.0,2026-06-18,41.45000076293945,46000.0,trade_group_exact,high,False,legacy_subindustry_rule,medium,official_code_fallback,1808.0,cap_1001_plus,0.0845997973657548,1045000000.0,1.045,25000000.0,2026-06-10,TPEX daily market value shares * close; API MarketValue retained for audit
6916.TW,6916,TWSE,華凌,26,光電業,panel_display,display,opto_comm,panel_led_lens,member,False,display,panel_display,panel_display__small,small,2026,0.1035856573705179,711627.7290554047,1820890.0557111104,120.0,2026-06-18,22.299999237060547,196001.0,trade_group_exact,high,False,legacy_subindustry_rule,medium,official_code_fallback,1702.0,cap_1001_plus,0.1382978723404255,1316250000.0,1.31625,67500000.0,2026-06-10,TWSE basic issued common shares * TWSE latest close
3168.TW,3168,TWSE,眾福科,26,光電業,panel_display,display,opto_comm,panel_led_lens,member,False,display,panel_display,panel_display__small,small,2031,0.1013722886232846,699125.0,1235262.9504405658,120.0,2026-06-18,48.0,135000.0,trade_group_exact,high,False,legacy_subindustry_rule,medium,official_code_fallback,1207.0,cap_1001_plus,0.3890577507598785,3533438485.45,3.53343848545,75099649.0,2026-06-10,TWSE basic issued common shares * TWSE latest close
3516.TWO,3516,TPEX,亞帝歐,26,光電業,panel_display,display,opto_comm,panel_led_lens,member,False,display,panel_display,panel_display__small,small,2045,0.0951748561310313,645432.1234130859,1296649.2648182106,120.0,2026-06-18,27.799999237060547,317861.0,trade_group_exact,high,False,legacy_subindustry_rule,medium,official_code_fallback,1669.0,cap_1001_plus,0.1550151975683891,1399680539.0,1.399680539,59560874.0,2026-06-10,TPEX daily market value shares * close; API MarketValue retained for audit
6222.TWO,6222,TPEX,立軒,26,光電業,panel_display,display,opto_comm,panel_led_lens,member,False,display,panel_display,panel_display__small,small,2048,0.0938468348826914,641324.987411499,876062.7971586514,120.0,2026-06-18,20.549999237060547,49002.0,trade_group_exact,high,False,legacy_subindustry_rule,medium,official_code_fallback,1543.0,cap_1001_plus,0.2188449848024316,1956837555.1,1.9568375551,95688878.0,2026-06-10,TPEX daily market value shares * close; API MarketValue retained for audit
6246.TWO,6246,TPEX,臺龍,26,光電業,panel_display,display,opto_comm,panel_led_lens,member,False,display,panel_display,panel_display__small,small,2053,0.0916334661354582,613937.4996013641,1902935.7966653823,120.0,2026-06-18,15.449999809265137,78002.0,trade_group_exact,high,False,legacy_subindustry_rule,medium,official_code_fallback,1925.0,cap_1001_plus,0.0253292806484295,577234078.75,0.57723407875,37851415.0,2026-06-10,TPEX daily market value shares * close; API MarketValue retained for audit
5220.TWO,5220,TPEX,萬達光電,26,光電業,panel_display,display,opto_comm,panel_led_lens,member,False,display,panel_display,panel_display__small,small,2054,0.0911907923860114,612197.9937314987,1585076.8241627694,120.0,2026-06-18,21.75,102020.0,trade_group_exact,high,False,legacy_subindustry_rule,medium,official_code_fallback,1868.0,cap_1001_plus,0.0542046605876392,838957050.0,0.83895705,39667000.0,2026-06-10,TPEX daily market value shares * close; API MarketValue retained for audit
6899.TWO,6899,TPEX,創為精密,26,光電業,panel_display,display,opto_comm,panel_led_lens,member,False,display,panel_display,panel_display__small,small,2070,0.0841080123948649,563940.9373893738,798075.2586727205,120.0,2026-06-18,60.79999923706055,47000.0,trade_group_exact,high,False,legacy_subindustry_rule,medium,official_code_fallback,1389.0,cap_1001_plus,0.2968591691995947,2573588403.7000003,2.5735884037,42398491.0,2026-06-10,TPEX daily market value shares * close; API MarketValue retained for audit
4972.TWO,4972,TPEX,湯石照明,26,光電業,panel_display,display,opto_comm,panel_led_lens,member,False,display,panel_display,panel_display__small,small,2106,0.0681717574147853,470538.0,570949.831724383,120.0,2026-06-18,16.899999618530273,36000.0,trade_group_exact,high,False,legacy_subindustry_rule,medium,official_code_fallback,1834.0,cap_1001_plus,0.0714285714285714,944350544.2,0.9443505442,56888587.0,2026-06-10,TPEX daily market value shares * close; API MarketValue retained for audit
6556.TWO,6556,TPEX,勝品,26,光電業,panel_display,display,opto_comm,panel_led_lens,member,False,display,panel_display,panel_display__small,small,2140,0.0531208499335988,340499.99237060547,540822.08388738,120.0,2026-06-18,73.5,12000.0,trade_group_exact,high,False,legacy_subindustry_rule,medium,official_code_fallback,1516.0,cap_1001_plus,0.2325227963525835,2058500000.0,2.0585,28750000.0,2026-06-10,TPEX daily market value shares * close; API MarketValue retained for audit
3523.TWO,3523,TPEX,迎輝,26,光電業,panel_display,display,opto_comm,panel_led_lens,member,False,display,panel_display,panel_display__small,small,2194,0.0292164674634793,179699.99504089355,491908.8082772271,120.0,2026-06-18,16.549999237060547,30000.0,trade_group_exact,high,False,legacy_subindustry_rule,medium,official_code_fallback,1811.0,cap_1001_plus,0.083080040526849,1031338781.4,1.0313387814,64257868.0,2026-06-10,TPEX daily market value shares * close; API MarketValue retained for audit
6225.TW,6225,TWSE,天瀚,26,光電業,panel_display,display,opto_comm,panel_led_lens,member,False,display,panel_display,panel_display__small,small,2195,0.0287737937140327,179172.62274074554,339545.71197786334,120.0,2026-06-18,24.0,27225.0,trade_group_exact,high,False,legacy_subindustry_rule,medium,official_code_fallback,1918.0,cap_1001_plus,0.0288753799392097,654690000.0,0.65469,27800000.0,2026-06-10,TWSE basic issued common shares * TWSE latest close
3531.TWO,3531,TPEX,先益,26,光電業,panel_display,display,opto_comm,panel_led_lens,member,False,display,panel_display,panel_display__small,small,2201,0.0261177512173528,156099.99465942383,227916.7884087912,120.0,2026-06-18,22.649999618530277,8000.0,trade_group_exact,high,False,legacy_subindustry_rule,medium,official_code_fallback,1658.0,cap_1001_plus,0.1605876393110435,1434554007.95,1.43455400795,61175011.0,2026-06-10,TPEX daily market value shares * close; API MarketValue retained for audit
6121.TWO,6121,TPEX,新普,25,電腦及週邊設備業,computer_channel_retail,distribution,computer,computer_channel_retail,member,False,distribution,computer_channel,computer_channel__mid,mid,340,0.849933598937583,227797301.5,245361634.375,120.0,2026-06-18,417.5,1189298.0,trade_group_exact,high,False,legacy_subindustry_rule,medium,exact_symbol,177.0,cap_101_250,0.910840932117528,74543119157.0,74.543119157,184970519.0,2026-06-10,TPEX daily market value shares * close; API MarketValue retained for audit
2362.TW,2362,TWSE,藍天,25,電腦及週邊設備業,computer_channel_retail,distribution,computer,computer_channel_retail,member,False,distribution,computer_channel,computer_channel__small,small,961,0.5750332005312084,19842301.0,22670823.35176401,120.0,2026-06-18,47.54999923706055,2051278.0,trade_group_exact,high,False,legacy_subindustry_rule,medium,exact_symbol,329.0,cap_251_500,0.8338399189463019,28717437450.0,28.71743745,622263000.0,2026-06-10,TWSE basic issued common shares * TWSE latest close
2364.TW,2364,TWSE,倫飛,25,電腦及週邊設備業,computer_channel_retail,distribution,computer,computer_channel_retail,member,False,distribution,computer_channel,computer_channel__small,small,1217,0.461708720672864,9017554.894929886,14821419.817083232,120.0,2026-06-18,67.9000015258789,190839.0,trade_group_exact,high,False,legacy_subindustry_rule,medium,exact_symbol,1199.0,cap_1001_plus,0.3931104356636271,3593861252.8,3.5938612528,52388648.0,2026-06-10,TWSE basic issued common shares * TWSE latest close
8112.TW,8112,TWSE,至上,29,電子通路業,electronic_distribution,distribution,other_electronics,electronic_distribution,member,False,distribution,electronic_distribution,electronic_distribution__mid_large,mid_large,85,0.9628154050464808,1658627182.0751495,2383830193.368217,120.0,2026-06-18,98.1999969482422,16339072.0,trade_group_exact,high,False,legacy_subindustry_rule,medium,official_code_fallback,235.0,cap_101_250,0.8814589665653495,48642011234.8,48.6420112348,525291698.0,2026-06-10,TWSE basic issued common shares * TWSE latest close
3036.TW,3036,TWSE,文曄,29,電子通路業,electronic_distribution,distribution,other_electronics,electronic_distribution,member,False,distribution,electronic_distribution,electronic_distribution__mid_large,mid_large,95,0.958388667552014,1444883785.0,1697100128.233333,120.0,2026-06-18,222.5,15749729.0,trade_group_exact,high,False,legacy_subindustry_rule,medium,official_code_fallback,60.0,cap_051_100,0.9701114488348532,303961018089.5,303.9610180895,1269148301.0,2026-06-10,TWSE basic issued common shares * TWSE latest close
3702.TW,3702,TWSE,大聯大,29,電子通路業,electronic_distribution,distribution,other_electronics,electronic_distribution,member,False,distribution,electronic_distribution,electronic_distribution__mid_large,mid_large,159,0.930057547587428,760033292.4654007,1079712796.0633366,120.0,2026-06-18,112.0,19956477.0,trade_group_exact,high,False,legacy_subindustry_rule,medium,official_code_fallback,92.0,cap_051_100,0.953900709219858,183514656191.0,183.514656191,1683620699.0,2026-06-10,TWSE basic issued common shares * TWSE latest close
8096.TWO,8096,TPEX,擎亞,29,電子通路業,electronic_distribution,distribution,other_electronics,electronic_distribution,member,False,distribution,electronic_distribution,electronic_distribution__mid_large,mid_large,187,0.9176626826029216,596562046.6751938,1168171371.837606,120.0,2026-06-18,155.5,9666710.0,trade_group_exact,high,False,legacy_subindustry_rule,medium,official_code_fallback,469.0,cap_251_500,0.7629179331306991,17622481788.0,17.622481788,149343066.0,2026-06-10,TPEX daily market value shares * close; API MarketValue retained for audit
3090.TW,3090,TWSE,日電貿,28,電子零組件業,electronic_distribution,distribution,other_electronics,electronic_distribution,member,False,distribution,electronic_distribution,electronic_distribution__mid,mid,238,0.8950863213811421,417466772.456913,651844421.0624484,120.0,2026-06-18,332.5,23260705.0,trade_group_exact,high,False,legacy_subindustry_rule,medium,exact_symbol,201.0,cap_101_250,0.8986828774062816,60964235800.0,60.9642358,287567150.0,2026-06-10,TWSE basic issued common shares * TWSE latest close
2347.TW,2347,TWSE,聯強,29,電子通路業,electronic_distribution,distribution,other_electronics,electronic_distribution,member,False,distribution,electronic_distribution,electronic_distribution__mid,mid,250,0.8897742363877822,399677979.37117386,493898353.2226181,120.0,2026-06-18,93.4000015258789,11065256.0,trade_group_exact,high,False,legacy_subindustry_rule,medium,official_code_fallback,105.0,cap_101_250,0.9473150962512664,153784710449.6,153.7847104496,1667946968.0,2026-06-10,TWSE basic issued common shares * TWSE latest close
6265.TWO,6265,TPEX,方土昶,29,電子通路業,electronic_distribution,distribution,other_electronics,electronic_distribution,member,False,distribution,electronic_distribution,electronic_distribution__mid,mid,330,0.8543603364320496,245259776.23314,376984446.414379,120.0,2026-06-18,57.59999847412109,6465850.0,trade_group_exact,high,False,legacy_subindustry_rule,medium,official_code_fallback,892.0,cap_501_1000,0.5486322188449848,6653092101.299999,6.6530921013,118172151.0,2026-06-10,TPEX daily market value shares * close; API MarketValue retained for audit
3028.TW,3028,TWSE,增你強,29,電子通路業,electronic_distribution,distribution,other_electronics,electronic_distribution,member,False,distribution,electronic_distribution,electronic_distribution__mid,mid,372,0.83576803895529,192122066.1926537,307862090.65856063,120.0,2026-06-18,75.0,3579601.0,trade_group_exact,high,False,legacy_subindustry_rule,medium,official_code_fallback,464.0,cap_251_500,0.7654508611955421,17959158310.100002,17.9591583101,237241193.0,2026-06-10,TWSE basic issued common shares * TWSE latest close
5434.TW,5434,TWSE,崇越,29,電子通路業,electronic_distribution,distribution,other_electronics,electronic_distribution,member,False,distribution,electronic_distribution,electronic_distribution__mid,mid,376,0.8339973439575034,190983372.75,249826031.4833333,120.0,2026-06-18,475.5,943231.0,trade_group_exact,high,False,legacy_subindustry_rule,medium,official_code_fallback,157.0,cap_101_250,0.9209726443768996,86463382811.0,86.463382811,192354578.0,2026-06-10,TWSE basic issued common shares * TWSE latest close
3010.TW,3010,TWSE,華立,29,電子通路業,electronic_distribution,distribution,other_electronics,electronic_distribution,member,False,distribution,electronic_distribution,electronic_distribution__mid,mid,406,0.8207171314741035,170298975.0,204050191.90717304,120.0,2026-06-18,131.0,2725772.0,trade_group_exact,high,False,legacy_subindustry_rule,medium,official_code_fallback,303.0,cap_251_500,0.8470111448834853,33337630984.5,33.3376309845,259436817.0,2026-06-10,TWSE basic issued common shares * TWSE latest close
8070.TW,8070,TWSE,長華*,29,電子通路業,electronic_distribution,distribution,other_electronics,electronic_distribution,member,False,distribution,electronic_distribution,electronic_distribution__mid,mid,442,0.8047808764940239,140650819.39867017,169572272.79222804,120.0,2026-06-18,55.0,5677196.0,trade_group_exact,high,False,legacy_subindustry_rule,medium,official_code_fallback,263.0,cap_251_500,0.867274569402229,41797351008.0,41.797351008,725648455.0,2026-06-10,TWSE basic issued common shares * TWSE latest close
3048.TW,3048,TWSE,益登,29,電子通路業,electronic_distribution,distribution,other_electronics,electronic_distribution,member,False,distribution,electronic_distribution,electronic_distribution__mid,mid,466,0.7941567065073041,122626095.60863876,228787422.4809036,120.0,2026-06-18,73.5,10944255.0,trade_group_exact,high,False,legacy_subindustry_rule,medium,official_code_fallback,437.0,cap_251_500,0.7791286727456941,19778523900.2,19.7785239002,269829794.0,2026-06-10,TWSE basic issued common shares * TWSE latest close
3033.TW,3033,TWSE,威健,29,電子通路業,electronic_distribution,distribution,other_electronics,electronic_distribution,member,False,distribution,electronic_distribution,electronic_distribution__small_mid,small_mid,583,0.7423638778220452,78173663.36558533,152345834.79099706,120.0,2026-06-18,49.5,5290846.0,trade_group_exact,high,False,legacy_subindustry_rule,medium,official_code_fallback,374.0,cap_251_500,0.8110435663627154,24130323798.2,24.1303237982,480683741.0,2026-06-10,TWSE basic issued common shares * TWSE latest close
3055.TW,3055,TWSE,蔚華科,29,電子通路業,electronic_distribution,distribution,other_electronics,electronic_distribution,member,False,distribution,electronic_distribution,electronic_distribution__small_mid,small_mid,797,0.6476316954404604,31156596.072998047,57257186.46011051,120.0,2026-06-18,91.0999984741211,2870127.0,trade_group_exact,high,False,legacy_subindustry_rule,medium,official_code_fallback,723.0,cap_501_1000,0.6342451874366768,9427943276.0,9.427943276,114974918.0,2026-06-10,TWSE basic issued common shares * TWSE latest close
6189.TW,6189,TWSE,豐藝,29,電子通路業,electronic_distribution,distribution,other_electronics,electronic_distribution,member,False,distribution,electronic_distribution,electronic_distribution__small_mid,small_mid,809,0.6423196104471005,30152927.746318817,51537619.117260106,120.0,2026-06-18,54.900001525878906,2001900.0,trade_group_exact,high,False,legacy_subindustry_rule,medium,official_code_fallback,553.0,cap_501_1000,0.7203647416413375,14006699786.7,14.0066997867,263779657.0,2026-06-10,TWSE basic issued common shares * TWSE latest close
3209.TW,3209,TWSE,全科,29,電子通路業,electronic_distribution,distribution,other_electronics,electronic_distribution,member,False,distribution,electronic_distribution,electronic_distribution__small,small,844,0.6268260292164675,27850651.57483292,83337794.40418932,120.0,2026-06-18,62.29999923706055,2091184.0,trade_group_exact,high,False,legacy_subindustry_rule,medium,official_code_fallback,515.0,cap_501_1000,0.7396149949341438,15276888166.100002,15.276888166100004,235391189.0,2026-06-10,TWSE basic issued common shares * TWSE latest close
3312.TW,3312,TWSE,弘憶股,29,電子通路業,electronic_distribution,distribution,other_electronics,electronic_distribution,member,False,distribution,electronic_distribution,electronic_distribution__small,small,865,0.6175298804780877,26597237.056732178,65989392.350897945,120.0,2026-06-18,62.79999923706055,22784402.0,trade_group_exact,high,False,legacy_subindustry_rule,medium,official_code_fallback,662.0,cap_501_1000,0.6651469098277609,10848032811.0,10.848032811,182626815.0,2026-06-10,TWSE basic issued common shares * TWSE latest close
6776.TW,6776,TWSE,展碁國際,29,電子通路業,electronic_distribution,distribution,other_electronics,electronic_distribution,member,False,distribution,electronic_distribution,electronic_distribution__small,small,912,0.5967242142540947,22725712.5,59932484.820083365,120.0,2026-06-18,59.29999923706055,340149.0,trade_group_exact,high,False,legacy_subindustry_rule,medium,official_code_fallback,981.0,cap_501_1000,0.5035460992907801,5476569514.0,5.476569514,91581430.0,2026-06-10,TWSE basic issued common shares * TWSE latest close
3444.TWO,3444,TPEX,利機,29,電子通路業,electronic_distribution,distribution,other_electronics,electronic_distribution,member,False,distribution,electronic_distribution,electronic_distribution__small,small,1031,0.5440460380699425,16219132.61605072,38401158.311809056,120.0,2026-06-18,97.9000015258789,734603.0,trade_group_exact,high,False,legacy_subindustry_rule,medium,official_code_fallback,1131.0,cap_1001_plus,0.4275582573454913,4144212371.7,4.1442123717,44996877.0,2026-06-10,TPEX daily market value shares * close; API MarketValue retained for audit
3528.TW,3528,TWSE,安馳,29,電子通路業,electronic_distribution,distribution,other_electronics,electronic_distribution,member,False,distribution,electronic_distribution,electronic_distribution__small,small,1100,0.5135015493581231,13140271.852523804,19529879.84128497,120.0,2026-06-18,110.5,3257325.0,trade_group_exact,high,False,legacy_subindustry_rule,medium,official_code_fallback,795.0,cap_501_1000,0.5977710233029382,8196623568.0,8.196623568,66639216.0,2026-06-10,TWSE basic issued common shares * TWSE latest close
6270.TWO,6270,TPEX,倍微,29,電子通路業,electronic_distribution,distribution,other_electronics,electronic_distribution,member,False,distribution,electronic_distribution,electronic_distribution__small,small,1187,0.4749889331562638,9947334.879080772,25621598.43408493,120.0,2026-06-18,35.150001525878906,1010520.0,trade_group_exact,high,False,legacy_subindustry_rule,medium,official_code_fallback,1371.0,cap_1001_plus,0.3059777102330293,2647749355.3,2.6477493553,72145759.0,2026-06-10,TPEX daily market value shares * close; API MarketValue retained for audit
8068.TWO,8068,TPEX,全達,29,電子通路業,electronic_distribution,distribution,other_electronics,electronic_distribution,member,False,distribution,electronic_distribution,electronic_distribution__small,small,1235,0.4537405931828242,8643412.049999999,17580384.38324771,120.0,2026-06-18,19.200000762939453,337000.0,trade_group_exact,high,False,legacy_subindustry_rule,medium,official_code_fallback,1642.0,cap_1001_plus,0.168693009118541,1522438138.65,1.52243813865,80765949.0,2026-06-10,TPEX daily market value shares * close; API MarketValue retained for audit
8072.TW,8072,TWSE,陞泰,29,電子通路業,electronic_distribution,distribution,other_electronics,electronic_distribution,member,False,distribution,electronic_distribution,electronic_distribution__small,small,1386,0.3868968570163789,5736688.822860718,9816819.844892614,120.0,2026-06-18,29.399999618530277,406400.0,trade_group_exact,high,False,legacy_subindustry_rule,medium,official_code_fallback,1463.0,cap_1001_plus,0.2593718338399189,2264000000.0,2.264,80000000.0,2026-06-10,TWSE basic issued common shares * TWSE latest close
3360.TWO,3360,TPEX,尚立,29,電子通路業,electronic_distribution,distribution,other_electronics,electronic_distribution,member,False,distribution,electronic_distribution,electronic_distribution__small,small,1395,0.3829127932713589,5656975.670998573,12923651.505035724,120.0,2026-06-18,16.25,2526360.0,trade_group_exact,high,False,legacy_subindustry_rule,medium,official_code_fallback,1779.0,cap_1001_plus,0.099290780141844,1115472762.4,1.1154727623999998,76402244.0,2026-06-10,TPEX daily market value shares * close; API MarketValue retained for audit
6118.TWO,6118,TPEX,建達,29,電子通路業,electronic_distribution,distribution,other_electronics,electronic_distribution,member,False,distribution,electronic_distribution,electronic_distribution__small,small,1420,0.3718459495351925,5246199.949264526,8940936.255671483,120.0,2026-06-18,17.200000762939453,283161.0,trade_group_exact,high,False,legacy_subindustry_rule,medium,official_code_fallback,1639.0,cap_1001_plus,0.1702127659574468,1536033783.6999998,1.5360337836999998,90889573.0,2026-06-10,TPEX daily market value shares * close; API MarketValue retained for audit
8084.TWO,8084,TPEX,巨虹,29,電子通路業,electronic_distribution,distribution,other_electronics,electronic_distribution,member,False,distribution,electronic_distribution,electronic_distribution__small,small,1425,0.3696325807879592,5200225.033950806,8310560.571470928,120.0,2026-06-18,47.20000076293945,148000.0,trade_group_exact,high,False,legacy_subindustry_rule,medium,official_code_fallback,1247.0,cap_1001_plus,0.3687943262411347,3294970662.6,3.2949706626,69514149.0,2026-06-10,TPEX daily market value shares * close; API MarketValue retained for audit
2414.TW,2414,TWSE,精技,29,電子通路業,electronic_distribution,distribution,other_electronics,electronic_distribution,member,False,distribution,electronic_distribution,electronic_distribution__small,small,1461,0.3536963258078796,4771866.889188767,6934254.944763247,120.0,2026-06-18,62.79999923706055,675156.0,trade_group_exact,high,False,legacy_subindustry_rule,medium,official_code_fallback,730.0,cap_501_1000,0.6306990881458967,9299811145.0,9.299811145,161735846.0,2026-06-10,TWSE basic issued common shares * TWSE latest close
6281.TW,6281,TWSE,全國電,29,電子通路業,electronic_distribution,distribution,other_electronics,electronic_distribution,member,False,distribution,electronic_distribution,electronic_distribution__small,small,1467,0.3510402833111996,4684374.057235718,5382781.151574803,120.0,2026-06-18,51.5,84010.0,trade_group_exact,high,False,legacy_subindustry_rule,medium,official_code_fallback,1015.0,cap_1001_plus,0.486322188449848,5107406667.5,5.1074066675,99172945.0,2026-06-10,TWSE basic issued common shares * TWSE latest close
6113.TWO,6113,TPEX,亞矽,29,電子通路業,electronic_distribution,distribution,other_electronics,electronic_distribution,member,False,distribution,electronic_distribution,electronic_distribution__small,small,1470,0.3497122620628596,4628050.039291383,15672828.725218484,120.0,2026-06-18,28.399999618530277,568447.0,trade_group_exact,high,False,legacy_subindustry_rule,medium,official_code_fallback,1677.0,cap_1001_plus,0.1509625126646403,1379423193.75,1.37942319375,52549455.0,2026-06-10,TPEX daily market value shares * close; API MarketValue retained for audit
2459.TW,2459,TWSE,敦吉,31,其他電子業,electronic_distribution,distribution,other_electronics,electronic_distribution,member,False,distribution,electronic_distribution,electronic_distribution__small,small,1543,0.3173970783532537,3787741.331298828,5236718.312385496,120.0,2026-06-18,64.4000015258789,212733.0,trade_group_exact,high,False,legacy_subindustry_rule,medium,exact_symbol,846.0,cap_501_1000,0.5719351570415401,7296656996.499999,7.296656996499999,105595615.0,2026-06-10,TWSE basic issued common shares * TWSE latest close
8032.TWO,8032,TPEX,光菱,29,電子通路業,electronic_distribution,distribution,other_electronics,electronic_distribution,member,False,distribution,electronic_distribution,electronic_distribution__small,small,1682,0.2558654271801682,2528385.775177002,4725357.096124712,120.0,2026-06-18,47.59999847412109,326000.0,trade_group_exact,high,False,legacy_subindustry_rule,medium,official_code_fallback,1460.0,cap_1001_plus,0.2608915906788247,2271881655.0,2.271881655,51810300.0,2026-06-10,TPEX daily market value shares * close; API MarketValue retained for audit
3224.TWO,3224,TPEX,三顧,29,電子通路業,electronic_distribution,distribution,other_electronics,electronic_distribution,member,False,distribution,electronic_distribution,electronic_distribution__small,small,1690,0.2523240371845949,2472239.942176819,7258496.109647007,120.0,2026-06-18,38.34999847412109,52001.0,trade_group_exact,high,False,legacy_subindustry_rule,medium,official_code_fallback,1319.0,cap_1001_plus,0.3323201621073961,2884570711.2,2.8845707112,78172648.0,2026-06-10,TPEX daily market value shares * close; API MarketValue retained for audit
6908.TW,6908,TWSE,宏碁遊戲-創,29,電子通路業,electronic_distribution,distribution,other_electronics,electronic_distribution,member,False,distribution,electronic_distribution,electronic_distribution__small,small,1856,0.1788401947764497,1405739.3454895015,2679745.970753697,35.0,2026-06-18,38.75,4062.0,trade_group_exact,high,False,legacy_subindustry_rule,medium,official_code_fallback,1651.0,cap_1001_plus,0.1641337386018236,1464892000.0,1.464892,37180000.0,2026-06-10,TWSE basic issued common shares * TWSE latest close
6474.TWO,6474,TPEX,華豫寧,29,電子通路業,electronic_distribution,distribution,other_electronics,electronic_distribution,member,False,distribution,electronic_distribution,electronic_distribution__small,small,1859,0.1775121735281097,1387307.4853897097,2119976.269024608,120.0,2026-06-18,37.900001525878906,102007.0,trade_group_exact,high,False,legacy_subindustry_rule,medium,official_code_fallback,1547.0,cap_1001_plus,0.2168186423505572,1948721982.9,1.9487219829,52526199.0,2026-06-10,TPEX daily market value shares * close; API MarketValue retained for audit
2430.TW,2430,TWSE,燦坤,29,電子通路業,electronic_distribution,distribution,other_electronics,electronic_distribution,member,False,distribution,electronic_distribution,electronic_distribution__small,small,1870,0.1726427622841965,1330846.7489881518,1752884.775114155,120.0,2026-06-18,18.450000762939453,114207.0,trade_group_exact,high,False,legacy_subindustry_rule,medium,official_code_fallback,1490.0,cap_1001_plus,0.245694022289767,2166640000.0,2.16664,116800000.0,2026-06-10,TWSE basic issued common shares * TWSE latest close
3232.TWO,3232,TPEX,昱捷,29,電子通路業,electronic_distribution,distribution,other_electronics,electronic_distribution,member,False,distribution,electronic_distribution,electronic_distribution__small,small,1952,0.1363435148295706,937473.44217968,1151351.4161544356,120.0,2026-06-18,22.799999237060547,53000.0,trade_group_exact,high,False,legacy_subindustry_rule,medium,official_code_fallback,1784.0,cap_1001_plus,0.096757852077001,1094344827.5,1.0943448275,46567865.0,2026-06-10,TPEX daily market value shares * close; API MarketValue retained for audit
6154.TWO,6154,TPEX,順發,29,電子通路業,electronic_distribution,distribution,other_electronics,electronic_distribution,member,False,distribution,electronic_distribution,electronic_distribution__small,small,2172,0.0389552899513059,251687.24636936188,462763.8896625519,120.0,2026-06-18,13.800000190734863,44000.0,trade_group_exact,high,False,legacy_subindustry_rule,medium,official_code_fallback,1781.0,cap_1001_plus,0.0982776089159067,1113112000.0,1.113112,80080000.0,2026-06-10,TPEX daily market value shares * close; API MarketValue retained for audit
8067.TWO,8067,TPEX,志旭,29,電子通路業,electronic_distribution,distribution,other_electronics,electronic_distribution,member,False,distribution,electronic_distribution,electronic_distribution__small,small,2244,0.0070827799911464,54381.07611989975,133920.24758923054,120.0,2026-06-18,12.800000190734863,14000.0,trade_group_exact,high,False,legacy_subindustry_rule,medium,official_code_fallback,1971.0,cap_1001_plus,0.0020263424518743,271170000.0,0.27117,20700000.0,2026-06-10,TPEX daily market value shares * close; API MarketValue retained for audit
6188.TWO,6188,TPEX,廣明,25,電腦及週邊設備業,electronics_channel_service,distribution,other_electronics,electronics_channel_service,member,False,distribution,electronics_channel,electronics_channel__mid,mid,383,0.8308986277113767,184646476.8,298183867.59653103,120.0,2026-06-18,79.5999984741211,921471.0,trade_group_exact,high,False,legacy_subindustry_rule,medium,exact_symbol,402.0,cap_251_500,0.7968591691995948,22073861563.0,22.073861563,278358910.0,2026-06-10,TPEX daily market value shares * close; API MarketValue retained for audit
2373.TW,2373,TWSE,震旦行,31,其他電子業,office_equipment_channel,distribution,other_electronics,office_equipment_channel,member,False,distribution,office_equipment_channel,office_equipment_channel__small,small,1853,0.1801682160247897,1424601.550868988,1965748.273838234,120.0,2026-06-18,58.0,30334.0,trade_group_exact,high,False,legacy_subindustry_rule,medium,exact_symbol,568.0,cap_501_1000,0.7127659574468085,13510784029.6,13.5107840296,236202518.0,2026-06-10,TWSE basic issued common shares * TWSE latest close
2433.TW,2433,TWSE,互盛電,31,其他電子業,office_equipment_channel,distribution,other_electronics,office_equipment_channel,member,False,distribution,office_equipment_channel,office_equipment_channel__small,small,1854,0.1797255422753431,1422450.0,1618796.4932352384,120.0,2026-06-18,44.5,22001.0,trade_group_exact,high,False,legacy_subindustry_rule,medium,exact_symbol,911.0,cap_501_1000,0.5390070921985816,6314475680.700001,6.314475680700001,144496011.0,2026-06-10,TWSE basic issued common shares * TWSE latest close
2439.TW,2439,TWSE,美律,27,通信網路業,acoustic_component,electronics_component,components,component_acoustic,member,False,electronics_component,acoustic_component,acoustic_component__mid,mid,397,0.8247011952191234,175339059.14964294,218496413.75085223,120.0,2026-06-18,92.4000015258789,2458862.0,trade_group_exact,high,False,legacy_subindustry_rule,medium,exact_symbol,393.0,cap_251_500,0.801418439716312,22701219803.0,22.701219803,253644914.0,2026-06-10,TWSE basic issued common shares * TWSE latest close
2488.TW,2488,TWSE,漢平,31,其他電子業,acoustic_component,electronics_component,components,component_acoustic,member,False,electronics_component,acoustic_component,acoustic_component__small,small,1324,0.4143426294820717,6840295.407218933,8853036.00024271,120.0,2026-06-18,54.79999923706055,277500.0,trade_group_exact,high,False,legacy_subindustry_rule,medium,exact_symbol,1122.0,cap_1001_plus,0.4321175278622087,4215970119.1,4.2159701191000005,79999433.0,2026-06-10,TWSE basic issued common shares * TWSE latest close
2477.TW,2477,TWSE,美隆電,31,其他電子業,acoustic_component,electronics_component,components,component_acoustic,member,False,electronics_component,acoustic_component,acoustic_component__small,small,1497,0.3377600708277999,4303157.772016525,6985231.256265116,120.0,2026-06-18,21.899999618530277,123343.0,trade_group_exact,high,False,legacy_subindustry_rule,medium,exact_symbol,1220.0,cap_1001_plus,0.3824721377912867,3472754043.6,3.4727540436,158573244.0,2026-06-10,TWSE basic issued common shares * TWSE latest close
2328.TW,2328,TWSE,廣宇,28,電子零組件業,cable_harness,electronics_component,components,component_connector_cable,member,False,electronics_component,cable_harness,cable_harness__mid,mid,347,0.8468348826914565,219419031.20012283,321385150.92874044,120.0,2026-06-18,53.400001525878906,5413333.0,trade_group_exact,high,False,legacy_subindustry_rule,medium,exact_symbol,347.0,cap_251_500,0.8247213779128673,26591164266.6,26.5911642666,518346282.0,2026-06-10,TWSE basic issued common shares * TWSE latest close
2413.TW,2413,TWSE,環科,28,電子零組件業,cable_harness,electronics_component,components,component_cable_harness,member,False,electronics_component,cable_harness,cable_harness__mid,mid,398,0.8242585214696768,174090410.36046982,303745798.19901943,120.0,2026-06-18,56.5,3219064.0,trade_group_exact,high,False,legacy_subindustry_rule,medium,exact_symbol,822.0,cap_501_1000,0.5840932117527862,7590608320.0,7.59060832,127359200.0,2026-06-10,TWSE basic issued common shares * TWSE latest close
3092.TW,3092,TWSE,鴻碩,28,電子零組件業,cable_harness,electronics_component,components,component_connector_cable,member,False,electronics_component,cable_harness,cable_harness__small,small,931,0.5883134130146082,21320395.528661728,38242736.49166976,120.0,2026-06-18,31.299999237060547,2095819.0,trade_group_exact,high,False,legacy_subindustry_rule,medium,exact_symbol,1293.0,cap_1001_plus,0.3454913880445796,3039503625.0,3.039503625,106649250.0,2026-06-10,TWSE basic issued common shares * TWSE latest close
2460.TW,2460,TWSE,建通,28,電子零組件業,cable_harness,electronics_component,components,component_connector_cable,member,False,electronics_component,cable_harness,cable_harness__small,small,1188,0.4745462594068171,9920096.42978859,29908969.462356288,120.0,2026-06-18,34.79999923706055,1962432.0,trade_group_exact,high,False,legacy_subindustry_rule,medium,exact_symbol,1001.0,cap_1001_plus,0.4934143870314083,5253660000.0,5.25366,169200000.0,2026-06-10,TWSE basic issued common shares * TWSE latest close
3011.TW,3011,TWSE,今皓,28,電子零組件業,cable_harness,electronics_component,components,component_connector_cable,member,False,electronics_component,cable_harness,cable_harness__small,small,1192,0.4727755644090305,9621937.291731834,14314463.684908278,120.0,2026-06-18,14.550000190734863,1026457.0,trade_group_exact,high,False,legacy_subindustry_rule,medium,exact_symbol,1573.0,cap_1001_plus,0.2036474164133738,1807931871.45,1.80793187145,129600851.0,2026-06-10,TWSE basic issued common shares * TWSE latest close
2462.TW,2462,TWSE,良得電,28,電子零組件業,cable_harness,electronics_component,components,component_connector_cable,member,False,electronics_component,cable_harness,cable_harness__small,small,1339,0.4077025232403718,6643734.318603516,13838117.946778122,120.0,2026-06-18,25.450000762939453,999342.0,trade_group_exact,high,False,legacy_subindustry_rule,medium,exact_symbol,1155.0,cap_1001_plus,0.4154002026342451,3912857307.9,3.9128573079,150784482.0,2026-06-10,TWSE basic issued common shares * TWSE latest close
2440.TW,2440,TWSE,太空梭,28,電子零組件業,cable_harness,electronics_component,components,component_cable_harness,member,False,electronics_component,cable_harness,cable_harness__small,small,1532,0.3222664895971668,3917191.15397644,8297400.330683549,120.0,2026-06-18,16.950000762939453,475030.0,trade_group_exact,high,False,legacy_subindustry_rule,medium,exact_symbol,1443.0,cap_1001_plus,0.2695035460992907,2371949470.55,2.37194947055,139117271.0,2026-06-10,TWSE basic issued common shares * TWSE latest close
3021.TW,3021,TWSE,鴻名,28,電子零組件業,cable_harness,electronics_component,components,component_connector_cable,member,False,electronics_component,cable_harness,cable_harness__small,small,1850,0.1814962372731297,1435759.0824604034,2175749.5858442066,120.0,2026-06-18,31.0,1764660.0,trade_group_exact,high,False,legacy_subindustry_rule,medium,exact_symbol,1392.0,cap_1001_plus,0.2953394123606889,2562030000.0,2.56203,94890000.0,2026-06-10,TWSE basic issued common shares * TWSE latest close
1608.TW,1608,TWSE,華榮,6,電器電纜,cable_wire,materials,traditional,cable,member,False,electronics_component,cable_wire,cable_wire__mid,mid,408,0.8198317839752103,166972860.7808075,317144374.0738638,120.0,2026-06-18,34.650001525878906,3227368.0,trade_group_exact,high,False,legacy_subindustry_rule,medium,official_code_fallback,415.0,cap_251_500,0.790273556231003,21292828476.9,21.2928284769,632773506.0,2026-06-10,TWSE basic issued common shares * TWSE latest close
1609.TW,1609,TWSE,大亞,6,電器電纜,cable_wire,materials,traditional,cable,member,False,electronics_component,cable_wire,cable_wire__mid,mid,419,0.814962372731297,154094442.93458748,275644233.5675391,120.0,2026-06-18,38.150001525878906,5462596.0,trade_group_exact,high,False,legacy_subindustry_rule,medium,official_code_fallback,328.0,cap_251_500,0.8343465045592705,28779850247.6,28.7798502476,785261944.0,2026-06-10,TWSE basic issued common shares * TWSE latest close
1623.TW,1623,TWSE,大東電,6,電器電纜,cable_wire,materials,traditional,cable,member,False,electronics_component,cable_wire,cable_wire__small_mid,small_mid,674,0.7020805666223993,51740902.5,117919409.21527778,72.0,2026-06-18,220.0,160249.0,trade_group_exact,high,False,legacy_subindustry_rule,medium,official_code_fallback,545.0,cap_501_1000,0.7244174265450861,14223000000.0,14.223,66000000.0,2026-06-10,TWSE basic issued common shares * TWSE latest close
1612.TW,1612,TWSE,宏泰,6,電器電纜,cable_wire,materials,traditional,cable,member,False,electronics_component,cable_wire,cable_wire__small,small,869,0.6157591854803011,26075788.657188416,42227010.89564174,120.0,2026-06-18,38.29999923706055,1191162.0,trade_group_exact,high,False,legacy_subindustry_rule,medium,official_code_fallback,629.0,cap_501_1000,0.6818642350557245,11805590353.05,11.80559035305,316080063.0,2026-06-10,TWSE basic issued common shares * TWSE latest close
1616.TW,1616,TWSE,億泰,6,電器電纜,cable_wire,materials,traditional,cable,member,False,electronics_component,cable_wire,cable_wire__small,small,887,0.6077910579902612,24587931.792764664,31280144.776529312,120.0,2026-06-18,22.149999618530277,702441.0,trade_group_exact,high,False,legacy_subindustry_rule,medium,official_code_fallback,1107.0,cap_1001_plus,0.4397163120567375,4300389607.25,4.30038960725,194148515.0,2026-06-10,TWSE basic issued common shares * TWSE latest close
1603.TW,1603,TWSE,華電,6,電器電纜,cable_wire,materials,traditional,cable,member,False,electronics_component,cable_wire,cable_wire__small,small,1039,0.5405046480743692,15918509.041608812,21198918.299228653,120.0,2026-06-18,31.700000762939453,313000.0,trade_group_exact,high,False,legacy_subindustry_rule,medium,official_code_fallback,939.0,cap_501_1000,0.524822695035461,6057340800.0,6.0573408,191688000.0,2026-06-10,TWSE basic issued common shares * TWSE latest close
1611.TW,1611,TWSE,中電,6,電器電纜,cable_wire,materials,traditional,cable,member,False,electronics_component,cable_wire,cable_wire__small,small,1314,0.4187693669765383,7000641.951106072,10247994.768633803,120.0,2026-06-18,13.0,1273333.0,trade_group_exact,high,False,legacy_subindustry_rule,medium,official_code_fallback,1097.0,cap_1001_plus,0.4447821681864234,4373069304.1,4.3730693041,322735742.0,2026-06-10,TWSE basic issued common shares * TWSE latest close
1604.TW,1604,TWSE,聲寶,6,電器電纜,cable_wire,materials,traditional,cable,member,False,electronics_component,cable_wire,cable_wire__small,small,1406,0.3780433820274458,5464846.8384075165,7378204.73675572,120.0,2026-06-18,23.149999618530277,387463.0,trade_group_exact,high,False,legacy_subindustry_rule,medium,official_code_fallback,752.0,cap_501_1000,0.6195542046605876,8951860000.0,8.95186,384200000.0,2026-06-10,TWSE basic issued common shares * TWSE latest close
1615.TW,1615,TWSE,大山,6,電器電纜,cable_wire,materials,traditional,cable,member,False,electronics_component,cable_wire,cable_wire__small,small,1424,0.370075254537406,5201927.644664764,6225036.202396997,120.0,2026-06-18,45.20000076293945,136968.0,trade_group_exact,high,False,legacy_subindustry_rule,medium,official_code_fallback,762.0,cap_501_1000,0.6144883485309017,8771201109.2,8.771201109200002,196663702.0,2026-06-10,TWSE basic issued common shares * TWSE latest close
5283.TW,5283,TWSE,禾聯碩,6,電器電纜,cable_wire,materials,traditional,cable,member,False,electronics_component,cable_wire,cable_wire__small,small,1462,0.3532536520584329,4769358.236698151,5216517.183929793,120.0,2026-06-18,54.5,256694.0,trade_group_exact,high,False,legacy_subindustry_rule,medium,official_code_fallback,1073.0,cap_1001_plus,0.4569402228976696,4546466469.0,4.546466469,87600510.0,2026-06-10,TWSE basic issued common shares * TWSE latest close
2061.TWO,2061,TPEX,風青,6,電器電纜,cable_wire,materials,traditional,cable,member,False,electronics_component,cable_wire,cable_wire__small,small,1652,0.2691456396635679,2774771.9333810806,6933358.332261452,120.0,2026-06-18,52.79999923706055,6586000.0,trade_group_exact,high,False,legacy_subindustry_rule,medium,official_code_fallback,1509.0,cap_1001_plus,0.2360688956433637,2100036703.2,2.1000367032,57378052.0,2026-06-10,TPEX daily market value shares * close; API MarketValue retained for audit
1617.TW,1617,TWSE,榮星,6,電器電纜,cable_wire,materials,traditional,cable,member,False,electronics_component,cable_wire,cable_wire__small,small,1781,0.212040725984949,1818037.4874019625,3887468.1917155343,120.0,2026-06-18,16.200000762939453,171010.0,trade_group_exact,high,False,legacy_subindustry_rule,medium,official_code_fallback,1349.0,cap_1001_plus,0.3171225937183384,2737662404.9999995,2.737662405,169514700.0,2026-06-10,TWSE basic issued common shares * TWSE latest close
1614.TW,1614,TWSE,三洋電,6,電器電纜,cable_wire,materials,traditional,cable,member,False,electronics_component,cable_wire,cable_wire__small,small,1815,0.1969898185037627,1616685.7320594788,1905443.011733834,120.0,2026-06-18,31.899999618530277,50100.0,trade_group_exact,high,False,legacy_subindustry_rule,medium,official_code_fallback,774.0,cap_501_1000,0.6084093211752786,8490527959.3,8.4905279593,269113406.0,2026-06-10,TWSE basic issued common shares * TWSE latest close
1626.TW,1626,TWSE,艾美特-KY,6,電器電纜,cable_wire,materials,traditional,cable,member,False,electronics_component,cable_wire,cable_wire__small,small,1940,0.1416555998229305,1010071.8096199036,1708017.0770223695,120.0,2026-06-18,9.970000267028809,303086.0,trade_group_exact,high,False,legacy_subindustry_rule,medium,official_code_fallback,1647.0,cap_1001_plus,0.166160081053698,1495220775.5800002,1.4952207755800002,149821721.0,2026-06-10,TWSE basic issued common shares * TWSE latest close
4930.TW,4930,TWSE,燦星網,6,電器電纜,cable_wire,materials,traditional,cable,member,False,electronics_component,cable_wire,cable_wire__small,small,1963,0.1314741035856573,884971.9903316498,1118076.7690493425,120.0,2026-06-18,17.350000381469727,101279.0,trade_group_exact,high,False,legacy_subindustry_rule,medium,official_code_fallback,1676.0,cap_1001_plus,0.1514690982776089,1384000000.0,1.384,80000000.0,2026-06-10,TWSE basic issued common shares * TWSE latest close
1815.TWO,1815,TPEX,富喬,28,電子零組件業,electronic_component_general,electronics_component,components,component_general,member,False,electronics_component,component_general,component_general__large,large,27,0.9884904825143868,6010680170.0,7421294423.936218,120.0,2026-06-18,98.0999984741211,21501870.0,trade_group_exact,high,True,legacy_subindustry_rule,medium,official_code_fallback,220.0,cap_101_250,0.8890577507598785,53516024111.8,53.5160241118,585514487.0,2026-06-10,TPEX daily market value shares * close; API MarketValue retained for audit
3715.TW,3715,TWSE,定穎投控,28,電子零組件業,electronic_component_general,electronics_component,components,component_general,member,False,electronics_component,component_general,component_general__large,large,37,0.9840637450199204,4421143418.5,5479441626.868791,120.0,2026-06-18,179.0,10963992.0,trade_group_exact,high,True,legacy_subindustry_rule,medium,official_code_fallback,249.0,cap_101_250,0.8743667679837892,46080869900.0,46.0808699,283574584.0,2026-06-10,TWSE basic issued common shares * TWSE latest close
4958.TW,4958,TWSE,臻鼎-KY,28,電子零組件業,electronic_component_general,electronics_component,components,component_general,member,False,electronics_component,component_general,component_general__large,large,42,0.981850376272687,3844479828.0,6084709323.508333,120.0,2026-06-18,642.0,52039171.0,trade_group_exact,high,True,legacy_subindustry_rule,medium,official_code_fallback,34.0,cap_001_050,0.9832826747720363,541869269210.0,541.86926921,1079420855.0,2026-06-10,TWSE basic issued common shares * TWSE latest close
6805.TW,6805,TWSE,富世達,28,電子零組件業,electronic_component_general,electronics_component,components,component_general,member,False,electronics_component,component_general,component_general__large,large,48,0.9791943337760072,3213644487.5,3641454294.4166665,120.0,2026-06-18,1755.0,814870.0,trade_group_exact,high,True,legacy_subindustry_rule,medium,official_code_fallback,120.0,cap_101_250,0.9397163120567376,120312087480.0,120.31208748,68553896.0,2026-06-10,TWSE basic issued common shares * TWSE latest close
6781.TW,6781,TWSE,AES-KY,28,電子零組件業,electronic_component_general,electronics_component,components,component_general,member,False,electronics_component,component_general,component_general__mid_large,mid_large,86,0.962372731297034,1643999970.0,2021853957.75,120.0,2026-06-18,1180.0,1084869.0,trade_group_exact,high,True,legacy_subindustry_rule,medium,official_code_fallback,153.0,cap_101_250,0.922998986828774,92252282400.0,92.2522824,85418780.0,2026-06-10,TWSE basic issued common shares * TWSE latest close
4989.TW,4989,TWSE,榮科,28,電子零組件業,electronic_component_general,electronics_component,components,component_general,member,False,electronics_component,component_general,component_general__mid_large,mid_large,146,0.9358123063302346,871373572.8767796,1411102180.177784,120.0,2026-06-18,85.5,5842846.0,trade_group_exact,high,True,legacy_subindustry_rule,medium,official_code_fallback,646.0,cap_501_1000,0.6732522796352584,11311450650.0,11.31145065,137776500.0,2026-06-10,TWSE basic issued common shares * TWSE latest close
2467.TW,2467,TWSE,志聖,28,電子零組件業,electronic_component_general,electronics_component,components,component_general,member,False,electronics_component,component_general,component_general__mid_large,mid_large,185,0.918548030101815,611190962.25,1033284750.0791668,120.0,2026-06-18,599.0,1574494.0,trade_group_exact,high,True,legacy_subindustry_rule,medium,official_code_fallback,160.0,cap_101_250,0.919452887537994,84647887920.0,84.64788792,156755348.0,2026-06-10,TWSE basic issued common shares * TWSE latest close
5475.TWO,5475,TPEX,德宏,28,電子零組件業,electronic_component_general,electronics_component,components,component_general,member,False,electronics_component,component_general,component_general__mid_large,mid_large,190,0.9163346613545816,577260299.442894,749373508.8004314,120.0,2026-06-18,252.0,1836343.0,trade_group_exact,high,True,legacy_subindustry_rule,medium,official_code_fallback,312.0,cap_251_500,0.8424518743667679,31146119165.0,31.146119165,127127017.0,2026-06-10,TPEX daily market value shares * close; API MarketValue retained for audit
5498.TWO,5498,TPEX,凱崴,28,電子零組件業,electronic_component_general,electronics_component,components,component_general,member,False,electronics_component,component_general,component_general__mid_large,mid_large,205,0.9096945551128818,540578701.0607452,990160086.6222856,120.0,2026-06-18,67.0999984741211,4354458.0,trade_group_exact,high,True,legacy_subindustry_rule,medium,official_code_fallback,632.0,cap_501_1000,0.6803444782168186,11748396681.5,11.7483966815,193548545.0,2026-06-10,TPEX daily market value shares * close; API MarketValue retained for audit
3357.TWO,3357,TPEX,臺慶科,28,電子零組件業,electronic_component_general,electronics_component,components,component_general,member,False,electronics_component,component_general,component_general__mid,mid,229,0.899070385126162,440960424.75,522838750.26666665,120.0,2026-06-18,348.0,10035329.0,trade_group_exact,high,True,legacy_subindustry_rule,medium,official_code_fallback,299.0,cap_251_500,0.8490374873353597,33963874930.5,33.9638749305,114936971.0,2026-06-10,TPEX daily market value shares * close; API MarketValue retained for audit
3689.TWO,3689,TPEX,湧德,28,電子零組件業,electronic_component_general,electronics_component,components,component_general,member,False,electronics_component,component_general,component_general__mid,mid,252,0.8888888888888888,393967161.0,631721233.4378273,120.0,2026-06-18,121.0,1546665.0,trade_group_exact,high,True,legacy_subindustry_rule,medium,official_code_fallback,681.0,cap_501_1000,0.6555217831813577,10279963965.0,10.279963965,89390991.0,2026-06-10,TPEX daily market value shares * close; API MarketValue retained for audit
8155.TWO,8155,TPEX,博智,28,電子零組件業,electronic_component_general,electronics_component,components,component_general,member,False,electronics_component,component_general,component_general__mid,mid,255,0.8875608676405489,389862342.0,723736844.5375,120.0,2026-06-18,404.5,1060192.0,trade_group_exact,high,True,legacy_subindustry_rule,medium,official_code_fallback,408.0,cap_251_500,0.7938196555217831,21869038730.0,21.86903873,61602926.0,2026-06-10,TPEX daily market value shares * close; API MarketValue retained for audit
6127.TWO,6127,TPEX,九豪,28,電子零組件業,electronic_component_general,electronics_component,components,component_general,member,False,electronics_component,component_general,component_general__mid,mid,258,0.8862328463922089,382401813.155159,537106522.0336412,120.0,2026-06-18,84.4000015258789,7127868.0,trade_group_exact,high,True,legacy_subindustry_rule,medium,official_code_fallback,788.0,cap_501_1000,0.6013171225937184,8322140827.0,8.322140827,108079751.0,2026-06-10,TPEX daily market value shares * close; API MarketValue retained for audit
6584.TWO,6584,TPEX,南俊國際,28,電子零組件業,electronic_component_general,electronics_component,components,component_general,member,False,electronics_component,component_general,component_general__mid,mid,263,0.8840194776449757,375439938.25,620485503.1,120.0,2026-06-18,625.0,459411.0,trade_group_exact,high,True,legacy_subindustry_rule,medium,official_code_fallback,260.0,cap_251_500,0.8687943262411347,42626237520.0,42.62623752,70925520.0,2026-06-10,TPEX daily market value shares * close; API MarketValue retained for audit
6217.TWO,6217,TPEX,中探針,28,電子零組件業,electronic_component_general,electronics_component,components,component_general,member,False,electronics_component,component_general,component_general__mid,mid,273,0.879592740150509,344767940.5071907,780637007.5642581,120.0,2026-06-18,247.0,5268640.0,trade_group_exact,high,True,legacy_subindustry_rule,medium,official_code_fallback,341.0,cap_251_500,0.8277608915906789,27309934194.0,27.309934194,117210018.0,2026-06-10,TPEX daily market value shares * close; API MarketValue retained for audit
8074.TWO,8074,TPEX,鉅橡,28,電子零組件業,electronic_component_general,electronics_component,components,component_general,member,False,electronics_component,component_general,component_general__mid,mid,284,0.8747233289065959,326526718.0,533146755.132159,120.0,2026-06-18,73.9000015258789,1416317.0,trade_group_exact,high,True,legacy_subindustry_rule,medium,official_code_fallback,925.0,cap_501_1000,0.5319148936170213,6183884532.599999,6.1838845326,86974466.0,2026-06-10,TPEX daily market value shares * close; API MarketValue retained for audit
3645.TW,3645,TWSE,達邁,28,電子零組件業,electronic_component_general,electronics_component,components,component_general,member,False,electronics_component,component_general,component_general__mid,mid,352,0.8446215139442231,212754945.2565041,613719528.4712337,120.0,2026-06-18,94.3000030517578,2261432.0,trade_group_exact,high,True,legacy_subindustry_rule,medium,official_code_fallback,609.0,cap_501_1000,0.6919959473150963,12307878630.0,12.30787863,136754207.0,2026-06-10,TWSE basic issued common shares * TWSE latest close
8042.TWO,8042,TPEX,金山電,28,電子零組件業,electronic_component_general,electronics_component,components,component_general,member,False,electronics_component,component_general,component_general__mid,mid,353,0.8441788401947765,212556889.94063377,489914212.6368672,120.0,2026-06-18,195.0,1824500.0,trade_group_exact,high,True,legacy_subindustry_rule,medium,official_code_fallback,459.0,cap_251_500,0.767983789260385,18316493469.0,18.316493469,129904209.0,2026-06-10,TPEX daily market value shares * close; API MarketValue retained for audit
3624.TWO,3624,TPEX,光頡,28,電子零組件業,electronic_component_general,electronics_component,components,component_general,member,False,electronics_component,component_general,component_general__mid,mid,354,0.8437361664453298,212465480.67051315,378953436.3834543,120.0,2026-06-18,160.5,3608981.0,trade_group_exact,high,True,legacy_subindustry_rule,medium,official_code_fallback,571.0,cap_501_1000,0.7112462006079028,13318185567.0,13.318185567,117340842.0,2026-06-10,TPEX daily market value shares * close; API MarketValue retained for audit
6664.TWO,6664,TPEX,群翊,28,電子零組件業,electronic_component_general,electronics_component,components,component_general,member,False,electronics_component,component_general,component_general__mid,mid,377,0.8335546702080566,189855390.5,408354190.775,120.0,2026-06-18,384.5,396008.0,trade_group_exact,high,True,legacy_subindustry_rule,medium,official_code_fallback,398.0,cap_251_500,0.798885511651469,22357107622.5,22.3571076225,60835667.0,2026-06-10,TPEX daily market value shares * close; API MarketValue retained for audit
4915.TW,4915,TWSE,致伸,28,電子零組件業,electronic_component_general,electronics_component,components,component_general,member,False,electronics_component,component_general,component_general__mid,mid,380,0.8322266489597167,185460948.1601715,217004788.3404306,120.0,2026-06-18,75.9000015258789,4485600.0,trade_group_exact,high,True,legacy_subindustry_rule,medium,official_code_fallback,289.0,cap_251_500,0.8541033434650456,35579814129.600006,35.5798141296,471880824.0,2026-06-10,TWSE basic issued common shares * TWSE latest close
4939.TWO,4939,TPEX,亞電,28,電子零組件業,electronic_component_general,electronics_component,components,component_general,member,False,electronics_component,component_general,component_general__mid,mid,399,0.8238158477202302,173784394.78471756,371516080.6593483,120.0,2026-06-18,64.9000015258789,5074498.0,trade_group_exact,high,True,legacy_subindustry_rule,medium,official_code_fallback,951.0,cap_501_1000,0.5187436676798378,5901872166.8,5.9018721668000005,98200868.0,2026-06-10,TPEX daily market value shares * close; API MarketValue retained for audit
5328.TWO,5328,TPEX,華容,28,電子零組件業,electronic_component_general,electronics_component,components,component_general,member,False,electronics_component,component_general,component_general__mid,mid,401,0.8229305002213368,172038084.189785,271833803.87726134,120.0,2026-06-18,56.5,42923365.0,trade_group_exact,high,True,legacy_subindustry_rule,medium,official_code_fallback,814.0,cap_501_1000,0.5881458966565349,7746075971.400001,7.746075971400001,172710724.0,2026-06-10,TPEX daily market value shares * close; API MarketValue retained for audit
7795.TW,7795,TWSE,長廣,28,電子零組件業,electronic_component_general,electronics_component,components,component_general,member,False,electronics_component,component_general,component_general__mid,mid,414,0.8171757414785303,159061197.75,276245711.5,120.0,2026-06-18,410.0,325323.0,trade_group_exact,high,True,legacy_subindustry_rule,medium,official_code_fallback,334.0,cap_251_500,0.831306990881459,28220603000.0,28.220603,78828500.0,2026-06-10,TWSE basic issued common shares * TWSE latest close
3236.TWO,3236,TPEX,千如,28,電子零組件業,electronic_component_general,electronics_component,components,component_general,member,False,electronics_component,component_general,component_general__mid,mid,438,0.8065515714918106,142359203.01766586,208935324.54067224,120.0,2026-06-18,71.0,25340120.0,trade_group_exact,high,True,legacy_subindustry_rule,medium,official_code_fallback,979.0,cap_501_1000,0.5045592705167173,5491532059.9,5.4915320599,105000613.0,2026-06-10,TPEX daily market value shares * close; API MarketValue retained for audit
6727.TWO,6727,TPEX,亞泰金屬,28,電子零組件業,electronic_component_general,electronics_component,components,component_general,member,False,electronics_component,component_general,component_general__mid,mid,443,0.8043382027445772,139305203.5,383648584.775,120.0,2026-06-18,449.0,1337271.0,trade_group_exact,high,True,legacy_subindustry_rule,medium,official_code_fallback,645.0,cap_501_1000,0.6737588652482269,11358564782.5,11.3585647825,26884177.0,2026-06-10,TPEX daily market value shares * close; API MarketValue retained for audit
6284.TWO,6284,TPEX,佳邦,28,電子零組件業,electronic_component_general,electronics_component,components,component_general,member,False,electronics_component,component_general,component_general__mid,mid,485,0.7857459052678176,117186504.07722856,167467550.6851077,120.0,2026-06-18,106.0,9358337.0,trade_group_exact,high,True,legacy_subindustry_rule,medium,official_code_fallback,536.0,cap_501_1000,0.7289766970618035,14600073418.0,14.600073418,148980341.0,2026-06-10,TPEX daily market value shares * close; API MarketValue retained for audit
6761.TWO,6761,TPEX,穩得,28,電子零組件業,electronic_component_general,electronics_component,components,component_general,member,False,electronics_component,component_general,component_general__mid,mid,504,0.7773351040283312,110319753.0,199129334.8875,120.0,2026-06-18,204.0,637004.0,trade_group_exact,high,True,legacy_subindustry_rule,medium,official_code_fallback,871.0,cap_501_1000,0.5592705167173253,6991173400.0,6.9911734,34955867.0,2026-06-10,TPEX daily market value shares * close; API MarketValue retained for audit
3217.TWO,3217,TPEX,優群,28,電子零組件業,electronic_component_general,electronics_component,components,component_general,member,False,electronics_component,component_general,component_general__mid,mid,512,0.7737937140327579,107496175.75,166183972.80833334,120.0,2026-06-18,170.0,566060.0,trade_group_exact,high,True,legacy_subindustry_rule,medium,official_code_fallback,514.0,cap_501_1000,0.7401215805471124,15407818713.0,15.407818713,90104203.0,2026-06-10,TPEX daily market value shares * close; API MarketValue retained for audit
6862.TW,6862,TWSE,三集瑞-KY,28,電子零組件業,electronic_component_general,electronics_component,components,component_general,member,False,electronics_component,component_general,component_general__small_mid,small_mid,568,0.749003984063745,84518030.0,128166304.47083332,120.0,2026-06-18,227.0,1072008.0,trade_group_exact,high,True,legacy_subindustry_rule,medium,official_code_fallback,707.0,cap_501_1000,0.6423505572441743,9725000000.0,9.725,50000000.0,2026-06-10,TWSE basic issued common shares * TWSE latest close
3078.TWO,3078,TPEX,僑威,28,電子零組件業,electronic_component_general,electronics_component,components,component_general,member,False,electronics_component,component_general,component_general__small_mid,small_mid,612,0.7295263390880921,68618880.66424942,86051607.47003762,120.0,2026-06-18,55.29999923706055,788066.0,trade_group_exact,high,True,legacy_subindustry_rule,medium,official_code_fallback,608.0,cap_501_1000,0.6925025329280649,12347334775.2,12.347334775199998,227391064.0,2026-06-10,TPEX daily market value shares * close; API MarketValue retained for audit
7744.TWO,7744,TPEX,崴寶,28,電子零組件業,electronic_component_general,electronics_component,components,component_general,member,False,electronics_component,component_general,component_general__small_mid,small_mid,642,0.7162461266046923,59406117.25,77773584.65,120.0,2026-06-18,483.0,52010.0,trade_group_exact,high,True,legacy_subindustry_rule,medium,official_code_fallback,512.0,cap_501_1000,0.7411347517730497,15488000000.0,15.488,32000000.0,2026-06-10,TPEX daily market value shares * close; API MarketValue retained for audit
6279.TWO,6279,TPEX,胡連,28,電子零組件業,electronic_component_general,electronics_component,components,component_general,member,False,electronics_component,component_general,component_general__small_mid,small_mid,680,0.6994245241257193,50906625.0,104260054.3375,120.0,2026-06-18,120.5,757395.0,trade_group_exact,high,True,legacy_subindustry_rule,medium,official_code_fallback,542.0,cap_501_1000,0.7259371833839918,14281888320.0,14.28188832,119015736.0,2026-06-10,TPEX daily market value shares * close; API MarketValue retained for audit
7788.TW,7788,TWSE,松川精密,28,電子零組件業,electronic_component_general,electronics_component,components,component_general,member,False,electronics_component,component_general,component_general__small_mid,small_mid,692,0.6941124391323594,47457726.5,66582312.4,120.0,2026-06-18,292.0,3557240.0,trade_group_exact,high,True,legacy_subindustry_rule,medium,official_code_fallback,424.0,cap_251_500,0.7857142857142857,20614339190.5,20.6143391905,79745993.0,2026-06-10,TWSE basic issued common shares * TWSE latest close
6133.TW,6133,TWSE,金橋,28,電子零組件業,electronic_component_general,electronics_component,components,component_general,member,False,electronics_component,component_general,component_general__small_mid,small_mid,697,0.6918990703851262,46224300.00208378,94074573.05304052,120.0,2026-06-18,23.049999237060547,878000.0,trade_group_exact,high,True,legacy_subindustry_rule,medium,official_code_fallback,1367.0,cap_1001_plus,0.3080040526849037,2661893188.5,2.6618931885,117006294.0,2026-06-10,TWSE basic issued common shares * TWSE latest close
5291.TWO,5291,TPEX,邑昇,28,電子零組件業,electronic_component_general,electronics_component,components,component_general,member,False,electronics_component,component_general,component_general__small_mid,small_mid,701,0.6901283753873395,45471700.0,116675158.1058991,120.0,2026-06-18,65.30000305175781,310000.0,trade_group_exact,high,True,legacy_subindustry_rule,medium,official_code_fallback,1379.0,cap_1001_plus,0.3019250253292806,2624801874.8,2.6248018748,39890606.0,2026-06-10,TPEX daily market value shares * close; API MarketValue retained for audit
6126.TWO,6126,TPEX,信音,28,電子零組件業,electronic_component_general,electronics_component,components,component_general,member,False,electronics_component,component_general,component_general__small_mid,small_mid,763,0.6626826029216468,35270713.44417763,98385275.85482033,120.0,2026-06-18,40.29999923706055,1991042.0,trade_group_exact,high,True,legacy_subindustry_rule,medium,official_code_fallback,1021.0,cap_1001_plus,0.4832826747720364,5009157048.8,5.009157048800001,129770908.0,2026-06-10,TPEX daily market value shares * close; API MarketValue retained for audit
8038.TWO,8038,TPEX,長園科,28,電子零組件業,electronic_component_general,electronics_component,components,component_general,member,False,electronics_component,component_general,component_general__small_mid,small_mid,771,0.6591412129260734,33529545.53208732,55136384.12508056,120.0,2026-06-18,40.79999923706055,359016.0,trade_group_exact,high,True,legacy_subindustry_rule,medium,official_code_fallback,1394.0,cap_1001_plus,0.2943262411347518,2553405790.0,2.55340579,62278190.0,2026-06-10,TPEX daily market value shares * close; API MarketValue retained for audit
6134.TWO,6134,TPEX,萬旭,28,電子零組件業,electronic_component_general,electronics_component,components,component_general,member,False,electronics_component,component_general,component_general__small_mid,small_mid,780,0.6551571491810535,32721881.2,51775023.09992703,120.0,2026-06-18,35.54999923706055,1074032.0,trade_group_exact,high,True,legacy_subindustry_rule,medium,official_code_fallback,1337.0,cap_1001_plus,0.3232016210739615,2800368401.4,2.8003684014,81882117.0,2026-06-10,TPEX daily market value shares * close; API MarketValue retained for audit
8249.TW,8249,TWSE,菱光,28,電子零組件業,electronic_component_general,electronics_component,components,component_general,member,False,electronics_component,component_general,component_general__small_mid,small_mid,783,0.6538291279327135,32530452.516181946,80138358.60066675,120.0,2026-06-18,52.09999847412109,679392.0,trade_group_exact,high,True,legacy_subindustry_rule,medium,official_code_fallback,876.0,cap_501_1000,0.5567375886524824,6905007450.0,6.90500745,137824500.0,2026-06-10,TWSE basic issued common shares * TWSE latest close
3290.TWO,3290,TPEX,東浦,28,電子零組件業,electronic_component_general,electronics_component,components,component_general,member,False,electronics_component,component_general,component_general__small_mid,small_mid,794,0.6489597166888004,31347274.481437683,37907814.83158247,120.0,2026-06-18,69.80000305175781,4280922.0,trade_group_exact,high,True,legacy_subindustry_rule,medium,official_code_fallback,1006.0,cap_1001_plus,0.4908814589665653,5223450468.599999,5.223450468599999,90215034.0,2026-06-10,TPEX daily market value shares * close; API MarketValue retained for audit
3294.TWO,3294,TPEX,英濟,28,電子零組件業,electronic_component_general,electronics_component,components,component_general,member,False,electronics_component,component_general,component_general__small_mid,small_mid,795,0.6485170429393536,31232945.141899105,56570316.14063866,120.0,2026-06-18,39.70000076293945,1580050.0,trade_group_exact,high,True,legacy_subindustry_rule,medium,official_code_fallback,1033.0,cap_1001_plus,0.4772036474164134,4884589003.0,4.884589003,132015919.0,2026-06-10,TPEX daily market value shares * close; API MarketValue retained for audit
5381.TWO,5381,TPEX,光譜,28,電子零組件業,electronic_component_general,electronics_component,components,component_general,member,False,electronics_component,component_general,component_general__small,small,831,0.632580787959274,28659636.43070793,67796977.97488092,120.0,2026-06-18,27.799999237060547,1054952.0,trade_group_exact,high,True,legacy_subindustry_rule,medium,official_code_fallback,868.0,cap_501_1000,0.560790273556231,7076783861.099999,7.076783861099999,207835062.0,2026-06-10,TPEX daily market value shares * close; API MarketValue retained for audit
6913.TWO,6913,TPEX,鴻呈,28,電子零組件業,electronic_component_general,electronics_component,components,component_general,member,False,electronics_component,component_general,component_general__small,small,848,0.6250553342186809,27433598.75,40011686.50833333,120.0,2026-06-18,126.0,153813.0,trade_group_exact,high,True,legacy_subindustry_rule,medium,official_code_fallback,980.0,cap_501_1000,0.5040526849037488,5481107875.0,5.481107875,43848863.0,2026-06-10,TPEX daily market value shares * close; API MarketValue retained for audit
3548.TWO,3548,TPEX,兆利,28,電子零組件業,electronic_component_general,electronics_component,components,component_general,member,False,electronics_component,component_general,component_general__small,small,853,0.6228419654714475,27314703.430732727,55073268.38204218,120.0,2026-06-18,89.19999694824219,369104.0,trade_group_exact,high,True,legacy_subindustry_rule,medium,official_code_fallback,940.0,cap_501_1000,0.5243161094224924,6049554827.5,6.0495548275,67744175.0,2026-06-10,TPEX daily market value shares * close; API MarketValue retained for audit
8147.TWO,8147,TPEX,正淩,28,電子零組件業,electronic_component_general,electronics_component,components,component_general,member,False,electronics_component,component_general,component_general__small,small,870,0.6153165117308543,25905599.578857426,73335330.20942587,120.0,2026-06-18,146.5,276150.0,trade_group_exact,high,True,legacy_subindustry_rule,medium,official_code_fallback,926.0,cap_501_1000,0.5314083080040527,6172734568.0,6.172734568,41707666.0,2026-06-10,TPEX daily market value shares * close; API MarketValue retained for audit
3207.TWO,3207,TPEX,耀勝,28,電子零組件業,electronic_component_general,electronics_component,components,component_general,member,False,electronics_component,component_general,component_general__small,small,881,0.6104471004869412,24918070.0,48201856.49931149,120.0,2026-06-18,68.4000015258789,2252063.0,trade_group_exact,high,True,legacy_subindustry_rule,medium,official_code_fallback,1092.0,cap_1001_plus,0.4473150962512664,4397144608.8,4.397144608800001,66422124.0,2026-06-10,TPEX daily market value shares * close; API MarketValue retained for audit
3537.TWO,3537,TPEX,堡達,28,電子零組件業,electronic_component_general,electronics_component,components,component_general,member,False,electronics_component,component_general,component_general__small,small,888,0.6073483842408145,24527819.6,52371498.09464831,120.0,2026-06-18,89.5999984741211,12236221.0,trade_group_exact,high,True,legacy_subindustry_rule,medium,official_code_fallback,1083.0,cap_1001_plus,0.4518743667679837,4499438320.0,4.49943832,56242979.0,2026-06-10,TPEX daily market value shares * close; API MarketValue retained for audit
3354.TWO,3354,TPEX,律勝,28,電子零組件業,electronic_component_general,electronics_component,components,component_general,member,False,electronics_component,component_general,component_general__small,small,917,0.5945108455068615,21919940.40793037,64939175.409244746,120.0,2026-06-18,28.0,302062.0,trade_group_exact,high,True,legacy_subindustry_rule,medium,official_code_fallback,1552.0,cap_1001_plus,0.2142857142857143,1914069229.8,1.9140692298,70112426.0,2026-06-10,TPEX daily market value shares * close; API MarketValue retained for audit
8109.TWO,8109,TPEX,博大,28,電子零組件業,electronic_component_general,electronics_component,components,component_general,member,False,electronics_component,component_general,component_general__small,small,991,0.5617529880478087,17970747.0,23580467.036316235,120.0,2026-06-18,123.0,358025.0,trade_group_exact,high,True,legacy_subindustry_rule,medium,official_code_fallback,699.0,cap_501_1000,0.646403242147923,9859348320.0,9.85934832,82161236.0,2026-06-10,TPEX daily market value shares * close; API MarketValue retained for audit
5457.TWO,5457,TPEX,宣德,28,電子零組件業,electronic_component_general,electronics_component,components,component_general,member,False,electronics_component,component_general,component_general__small,small,1004,0.5559982293050022,17544179.2,24345611.112769976,120.0,2026-06-18,37.09999847412109,3122614.0,trade_group_exact,high,True,legacy_subindustry_rule,medium,official_code_fallback,956.0,cap_501_1000,0.5162107396149949,5795434300.0,5.7954343,196455400.0,2026-06-10,TPEX daily market value shares * close; API MarketValue retained for audit
6432.TWO,6432,TPEX,今展科,28,電子零組件業,electronic_component_general,electronics_component,components,component_general,member,False,electronics_component,component_general,component_general__small,small,1008,0.5542275343072156,17177664.525966644,42326610.777232446,120.0,2026-06-18,86.9000015258789,6860448.0,trade_group_exact,high,True,legacy_subindustry_rule,medium,official_code_fallback,1382.0,cap_1001_plus,0.3004052684903748,2608455451.8,2.6084554518000003,34367002.0,2026-06-10,TPEX daily market value shares * close; API MarketValue retained for audit
6203.TWO,6203,TPEX,海韻電,28,電子零組件業,electronic_component_general,electronics_component,components,component_general,member,False,electronics_component,component_general,component_general__small,small,1022,0.5480301018149624,16651826.316886902,45893570.209663644,120.0,2026-06-18,67.30000305175781,148000.0,trade_group_exact,high,True,legacy_subindustry_rule,medium,official_code_fallback,972.0,cap_501_1000,0.5081053698074975,5562092475.0,5.562092475,82401370.0,2026-06-10,TPEX daily market value shares * close; API MarketValue retained for audit
6272.TW,6272,TWSE,驊陞,28,電子零組件業,electronic_component_general,electronics_component,components,component_general,member,False,electronics_component,component_general,component_general__small,small,1117,0.5059760956175299,12486022.285526276,19603730.508098744,120.0,2026-06-18,32.099998474121094,294000.0,trade_group_exact,high,True,legacy_subindustry_rule,medium,official_code_fallback,1317.0,cap_1001_plus,0.3333333333333333,2890355561.8,2.8903555618000003,81763948.0,2026-06-10,TWSE basic issued common shares * TWSE latest close
4974.TWO,4974,TPEX,亞泰,28,電子零組件業,electronic_component_general,electronics_component,components,component_general,member,False,electronics_component,component_general,component_general__small,small,1142,0.4949092518813635,11523058.931236267,15956048.126358503,120.0,2026-06-18,72.5,159207.0,trade_group_exact,high,True,legacy_subindustry_rule,medium,official_code_fallback,985.0,cap_501_1000,0.5015197568389058,5444757810.4,5.4447578104,72500104.0,2026-06-10,TPEX daily market value shares * close; API MarketValue retained for audit
3484.TWO,3484,TPEX,崧騰,28,電子零組件業,electronic_component_general,electronics_component,components,component_general,member,False,electronics_component,component_general,component_general__small,small,1175,0.4803010181496238,10317553.637239456,12598965.814060029,120.0,2026-06-18,55.09999847412109,5370501.0,trade_group_exact,high,True,legacy_subindustry_rule,medium,official_code_fallback,1206.0,cap_1001_plus,0.389564336372847,3535444276.65,3.5354442766500003,78828189.0,2026-06-10,TPEX daily market value shares * close; API MarketValue retained for audit
6156.TWO,6156,TPEX,松上,28,電子零組件業,electronic_component_general,electronics_component,components,component_general,member,False,electronics_component,component_general,component_general__small,small,1178,0.4789729969012837,10257964.81209469,14813795.61976868,120.0,2026-06-18,24.350000381469727,4600398.0,trade_group_exact,high,True,legacy_subindustry_rule,medium,official_code_fallback,1529.0,cap_1001_plus,0.2259371833839919,2006475186.0,2.0064751860000003,107875010.0,2026-06-10,TPEX daily market value shares * close; API MarketValue retained for audit
6834.TW,6834,TWSE,天二科技,28,電子零組件業,electronic_component_general,electronics_component,components,component_general,member,False,electronics_component,component_general,component_general__small,small,1195,0.4714475431606906,9496124.827384949,25195899.22890433,120.0,2026-06-18,101.5,1212002.0,trade_group_exact,high,True,legacy_subindustry_rule,medium,official_code_fallback,923.0,cap_501_1000,0.5329280648429584,6192975740.0,6.19297574,88471082.0,2026-06-10,TWSE basic issued common shares * TWSE latest close
6418.TWO,6418,TPEX,詠昇,28,電子零組件業,electronic_component_general,electronics_component,components,component_general,member,False,electronics_component,component_general,component_general__small,small,1219,0.4608233731739708,9014821.00105095,14016080.838140087,120.0,2026-06-18,31.649999618530277,97030.0,trade_group_exact,high,True,legacy_subindustry_rule,medium,official_code_fallback,1793.0,cap_1001_plus,0.0921985815602837,1071908100.0,1.0719081,34522000.0,2026-06-10,TPEX daily market value shares * close; API MarketValue retained for audit
3322.TWO,3322,TPEX,建舜電,28,電子零組件業,electronic_component_general,electronics_component,components,component_general,member,False,electronics_component,component_general,component_general__small,small,1222,0.4594953519256308,8891301.093821049,12053092.48991182,120.0,2026-06-18,14.850000381469728,773189.0,trade_group_exact,high,True,legacy_subindustry_rule,medium,official_code_fallback,1514.0,cap_1001_plus,0.2335359675785208,2070611462.85,2.07061146285,137582157.0,2026-06-10,TPEX daily market value shares * close; API MarketValue retained for audit
1595.TWO,1595,TPEX,川寶,28,電子零組件業,electronic_component_general,electronics_component,components,component_general,member,False,electronics_component,component_general,component_general__small,small,1265,0.4404603806994245,7803281.0105896,95455227.30297124,120.0,2026-06-18,77.0,969100.0,trade_group_exact,high,True,legacy_subindustry_rule,medium,official_code_fallback,1157.0,cap_1001_plus,0.414387031408308,3875244550.4,3.8752445504,54427592.0,2026-06-10,TPEX daily market value shares * close; API MarketValue retained for audit
6967.TWO,6967,TPEX,汎瑋材料,28,電子零組件業,electronic_component_general,electronics_component,components,component_general,member,False,electronics_component,component_general,component_general__small,small,1272,0.4373616644532979,7727449.996948242,17045940.152281526,120.0,2026-06-18,71.30000305175781,20000.0,trade_group_exact,high,True,legacy_subindustry_rule,medium,official_code_fallback,1583.0,cap_1001_plus,0.1985815602836879,1765727419.3000002,1.7657274193,24904477.0,2026-06-10,TPEX daily market value shares * close; API MarketValue retained for audit
3501.TW,3501,TWSE,維熹,28,電子零組件業,electronic_component_general,electronics_component,components,component_general,member,False,electronics_component,component_general,component_general__small,small,1310,0.4205400619743249,7038438.255245208,16825251.970524788,120.0,2026-06-18,41.79999923706055,620000.0,trade_group_exact,high,True,legacy_subindustry_rule,medium,official_code_fallback,1035.0,cap_1001_plus,0.4761904761904761,4878139488.75,4.87813948875,118257927.0,2026-06-10,TWSE basic issued common shares * TWSE latest close
4545.TW,4545,TWSE,銘鈺,28,電子零組件業,electronic_component_general,electronics_component,components,component_general,member,False,electronics_component,component_general,component_general__small,small,1336,0.4090305444887118,6652230.368432045,19704211.348222733,120.0,2026-06-18,37.09999847412109,346000.0,trade_group_exact,high,True,legacy_subindustry_rule,medium,official_code_fallback,1320.0,cap_1001_plus,0.3318135764944275,2883650000.0,2.88365,77000000.0,2026-06-10,TWSE basic issued common shares * TWSE latest close
6642.TWO,6642,TPEX,富致,28,電子零組件業,electronic_component_general,electronics_component,components,component_general,member,False,electronics_component,component_general,component_general__small,small,1337,0.4085878707392651,6649853.703868866,12646945.667667557,120.0,2026-06-18,90.5999984741211,1834157.0,trade_group_exact,high,True,legacy_subindustry_rule,medium,official_code_fallback,1277.0,cap_1001_plus,0.353596757852077,3156531472.8,3.1565314728,37399662.0,2026-06-10,TPEX daily market value shares * close; API MarketValue retained for audit
1471.TW,1471,TWSE,首利,28,電子零組件業,component_general_electronic,electronics_component,components,component_general_electronic,member,False,electronics_component,component_general,component_general__small,small,1352,0.4019477644975653,6381119.240749359,14878529.707065113,120.0,2026-06-18,10.949999809265137,1497000.0,trade_group_exact,high,True,legacy_subindustry_rule,medium,exact_symbol,1625.0,cap_1001_plus,0.1773049645390071,1624476988.8000002,1.6244769888,150414536.0,2026-06-10,TWSE basic issued common shares * TWSE latest close
6266.TWO,6266,TPEX,泰詠,28,電子零組件業,electronic_component_general,electronics_component,components,component_general,member,False,electronics_component,component_general,component_general__small,small,1366,0.395750332005312,6038187.600597382,6916525.856495415,120.0,2026-06-18,25.899999618530277,472170.0,trade_group_exact,high,True,legacy_subindustry_rule,medium,official_code_fallback,1121.0,cap_1001_plus,0.4326241134751772,4216082963.4,4.2160829634,153871641.0,2026-06-10,TPEX daily market value shares * close; API MarketValue retained for audit
5228.TWO,5228,TPEX,鈺鎧,28,電子零組件業,electronic_component_general,electronics_component,components,component_general,member,False,electronics_component,component_general,component_general__small,small,1375,0.3917662682602921,5922031.496572495,16268266.084644703,120.0,2026-06-18,75.5,1996070.0,trade_group_exact,high,True,legacy_subindustry_rule,medium,official_code_fallback,1358.0,cap_1001_plus,0.312563323201621,2705799588.3,2.7057995883,38056253.0,2026-06-10,TPEX daily market value shares * close; API MarketValue retained for audit
3609.TWO,3609,TPEX,三一東林,28,電子零組件業,electronic_component_general,electronics_component,components,component_general,member,False,electronics_component,component_general,component_general__small,small,1391,0.3846834882691456,5709349.840164185,7551969.337516763,120.0,2026-06-18,28.0,431100.0,trade_group_exact,high,True,legacy_subindustry_rule,medium,official_code_fallback,1799.0,cap_1001_plus,0.0891590678824721,1064217019.9,1.0642170199,38419387.0,2026-06-10,TPEX daily market value shares * close; API MarketValue retained for audit
3679.TW,3679,TWSE,新至陞,28,電子零組件業,electronic_component_general,electronics_component,components,component_general,member,False,electronics_component,component_general,component_general__small,small,1452,0.3576803895528995,4868925.5,6202152.5875,120.0,2026-06-18,111.0,85117.0,trade_group_exact,high,True,legacy_subindustry_rule,medium,official_code_fallback,811.0,cap_501_1000,0.5896656534954408,7846267510.5,7.8462675105,63022229.0,2026-06-10,TWSE basic issued common shares * TWSE latest close
3607.TW,3607,TWSE,谷崧,28,電子零組件業,electronic_component_general,electronics_component,components,component_general,member,False,electronics_component,component_general,component_general__small,small,1479,0.3457281983178397,4504574.573474884,6604882.80159332,120.0,2026-06-18,16.850000381469727,493111.0,trade_group_exact,high,True,legacy_subindustry_rule,medium,official_code_fallback,1540.0,cap_1001_plus,0.2203647416413373,1970928271.8,1.9709282718,121662239.0,2026-06-10,TWSE basic issued common shares * TWSE latest close
6835.TW,6835,TWSE,圓裕,28,電子零組件業,electronic_component_general,electronics_component,components,component_general,member,False,electronics_component,component_general,component_general__small,small,1500,0.3364320495794599,4284538.641962051,7132719.25986805,120.0,2026-06-18,36.54999923706055,45000.0,trade_group_exact,high,True,legacy_subindustry_rule,medium,official_code_fallback,1420.0,cap_1001_plus,0.2811550151975683,2438449144.4500003,2.4384491444500003,66172297.0,2026-06-10,TWSE basic issued common shares * TWSE latest close
3511.TWO,3511,TPEX,矽瑪,28,電子零組件業,electronic_component_general,electronics_component,components,component_general,member,False,electronics_component,component_general,component_general__small,small,1531,0.3227091633466136,3945991.034236908,5982551.638550434,120.0,2026-06-18,24.950000762939453,624000.0,trade_group_exact,high,True,legacy_subindustry_rule,medium,official_code_fallback,1561.0,cap_1001_plus,0.2097264437689969,1863369618.5,1.8633696185,79972945.0,2026-06-10,TPEX daily market value shares * close; API MarketValue retained for audit
6108.TW,6108,TWSE,競國,28,電子零組件業,electronic_component_general,electronics_component,components,component_general,member,False,electronics_component,component_general,component_general__small,small,1534,0.3213811420982736,3897007.599288941,10759336.821643686,120.0,2026-06-18,19.350000381469727,616030.0,trade_group_exact,high,True,legacy_subindustry_rule,medium,official_code_fallback,1334.0,cap_1001_plus,0.3247213779128672,2827245891.3,2.8272458913,154494311.0,2026-06-10,TWSE basic issued common shares * TWSE latest close
3388.TWO,3388,TPEX,崇越電,28,電子零組件業,electronic_component_general,electronics_component,components,component_general,member,False,electronics_component,component_general,component_general__small,small,1537,0.3200531208499336,3869741.976337433,53044581.076874666,120.0,2026-06-18,92.4000015258789,438913.0,trade_group_exact,high,True,legacy_subindustry_rule,medium,official_code_fallback,881.0,cap_501_1000,0.5542046605876393,6806623309.8,6.8066233098,74065542.0,2026-06-10,TPEX daily market value shares * close; API MarketValue retained for audit
6115.TW,6115,TWSE,鎰勝,28,電子零組件業,electronic_component_general,electronics_component,components,component_general,member,False,electronics_component,component_general,component_general__small,small,1544,0.3169544046038069,3780366.543849945,4644114.750060431,120.0,2026-06-18,48.650001525878906,166050.0,trade_group_exact,high,True,legacy_subindustry_rule,medium,official_code_fallback,744.0,cap_501_1000,0.6236068895643363,9082848253.6,9.0828482536,187662154.0,2026-06-10,TWSE basic issued common shares * TWSE latest close
5227.TWO,5227,TPEX,立凱-KY,28,電子零組件業,electronic_component_general,electronics_component,components,component_general,member,False,electronics_component,component_general,component_general__small,small,1566,0.3072155821159805,3571243.8278360367,4718290.640465132,120.0,2026-06-18,39.900001525878906,2108650.0,trade_group_exact,high,True,legacy_subindustry_rule,medium,official_code_fallback,1589.0,cap_1001_plus,0.1955420466058763,1737400000.0,1.7374,68000000.0,2026-06-10,TPEX daily market value shares * close; API MarketValue retained for audit
6141.TW,6141,TWSE,柏承,28,電子零組件業,electronic_component_general,electronics_component,components,component_general,member,False,electronics_component,component_general,component_general__small,small,1596,0.2939353696325808,3313295.054626465,25902659.99307033,120.0,2026-06-18,34.849998474121094,1167510.0,trade_group_exact,high,True,legacy_subindustry_rule,medium,official_code_fallback,1187.0,cap_1001_plus,0.3991894630192503,3684005162.5,3.6840051625,113354005.0,2026-06-10,TWSE basic issued common shares * TWSE latest close
3332.TWO,3332,TPEX,幸康,28,電子零組件業,electronic_component_general,electronics_component,components,component_general,member,False,electronics_component,component_general,component_general__small,small,1604,0.2903939796370075,3243041.9000000004,5543350.082297808,120.0,2026-06-18,65.0,1000.0,trade_group_exact,high,True,legacy_subindustry_rule,medium,official_code_fallback,1288.0,cap_1001_plus,0.3480243161094225,3073861319.4,3.0738613194,48104246.0,2026-06-10,TPEX daily market value shares * close; API MarketValue retained for audit
6185.TWO,6185,TPEX,幃翔,28,電子零組件業,electronic_component_general,electronics_component,components,component_general,member,False,electronics_component,component_general,component_general__small,small,1627,0.2802124833997343,3008591.235947609,3928928.1447920366,120.0,2026-06-18,14.25,284108.0,trade_group_exact,high,True,legacy_subindustry_rule,medium,official_code_fallback,1504.0,cap_1001_plus,0.2386018237082067,2128118940.2,2.1281189402,149867531.0,2026-06-10,TPEX daily market value shares * close; API MarketValue retained for audit
3520.TWO,3520,TPEX,華盈,28,電子零組件業,electronic_component_general,electronics_component,components,component_general,member,False,electronics_component,component_general,component_general__small,small,1628,0.2797698096502877,3003757.5,3990082.208148845,120.0,2026-06-18,17.100000381469727,490000.0,trade_group_exact,high,True,legacy_subindustry_rule,medium,official_code_fallback,1738.0,cap_1001_plus,0.1200607902735562,1222030309.5,1.2220303095,68846778.0,2026-06-10,TPEX daily market value shares * close; API MarketValue retained for audit
6194.TWO,6194,TPEX,育富,28,電子零組件業,electronic_component_general,electronics_component,components,component_general,member,False,electronics_component,component_general,component_general__small,small,1639,0.2749003984063745,2901556.5,4409851.726210874,120.0,2026-06-18,32.400001525878906,69000.0,trade_group_exact,high,True,legacy_subindustry_rule,medium,official_code_fallback,1636.0,cap_1001_plus,0.1717325227963525,1545600000.0000002,1.5456000000000003,48000000.0,2026-06-10,TPEX daily market value shares * close; API MarketValue retained for audit
3308.TW,3308,TWSE,聯德,28,電子零組件業,electronic_component_general,electronics_component,components,component_general,member,False,electronics_component,component_general,component_general__small,small,1642,0.2735723771580345,2874382.7041130066,7828579.9806158785,120.0,2026-06-18,21.450000762939453,314215.0,trade_group_exact,high,True,legacy_subindustry_rule,medium,official_code_fallback,1739.0,cap_1001_plus,0.1195542046605876,1221000000.0,1.221,60000000.0,2026-06-10,TWSE basic issued common shares * TWSE latest close
8182.TWO,8182,TPEX,加高,28,電子零組件業,electronic_component_general,electronics_component,components,component_general,member,False,electronics_component,component_general,component_general__small,small,1651,0.2695883134130146,2784669.959564209,31993299.439864103,120.0,2026-06-18,51.0,2998040.0,trade_group_exact,high,True,legacy_subindustry_rule,medium,official_code_fallback,997.0,cap_501_1000,0.4954407294832826,5309244264.0,5.309244264,107041215.0,2026-06-10,TPEX daily market value shares * close; API MarketValue retained for audit
3310.TWO,3310,TPEX,佳穎,28,電子零組件業,electronic_component_general,electronics_component,components,component_general,member,False,electronics_component,component_general,component_general__small,small,1680,0.2567507746790615,2554300.048828125,8592503.521764431,120.0,2026-06-18,65.80000305175781,19073.0,trade_group_exact,high,True,legacy_subindustry_rule,medium,official_code_fallback,1014.0,cap_1001_plus,0.4868287740628166,5126470696.8,5.1264706968,74948402.0,2026-06-10,TPEX daily market value shares * close; API MarketValue retained for audit
3631.TWO,3631,TPEX,晟楠,28,電子零組件業,electronic_component_general,electronics_component,components,component_general,member,False,electronics_component,component_general,component_general__small,small,1692,0.2514386896857016,2468636.2706403737,5851736.643229548,120.0,2026-06-18,34.0,109000.0,trade_group_exact,high,True,legacy_subindustry_rule,medium,official_code_fallback,1374.0,cap_1001_plus,0.3044579533941236,2638724315.25,2.63872431525,81820909.0,2026-06-10,TPEX daily market value shares * close; API MarketValue retained for audit
3710.TWO,3710,TPEX,連展投控,28,電子零組件業,electronic_component_general,electronics_component,components,component_general,member,False,electronics_component,component_general,component_general__small,small,1695,0.2501106684373616,2457702.006760359,4643925.604493771,120.0,2026-06-18,6.349999904632568,496981.0,trade_group_exact,high,True,legacy_subindustry_rule,medium,official_code_fallback,1595.0,cap_1001_plus,0.1925025329280648,1720631896.66,1.72063189666,287250734.0,2026-06-10,TPEX daily market value shares * close; API MarketValue retained for audit
3492.TWO,3492,TPEX,長盛,28,電子零組件業,electronic_component_general,electronics_component,components,component_general,member,False,electronics_component,component_general,component_general__small,small,1725,0.2368304559539619,2262932.2,4404759.518918159,120.0,2026-06-18,22.899999618530277,48023.0,trade_group_exact,high,True,legacy_subindustry_rule,medium,official_code_fallback,1879.0,cap_1001_plus,0.0486322188449848,799461000.0,0.799461,35531600.0,2026-06-10,TPEX daily market value shares * close; API MarketValue retained for audit
6124.TWO,6124,TPEX,業強,28,電子零組件業,electronic_component_general,electronics_component,components,component_general,member,False,electronics_component,component_general,component_general__small,small,1734,0.232846392208942,2174649.9404907227,5389557.482825711,120.0,2026-06-18,29.850000381469727,62177.0,trade_group_exact,high,True,legacy_subindustry_rule,medium,official_code_fallback,965.0,cap_501_1000,0.5116514690982776,5629506303.25,5.62950630325,182479945.0,2026-06-10,TPEX daily market value shares * close; API MarketValue retained for audit
6821.TWO,6821,TPEX,聯寶,28,電子零組件業,electronic_component_general,electronics_component,components,component_general,member,False,electronics_component,component_general,component_general__small,small,1735,0.2324037184594953,2172925.0659942627,31381985.41820152,120.0,2026-06-18,67.5999984741211,1398000.0,trade_group_exact,high,True,legacy_subindustry_rule,medium,official_code_fallback,1500.0,cap_1001_plus,0.2406281661600811,2136315285.0,2.136315285,32866389.0,2026-06-10,TPEX daily market value shares * close; API MarketValue retained for audit
6292.TWO,6292,TPEX,迅德,28,電子零組件業,electronic_component_general,electronics_component,components,component_general,member,False,electronics_component,component_general,component_general__small,small,1750,0.2257636122177955,2043174.9992370603,7243249.814971185,120.0,2026-06-18,67.80000305175781,834125.0,trade_group_exact,high,True,legacy_subindustry_rule,medium,official_code_fallback,1356.0,cap_1001_plus,0.3135764944275583,2712161438.4,2.7121614384,46600712.0,2026-06-10,TPEX daily market value shares * close; API MarketValue retained for audit
5488.TWO,5488,TPEX,松普,28,電子零組件業,electronic_component_general,electronics_component,components,component_general,member,False,electronics_component,component_general,component_general__small,small,1755,0.2235502434705621,1996450.0,2451424.0768165984,120.0,2026-06-18,12.449999809265137,850001.0,trade_group_exact,high,True,legacy_subindustry_rule,medium,official_code_fallback,1782.0,cap_1001_plus,0.0977710233029381,1108192100.4,1.1081921004,91586124.0,2026-06-10,TPEX daily market value shares * close; API MarketValue retained for audit
3206.TWO,3206,TPEX,志豐,28,電子零組件業,electronic_component_general,electronics_component,components,component_general,member,False,electronics_component,component_general,component_general__small,small,1757,0.2226648959716688,1990390.5813331604,7216416.401502371,120.0,2026-06-18,38.5,121100.0,trade_group_exact,high,True,legacy_subindustry_rule,medium,official_code_fallback,1466.0,cap_1001_plus,0.2578520770010132,2253560753.25,2.25356075325,58916621.0,2026-06-10,TPEX daily market value shares * close; API MarketValue retained for audit
6174.TWO,6174,TPEX,安碁,28,電子零組件業,electronic_component_general,electronics_component,components,component_general,member,False,electronics_component,component_general,component_general__small,small,1760,0.2213368747233288,1977916.0734987264,34686940.37436218,120.0,2026-06-18,52.29999923706055,2969090.0,trade_group_exact,high,True,legacy_subindustry_rule,medium,official_code_fallback,1447.0,cap_1001_plus,0.2674772036474164,2350000000.0,2.35,50000000.0,2026-06-10,TPEX daily market value shares * close; API MarketValue retained for audit
3114.TWO,3114,TPEX,好德,28,電子零組件業,electronic_component_general,electronics_component,components,component_general,member,False,electronics_component,component_general,component_general__small,small,1782,0.2115980522355024,1809313.7866456988,3893530.535763674,120.0,2026-06-18,47.75,1557761.0,trade_group_exact,high,True,legacy_subindustry_rule,medium,official_code_fallback,1359.0,cap_1001_plus,0.3120567375886525,2702886368.0,2.702886368,65129792.0,2026-06-10,TPEX daily market value shares * close; API MarketValue retained for audit
5464.TWO,5464,TPEX,霖宏,28,電子零組件業,electronic_component_general,electronics_component,components,component_general,member,False,electronics_component,component_general,component_general__small,small,1785,0.2102700309871624,1799700.002670288,10632394.588941978,120.0,2026-06-18,73.69999694824219,872253.0,trade_group_exact,high,True,legacy_subindustry_rule,medium,official_code_fallback,1044.0,cap_1001_plus,0.4716312056737588,4797325575.0,4.797325575,71071490.0,2026-06-10,TPEX daily market value shares * close; API MarketValue retained for audit
3276.TWO,3276,TPEX,宇環,28,電子零組件業,electronic_component_general,electronics_component,components,component_general,member,False,electronics_component,component_general,component_general__small,small,1786,0.2098273572377158,1793225.4365401268,2429814.1048221984,120.0,2026-06-18,15.199999809265137,236101.0,trade_group_exact,high,True,legacy_subindustry_rule,medium,official_code_fallback,1827.0,cap_1001_plus,0.0749746707193516,986434223.9,0.9864342239,69712666.0,2026-06-10,TPEX daily market value shares * close; API MarketValue retained for audit
1336.TWO,1336,TPEX,台翰,28,電子零組件業,electronic_component_general,electronics_component,components,component_general,member,False,electronics_component,component_general,component_general__small,small,1861,0.1766268260292164,1376206.9810080528,1824394.8056363263,120.0,2026-06-18,15.0,113000.0,trade_group_exact,high,True,legacy_subindustry_rule,medium,official_code_fallback,1798.0,cap_1001_plus,0.0896656534954407,1067198261.25,1.06719826125,77614419.0,2026-06-10,TPEX daily market value shares * close; API MarketValue retained for audit
6924.TW,6924,TWSE,榮惠-KY創,28,電子零組件業,electronic_component_general,electronics_component,components,component_general,member,False,electronics_component,component_general,component_general__small,small,1874,0.1708720672864099,1294577.0,2032078.101674239,120.0,2026-06-18,125.0,52000.0,trade_group_exact,high,True,legacy_subindustry_rule,medium,official_code_fallback,1353.0,cap_1001_plus,0.315096251266464,2722368000.0,2.722368,20624000.0,2026-06-10,TWSE basic issued common shares * TWSE latest close
6259.TWO,6259,TPEX,百徽,28,電子零組件業,electronic_component_general,electronics_component,components,component_general,member,False,electronics_component,component_general,component_general__small,small,1882,0.1673306772908366,1252985.4408187866,4670550.406870921,120.0,2026-06-18,35.849998474121094,3621599.0,trade_group_exact,high,True,legacy_subindustry_rule,medium,official_code_fallback,1888.0,cap_1001_plus,0.0440729483282674,758918749.3000001,0.7589187493,28056146.0,2026-06-10,TPEX daily market value shares * close; API MarketValue retained for audit
6158.TWO,6158,TPEX,禾昌,28,電子零組件業,electronic_component_general,electronics_component,components,component_general,member,False,electronics_component,component_general,component_general__small,small,1901,0.1589198760513501,1185815.9543409352,1674123.7448497869,120.0,2026-06-18,17.649999618530273,60000.0,trade_group_exact,high,True,legacy_subindustry_rule,medium,official_code_fallback,1821.0,cap_1001_plus,0.0780141843971631,994214440.8,0.9942144408,55698288.0,2026-06-10,TPEX daily market value shares * close; API MarketValue retained for audit
3597.TWO,3597,TPEX,映興,28,電子零組件業,electronic_component_general,electronics_component,components,component_general,member,False,electronics_component,component_general,component_general__small,small,1913,0.1536077910579902,1114500.0257492063,1702599.8466984846,120.0,2026-06-18,27.0,46000.0,trade_group_exact,high,True,legacy_subindustry_rule,medium,official_code_fallback,1804.0,cap_1001_plus,0.0866261398176292,1051536592.0,1.051536592,39236440.0,2026-06-10,TPEX daily market value shares * close; API MarketValue retained for audit
6114.TWO,6114,TPEX,久威,28,電子零組件業,electronic_component_general,electronics_component,components,component_general,member,False,electronics_component,component_general,component_general__small,small,1919,0.1509517485613103,1076174.9935150146,2583191.936822444,120.0,2026-06-18,29.850000381469727,40300.0,trade_group_exact,high,True,legacy_subindustry_rule,medium,official_code_fallback,1712.0,cap_1001_plus,0.1332320162107396,1288815350.95,1.28881535095,43911937.0,2026-06-10,TPEX daily market value shares * close; API MarketValue retained for audit
5460.TWO,5460,TPEX,同協,28,電子零組件業,electronic_component_general,electronics_component,components,component_general,member,False,electronics_component,component_general,component_general__small,small,1944,0.1398849048251438,990907.05,1348017.6391285325,120.0,2026-06-18,15.75,335312.0,trade_group_exact,high,True,legacy_subindustry_rule,medium,official_code_fallback,1860.0,cap_1001_plus,0.058257345491388,864038511.0,0.864038511,58778130.0,2026-06-10,TPEX daily market value shares * close; API MarketValue retained for audit
3432.TW,3432,TWSE,台端,28,電子零組件業,electronic_component_general,electronics_component,components,component_general,member,False,electronics_component,component_general,component_general__small,small,1978,0.1248339973439575,847053.8843593597,2611043.516875768,120.0,2026-06-18,18.700000762939453,54081.0,trade_group_exact,high,True,legacy_subindustry_rule,medium,official_code_fallback,1890.0,cap_1001_plus,0.0430597771023303,755916999.9999999,0.7559169999999998,42230000.0,2026-06-10,TWSE basic issued common shares * TWSE latest close
5355.TWO,5355,TPEX,佳總,28,電子零組件業,electronic_component_general,electronics_component,components,component_general,member,False,electronics_component,component_general,component_general__small,small,2025,0.1040283311199645,712085.04,1306171.7302241588,120.0,2026-06-18,6.869999885559082,124662.0,trade_group_exact,high,True,legacy_subindustry_rule,medium,official_code_fallback,1771.0,cap_1001_plus,0.1033434650455926,1129634985.6,1.1296349856,166122792.0,2026-06-10,TPEX daily market value shares * close; API MarketValue retained for audit
6597.TWO,6597,TPEX,立誠,28,電子零組件業,electronic_component_general,electronics_component,components,component_general,member,False,electronics_component,component_general,component_general__small,small,2062,0.0876494023904382,582233.75,1652312.995835476,120.0,2026-06-18,69.9000015258789,11000.0,trade_group_exact,high,True,legacy_subindustry_rule,medium,official_code_fallback,1524.0,cap_1001_plus,0.2284701114488349,2027851875.0,2.027851875,30042250.0,2026-06-10,TPEX daily market value shares * close; API MarketValue retained for audit
3646.TWO,3646,TPEX,艾恩特,28,電子零組件業,electronic_component_general,electronics_component,components,component_general,member,False,electronics_component,component_general,component_general__small,small,2065,0.0863213811420983,576412.1910352708,743115.5888654583,120.0,2026-06-18,23.5,33000.0,trade_group_exact,high,True,legacy_subindustry_rule,medium,official_code_fallback,1840.0,cap_1001_plus,0.0683890577507598,927417955.6,0.9274179556,39297371.0,2026-06-10,TPEX daily market value shares * close; API MarketValue retained for audit
8093.TWO,8093,TPEX,保銳,28,電子零組件業,electronic_component_general,electronics_component,components,component_general,member,False,electronics_component,component_general,component_general__small,small,2069,0.0845506861443116,568490.9809398651,931071.689280774,120.0,2026-06-18,19.299999237060547,27600.0,trade_group_exact,high,True,legacy_subindustry_rule,medium,official_code_fallback,1810.0,cap_1001_plus,0.0835866261398176,1035186476.1,1.0351864761,56567567.0,2026-06-10,TPEX daily market value shares * close; API MarketValue retained for audit
6210.TWO,6210,TPEX,慶生,28,電子零組件業,electronic_component_general,electronics_component,components,component_general,member,False,electronics_component,component_general,component_general__small,small,2111,0.0659583886675519,451824.9959945679,666641.1849085904,120.0,2026-06-18,20.700000762939453,7001.0,trade_group_exact,high,True,legacy_subindustry_rule,medium,official_code_fallback,1893.0,cap_1001_plus,0.0415400202634245,753532000.0,0.753532,35048000.0,2026-06-10,TPEX daily market value shares * close; API MarketValue retained for audit
3191.TWO,3191,TPEX,雲嘉南,28,電子零組件業,electronic_component_general,electronics_component,components,component_general,member,False,electronics_component,component_general,component_general__small,small,2138,0.0540061974324922,342258.30201005936,419651.0173081716,120.0,2026-06-18,19.350000381469727,149000.0,trade_group_exact,high,True,legacy_subindustry_rule,medium,official_code_fallback,1855.0,cap_1001_plus,0.060790273556231,871947620.0,0.87194762,43597381.0,2026-06-10,TPEX daily market value shares * close; API MarketValue retained for audit
4943.TW,4943,TWSE,康控-KY,28,電子零組件業,electronic_component_general,electronics_component,components,component_general,member,False,electronics_component,component_general,component_general__small,small,2149,0.0491367861885789,301474.77711725235,536066.7281077147,120.0,2026-06-18,9.0600004196167,51358.0,trade_group_exact,high,True,legacy_subindustry_rule,medium,official_code_fallback,1761.0,cap_1001_plus,0.1084093211752785,1146583894.65,1.14658389465,126694353.0,2026-06-10,TWSE basic issued common shares * TWSE latest close
3593.TW,3593,TWSE,力銘,28,電子零組件業,electronic_component_general,electronics_component,components,component_general,member,False,electronics_component,component_general,component_general__small,small,2158,0.045152722443559,282615.2478876114,568260.8760840733,120.0,2026-06-18,16.049999237060547,19335.0,trade_group_exact,high,True,legacy_subindustry_rule,medium,official_code_fallback,1789.0,cap_1001_plus,0.0942249240121581,1082692992.2,1.0826929922,60825449.0,2026-06-10,TWSE basic issued common shares * TWSE latest close
3288.TWO,3288,TPEX,點晶,28,電子零組件業,electronic_component_general,electronics_component,components,component_general,member,False,electronics_component,component_general,component_general__small,small,2174,0.0380699424524125,247549.999833107,361935.32981127896,120.0,2026-06-18,20.899999618530277,93333.0,trade_group_exact,high,True,legacy_subindustry_rule,medium,official_code_fallback,1957.0,cap_1001_plus,0.0091185410334346,418509000.0,0.418509,16380000.0,2026-06-10,TPEX daily market value shares * close; API MarketValue retained for audit
3485.TWO,3485,TPEX,敘豐,28,電子零組件業,electronic_component_general,electronics_component,components,component_general,member,False,electronics_component,component_general,component_general__small,small,2181,0.034971226206286,218999.9919891357,27654108.884610336,120.0,2026-06-18,311.0,250070.0,trade_group_exact,high,True,legacy_subindustry_rule,medium,official_code_fallback,644.0,cap_501_1000,0.6742654508611956,11377001175.0,11.377001175,38500850.0,2026-06-10,TPEX daily market value shares * close; API MarketValue retained for audit
3115.TWO,3115,TPEX,富榮綱,28,電子零組件業,electronic_component_general,electronics_component,components,component_general,member,False,electronics_component,component_general,component_general__small,small,2215,0.0199203187250995,125105.1772890091,304221.2982235874,120.0,2026-06-18,9.0,3000.0,trade_group_exact,high,True,legacy_subindustry_rule,medium,official_code_fallback,1906.0,cap_1001_plus,0.0349544072948327,702482793.95,0.70248279395,72197615.0,2026-06-10,TPEX daily market value shares * close; API MarketValue retained for audit
8291.TWO,8291,TPEX,尚茂,28,電子零組件業,electronic_component_general,electronics_component,components,component_general,member,False,electronics_component,component_general,component_general__inactive,inactive,2259,0.0004426737494466,0.0,553825.0090915839,120.0,2026-06-18,47.400001525878906,8001.0,trade_group_exact,high,True,legacy_subindustry_rule,medium,official_code_fallback,1845.0,cap_1001_plus,0.0658561296859169,907131555.0,0.907131555,17478450.0,2026-06-10,TPEX daily market value shares * close; API MarketValue retained for audit
3533.TW,3533,TWSE,嘉澤,28,電子零組件業,connector,electronics_component,components,component_thermal,leader,True,electronics_component,connector,connector__large,large,75,0.9672421425409472,2030854617.5,2534728318.625,120.0,2026-06-18,2290.0,1055612.0,trade_group_exact,high,False,exact_symbol,high,exact_symbol,75.0,cap_051_100,0.9625126646403244,244762952925.0,244.762952925,112534691.0,2026-06-10,TWSE basic issued common shares * TWSE latest close
8039.TW,8039,TWSE,台虹,28,電子零組件業,connector,electronics_component,components,component_connector,member,False,electronics_component,connector,connector__mid_large,mid_large,94,0.9588313413014607,1490183827.0747986,2064362314.064168,120.0,2026-06-18,145.5,5229669.0,trade_group_exact,high,False,legacy_subindustry_rule,medium,exact_symbol,297.0,cap_251_500,0.8500506585612968,34013300226.0,34.013300226,263668994.0,2026-06-10,TWSE basic issued common shares * TWSE latest close
6190.TWO,6190,TPEX,萬泰科,27,通信網路業,connector,electronics_component,components,component_connector,member,False,electronics_component,connector,connector__mid,mid,266,0.8826914563966357,369789180.1688004,486992416.0535507,120.0,2026-06-18,82.9000015258789,5463412.0,trade_group_exact,high,False,legacy_subindustry_rule,medium,exact_symbol,523.0,cap_501_1000,0.7355623100303952,15012154080.0,15.01215408,187651926.0,2026-06-10,TPEX daily market value shares * close; API MarketValue retained for audit
3023.TW,3023,TWSE,信邦,28,電子零組件業,connector,electronics_component,components,component_connector,member,False,electronics_component,connector,connector__mid,mid,281,0.8760513501549358,335067441.5,442240180.34583336,120.0,2026-06-18,327.5,1393686.0,trade_group_exact,high,False,exact_symbol,high,exact_symbol,179.0,cap_101_250,0.9098277608915908,73581152791.0,73.581152791,240069014.0,2026-06-10,TWSE basic issued common shares * TWSE latest close
6197.TW,6197,TWSE,佳必琪,28,電子零組件業,connector,electronics_component,components,component_connector,member,False,electronics_component,connector,connector__mid,mid,345,0.8477202301903497,222794996.25,447191891.2375,120.0,2026-06-18,347.5,4255882.0,trade_group_exact,high,False,legacy_subindustry_rule,medium,exact_symbol,273.0,cap_251_500,0.8622087132725431,39738954591.0,39.738954591,122085882.0,2026-06-10,TWSE basic issued common shares * TWSE latest close
8103.TW,8103,TWSE,瀚荃,28,電子零組件業,connector,electronics_component,components,component_connector,member,False,electronics_component,connector,connector__mid,mid,356,0.8428508189464365,210734608.8798523,303976805.34020936,120.0,2026-06-18,97.0999984741211,913210.0,trade_group_exact,high,False,legacy_subindustry_rule,medium,exact_symbol,833.0,cap_501_1000,0.5785207700101317,7435796410.8,7.4357964108,78436671.0,2026-06-10,TWSE basic issued common shares * TWSE latest close
6175.TWO,6175,TPEX,立敦,28,電子零組件業,connector,electronics_component,components,component_connector,member,False,electronics_component,connector,connector__mid,mid,388,0.8286852589641435,182005445.79668045,311412922.919462,120.0,2026-06-18,114.0,28431143.0,trade_group_exact,high,False,legacy_subindustry_rule,medium,exact_symbol,527.0,cap_501_1000,0.7335359675785207,14997169018.8,14.9971690188,150121812.0,2026-06-10,TPEX daily market value shares * close; API MarketValue retained for audit
3515.TW,3515,TWSE,華擎,25,電腦及週邊設備業,connector,electronics_component,components,component_connector,member,False,electronics_component,connector,connector__mid,mid,447,0.8025675077467906,135254100.0,182073054.72916663,120.0,2026-06-18,246.5,426900.0,trade_group_exact,high,False,legacy_subindustry_rule,medium,exact_symbol,317.0,cap_251_500,0.839918946301925,30021203907.0,30.021203907,123544049.0,2026-06-10,TWSE basic issued common shares * TWSE latest close
3526.TWO,3526,TPEX,凡甲,28,電子零組件業,connector,electronics_component,components,component_connector,member,False,electronics_component,connector,connector__mid,mid,506,0.7764497565294378,109679135.0,221441561.44583333,120.0,2026-06-18,327.0,1005600.0,trade_group_exact,high,False,legacy_subindustry_rule,medium,exact_symbol,413.0,cap_251_500,0.7912867274569402,21401531125.0,21.401531125,65850865.0,2026-06-10,TPEX daily market value shares * close; API MarketValue retained for audit
3605.TW,3605,TWSE,宏致,28,電子零組件業,connector,electronics_component,components,component_connector,member,False,electronics_component,connector,connector__mid,mid,522,0.7693669765382913,101630204.7726059,230237465.40643883,120.0,2026-06-18,80.5,7059025.0,trade_group_exact,high,False,legacy_subindustry_rule,medium,exact_symbol,621.0,cap_501_1000,0.6859169199594731,11949304964.400002,11.9493049644,174697441.0,2026-06-10,TWSE basic issued common shares * TWSE latest close
2392.TW,2392,TWSE,正崴,28,電子零組件業,connector,electronics_component,components,component_connector,member,False,electronics_component,connector,connector__small_mid,small_mid,648,0.7135900841080124,57548367.565647125,74064714.0580333,120.0,2026-06-18,39.75,1684742.0,trade_group_exact,high,False,exact_symbol,high,exact_symbol,444.0,cap_251_500,0.7755825734549139,19161027556.0,19.161027556,512326940.0,2026-06-10,TWSE basic issued common shares * TWSE latest close
6205.TW,6205,TWSE,詮欣,28,電子零組件業,connector,electronics_component,components,component_connector,member,False,electronics_component,connector,connector__small_mid,small_mid,757,0.6653386454183268,36048396.037605286,163835106.0515539,120.0,2026-06-18,81.30000305175781,743250.0,trade_group_exact,high,False,legacy_subindustry_rule,medium,exact_symbol,924.0,cap_501_1000,0.53242147922999,6184140206.400001,6.1841402064,82235907.0,2026-06-10,TWSE basic issued common shares * TWSE latest close
4912.TW,4912,TWSE,聯德控股-KY,28,電子零組件業,connector,electronics_component,components,component_connector,member,False,electronics_component,connector,connector__small_mid,small_mid,788,0.6516157591854803,31800878.838279724,52576375.12744598,120.0,2026-06-18,88.69999694824219,591000.0,trade_group_exact,high,False,legacy_subindustry_rule,medium,exact_symbol,915.0,cap_501_1000,0.5369807497467072,6230358207.0,6.230358207,66993099.0,2026-06-10,TWSE basic issued common shares * TWSE latest close
3550.TW,3550,TWSE,聯穎,28,電子零組件業,connector,electronics_component,components,component_connector,member,False,electronics_component,connector,connector__small,small,891,0.6060203629924745,24461420.84472847,58315866.20793196,120.0,2026-06-18,37.25,3060678.0,trade_group_exact,high,False,legacy_subindustry_rule,medium,exact_symbol,1291.0,cap_1001_plus,0.3465045592705167,3059797500.0,3.0597975,107550000.0,2026-06-10,TWSE basic issued common shares * TWSE latest close
3356.TW,3356,TWSE,奇偶,26,光電業,connector,electronics_component,components,component_connector,member,False,electronics_component,connector,connector__small,small,1061,0.5307658255865427,15286395.946332932,23741447.740159955,120.0,2026-06-18,60.400001525878906,1947950.0,trade_group_exact,high,False,legacy_subindustry_rule,medium,exact_symbol,1090.0,cap_1001_plus,0.4483282674772036,4412780294.400001,4.412780294400001,79941672.0,2026-06-10,TWSE basic issued common shares * TWSE latest close
8121.TWO,8121,TPEX,越峰,28,電子零組件業,connector,electronics_component,components,component_connector,member,False,electronics_component,connector,connector__small,small,1104,0.5117308543603365,12955407.330989838,24235552.16325505,120.0,2026-06-18,53.400001525878906,5931788.0,trade_group_exact,high,False,legacy_subindustry_rule,medium,exact_symbol,721.0,cap_501_1000,0.6352583586626139,9478221563.5,9.4782215635,212993743.0,2026-06-10,TPEX daily market value shares * close; API MarketValue retained for audit
3003.TW,3003,TWSE,健和興,28,電子零組件業,connector,electronics_component,components,component_connector,member,False,electronics_component,connector,connector__small,small,1110,0.5090748118636566,12669716.843595505,18894199.13583625,120.0,2026-06-18,69.9000015258789,4122030.0,trade_group_exact,high,False,exact_symbol,high,exact_symbol,693.0,cap_501_1000,0.6494427558257345,9977478449.0,9.977478449,155654890.0,2026-06-10,TWSE basic issued common shares * TWSE latest close
3390.TWO,3390,TPEX,旭軟,28,電子零組件業,connector,electronics_component,components,component_connector,member,False,electronics_component,connector,connector__small,small,1287,0.4307215582115981,7411895.776768686,38131900.929749295,120.0,2026-06-18,28.5,714100.0,trade_group_exact,high,False,legacy_subindustry_rule,medium,exact_symbol,1511.0,cap_1001_plus,0.2350557244174265,2082403548.75,2.08240354875,79329659.0,2026-06-10,TPEX daily market value shares * close; API MarketValue retained for audit
3311.TW,3311,TWSE,閎暉,27,通信網路業,connector,electronics_component,components,component_connector,member,False,electronics_component,connector,connector__small,small,1308,0.4214254094732182,7069781.25,8865958.327991836,120.0,2026-06-18,38.75,824882.0,trade_group_exact,high,False,legacy_subindustry_rule,medium,exact_symbol,1178.0,cap_1001_plus,0.4037487335359676,3735000000.0,3.735,100000000.0,2026-06-10,TWSE basic issued common shares * TWSE latest close
2483.TW,2483,TWSE,百容,28,電子零組件業,connector,electronics_component,components,component_connector,member,False,electronics_component,connector,connector__small,small,1677,0.2580787959274014,2571997.449064256,4363429.354564047,120.0,2026-06-18,39.650001525878906,8926273.0,trade_group_exact,high,False,legacy_subindustry_rule,medium,exact_symbol,1228.0,cap_1001_plus,0.378419452887538,3398528920.5,3.3985289205,107889807.0,2026-06-10,TWSE basic issued common shares * TWSE latest close
6751.TWO,6751,TPEX,智聯服務,30,資訊服務業,connector,electronics_component,components,component_connector,member,False,electronics_component,connector,connector__small,small,1703,0.2465692784417884,2415749.9465942383,4981747.638197937,120.0,2026-06-18,48.45000076293945,24000.0,trade_group_exact,high,False,legacy_subindustry_rule,medium,exact_symbol,1792.0,cap_1001_plus,0.0927051671732522,1073370000.0,1.07337,22200000.0,2026-06-10,TPEX daily market value shares * close; API MarketValue retained for audit
2402.TW,2402,TWSE,毅嘉,28,電子零組件業,component_flex_harness,electronics_component,components,component_flex_harness,member,False,electronics_component,flex_harness,flex_harness__mid,mid,260,0.8853474988933157,378109740.1990986,860330251.1167672,120.0,2026-06-18,70.0,7703114.0,trade_group_exact,high,False,legacy_subindustry_rule,medium,exact_symbol,458.0,cap_251_500,0.7684903748733536,18359931020.1,18.359931020100003,307536533.0,2026-06-10,TWSE basic issued common shares * TWSE latest close
1582.TW,1582,TWSE,信錦,28,電子零組件業,component_mechanical_hinge,electronics_component,components,component_mechanical_hinge,member,False,electronics_component,hinge_component,hinge_component__small_mid,small_mid,644,0.715360779105799,58856675.0,366151429.6702528,120.0,2026-06-18,93.8000030517578,2433310.0,trade_group_exact,high,False,legacy_subindustry_rule,medium,exact_symbol,590.0,cap_501_1000,0.7016210739614994,12767771454.0,12.767771454,144268604.0,2026-06-10,TWSE basic issued common shares * TWSE latest close
2385.TW,2385,TWSE,群光,28,電子零組件業,component_keyboard_input,electronics_component,components,component_keyboard_input,member,False,electronics_component,keyboard_component,keyboard_component__mid,mid,233,0.8972996901283754,431242269.75,448092060.53333336,120.0,2026-06-18,114.0,6853449.0,trade_group_exact,high,False,legacy_subindustry_rule,medium,exact_symbol,136.0,cap_101_250,0.93161094224924,105647390908.0,105.647390908,760053172.0,2026-06-10,TWSE basic issued common shares * TWSE latest close
2476.TW,2476,TWSE,鉅祥,28,電子零組件業,component_mechanical,electronics_component,components,component_mechanical,member,False,electronics_component,mechanical_component,mechanical_component__mid,mid,459,0.7972554227534308,125476469.23158264,248801204.9963141,120.0,2026-06-18,125.0,3397718.0,trade_group_exact,high,False,legacy_subindustry_rule,medium,exact_symbol,356.0,cap_251_500,0.8201621073961499,25842598263.0,25.842598263,218080998.0,2026-06-10,TWSE basic issued common shares * TWSE latest close
2415.TW,2415,TWSE,錩新,28,電子零組件業,component_metal_mechanical,electronics_component,components,component_metal_mechanical,member,False,electronics_component,metal_mechanical,metal_mechanical__small,small,1550,0.314298362107127,3742097.831344605,5602931.548933522,120.0,2026-06-18,30.350000381469727,612749.0,trade_group_exact,high,False,legacy_subindustry_rule,medium,exact_symbol,1432.0,cap_1001_plus,0.2750759878419453,2403000000.0,2.403,90000000.0,2026-06-10,TWSE basic issued common shares * TWSE latest close
2327.TW,2327,TWSE,國巨*,28,電子零組件業,passive_component,electronics_component,components,component_passive,core_leader,True,electronics_component,passive_component,passive_component__large,large,12,0.9951305887560868,8193243004.5,9772693277.779167,120.0,2026-06-18,1080.0,90546467.0,trade_group_exact,high,False,exact_symbol,high,exact_symbol,8.0,cap_001_050,0.99645390070922,1696530231396.0,1696.530231396,2071465484.0,2026-06-10,TWSE basic issued common shares * TWSE latest close
2492.TW,2492,TWSE,華新科,28,電子零組件業,passive_component,electronics_component,components,component_passive,leader,True,electronics_component,passive_component,passive_component__mid_large,mid_large,122,0.9464364763169544,1105147184.0,1692003534.3791666,120.0,2026-06-18,561.0,66762941.0,trade_group_exact,high,False,exact_symbol,high,exact_symbol,90.0,cap_051_100,0.9549138804457952,197720945405.0,197.720945405,485204774.0,2026-06-10,TWSE basic issued common shares * TWSE latest close
2472.TW,2472,TWSE,立隆電,28,電子零組件業,passive_component,electronics_component,components,component_passive,member,False,electronics_component,passive_component,passive_component__mid,mid,219,0.9034971226206284,477223448.25,595025565.1460901,120.0,2026-06-18,402.0,18269741.0,trade_group_exact,high,False,legacy_subindustry_rule,medium,exact_symbol,211.0,cap_101_250,0.8936170212765957,55268638463.5,55.2686384635,164735137.0,2026-06-10,TWSE basic issued common shares * TWSE latest close
6173.TWO,6173,TPEX,信昌電,28,電子零組件業,passive_component,electronics_component,components,component_passive,member,False,electronics_component,passive_component,passive_component__mid,mid,253,0.8884462151394422,393135582.0,807794289.402758,120.0,2026-06-18,316.0,2611905.0,trade_group_exact,high,False,exact_symbol,high,exact_symbol,275.0,cap_251_500,0.8611955420466059,39388000000.0,39.388,172000000.0,2026-06-10,TPEX daily market value shares * close; API MarketValue retained for audit
8043.TWO,8043,TPEX,蜜望實,28,電子零組件業,passive_component,electronics_component,components,component_passive,member,False,electronics_component,passive_component,passive_component__mid,mid,302,0.866755201416556,296189082.0,876012261.5001553,120.0,2026-06-18,226.5,34242453.0,trade_group_exact,high,False,legacy_subindustry_rule,medium,exact_symbol,496.0,cap_251_500,0.7492401215805471,15901526830.0,15.90152683,79907170.0,2026-06-10,TPEX daily market value shares * close; API MarketValue retained for audit
2375.TW,2375,TWSE,凱美,28,電子零組件業,passive_component,electronics_component,components,component_passive,member,False,electronics_component,passive_component,passive_component__mid,mid,313,0.8618857901726428,280234934.0548897,507764419.3651155,120.0,2026-06-18,219.0,18636151.0,trade_group_exact,high,False,legacy_subindustry_rule,medium,exact_symbol,475.0,cap_251_500,0.7598784194528876,17225040439.0,17.225040439,108675334.0,2026-06-10,TWSE basic issued common shares * TWSE latest close
3026.TW,3026,TWSE,禾伸堂,28,電子零組件業,passive_component,electronics_component,components,component_passive,member,False,electronics_component,passive_component,passive_component__mid,mid,343,0.848605577689243,223794071.25,615803610.7606575,120.0,2026-06-18,902.0,1523291.0,trade_group_exact,high,False,exact_symbol,high,exact_symbol,135.0,cap_101_250,0.9321175278622088,106501584156.0,106.501584156,165890318.0,2026-06-10,TWSE basic issued common shares * TWSE latest close
6278.TW,6278,TWSE,台表科,26,光電業,passive_component,electronics_component,components,component_passive,member,False,electronics_component,passive_component,passive_component__mid,mid,426,0.8118636564851704,149766479.92141724,418982758.1023744,120.0,2026-06-18,204.5,6051697.0,trade_group_exact,high,False,legacy_subindustry_rule,medium,exact_symbol,213.0,cap_101_250,0.8926038500506586,54970890364.0,54.970890364,292398353.0,2026-06-10,TWSE basic issued common shares * TWSE latest close
2478.TW,2478,TWSE,大毅,28,電子零組件業,passive_component,electronics_component,components,component_passive,member,False,electronics_component,passive_component,passive_component__mid,mid,440,0.8056662239929172,140888160.92508698,246421904.08505365,120.0,2026-06-18,234.0,36202882.0,trade_group_exact,high,False,legacy_subindustry_rule,medium,exact_symbol,370.0,cap_251_500,0.8130699088145896,24604327630.0,24.60432763,144731339.0,2026-06-10,TWSE basic issued common shares * TWSE latest close
2428.TW,2428,TWSE,興勤,28,電子零組件業,passive_component,electronics_component,components,component_passive,member,False,electronics_component,passive_component,passive_component__mid,mid,463,0.795484727755644,122986197.0,179222940.32083333,120.0,2026-06-18,316.0,3571410.0,trade_group_exact,high,False,legacy_subindustry_rule,medium,exact_symbol,284.0,cap_251_500,0.8566362715298885,36640239636.0,36.640239636,128112726.0,2026-06-10,TWSE basic issued common shares * TWSE latest close
6449.TW,6449,TWSE,鈺邦,28,電子零組件業,passive_component,electronics_component,components,component_passive,member,False,electronics_component,passive_component,passive_component__mid,mid,484,0.7861885790172642,117879349.5,158519381.04166666,120.0,2026-06-18,433.0,4769583.0,trade_group_exact,high,False,legacy_subindustry_rule,medium,exact_symbol,300.0,cap_251_500,0.8485309017223911,33814053152.0,33.814053152,91886014.0,2026-06-10,TWSE basic issued common shares * TWSE latest close
6207.TWO,6207,TPEX,雷科,28,電子零組件業,passive_component,electronics_component,components,component_passive,member,False,electronics_component,passive_component,passive_component__small_mid,small_mid,663,0.7069499778663125,54613143.15031815,164606777.13954356,120.0,2026-06-18,165.5,29435362.0,trade_group_exact,high,False,legacy_subindustry_rule,medium,exact_symbol,666.0,cap_501_1000,0.6631205673758865,10727882745.0,10.727882745,79761210.0,2026-06-10,TPEX daily market value shares * close; API MarketValue retained for audit
6715.TW,6715,TWSE,嘉基,28,電子零組件業,passive_component,electronics_component,components,component_passive,member,False,electronics_component,passive_component,passive_component__small,small,866,0.617087206728641,26545775.0,212969177.6711845,120.0,2026-06-18,471.5,605018.0,trade_group_exact,high,False,legacy_subindustry_rule,medium,exact_symbol,361.0,cap_251_500,0.817629179331307,25503678720.0,25.50367872,67114944.0,2026-06-10,TWSE basic issued common shares * TWSE latest close
8289.TWO,8289,TPEX,泰藝,28,電子零組件業,passive_component,electronics_component,components,component_passive,member,False,electronics_component,passive_component,passive_component__small,small,965,0.573262505533422,19425209.25796318,98875841.2377021,120.0,2026-06-18,67.0999984741211,2706437.0,trade_group_exact,high,False,legacy_subindustry_rule,medium,exact_symbol,1057.0,cap_1001_plus,0.4650455927051672,4660362773.0,4.660362773,68333765.0,2026-06-10,TPEX daily market value shares * close; API MarketValue retained for audit
6224.TW,6224,TWSE,聚鼎,28,電子零組件業,passive_component,electronics_component,components,component_passive,member,False,electronics_component,passive_component,passive_component__small,small,1295,0.4271801682160248,7261499.2245845795,17854053.038026873,120.0,2026-06-18,85.0,4083438.0,trade_group_exact,high,False,legacy_subindustry_rule,medium,exact_symbol,880.0,cap_501_1000,0.5547112462006079,6817370735.599999,6.817370735599999,85645361.0,2026-06-10,TWSE basic issued common shares * TWSE latest close
4999.TW,4999,TWSE,鑫禾,28,電子零組件業,passive_component,electronics_component,components,component_passive,member,False,electronics_component,passive_component,passive_component__small,small,1900,0.1593625498007967,1188662.7095413208,1740797.1951533635,120.0,2026-06-18,20.649999618530277,69000.0,trade_group_exact,high,False,legacy_subindustry_rule,medium,exact_symbol,1638.0,cap_1001_plus,0.1707193515704154,1536715180.0,1.53671518,74417200.0,2026-06-10,TWSE basic issued common shares * TWSE latest close
2313.TW,2313,TWSE,華通,28,電子零組件業,pcb_board,electronics_component,components,component_pcb,member,False,electronics_component,pcb,pcb__large,large,5,0.9982293050022134,12499988407.0,13163867496.067331,120.0,2026-06-18,259.5,39425678.0,trade_group_exact,high,False,exact_symbol,high,exact_symbol,59.0,cap_051_100,0.9706180344478216,308681532551.0,308.681532551,1191820589.0,2026-06-10,TWSE basic issued common shares * TWSE latest close
2368.TW,2368,TWSE,金像電,28,電子零組件業,pcb_board,electronics_component,components,component_pcb,leader,True,electronics_component,pcb,pcb__large,large,19,0.9920318725099602,6586135710.25,7365126690.683333,120.0,2026-06-18,1355.0,3381867.0,trade_group_exact,high,False,exact_symbol,high,exact_symbol,23.0,cap_001_050,0.9888551165146908,734206649120.0,734.20664912,517046936.0,2026-06-10,TWSE basic issued common shares * TWSE latest close
2367.TW,2367,TWSE,燿華,28,電子零組件業,pcb_board,electronics_component,components,component_pcb,member,False,electronics_component,pcb,pcb__large,large,71,0.969012837538734,2182675475.067623,4083087485.038125,120.0,2026-06-18,61.29999923706055,17174707.0,trade_group_exact,high,False,legacy_subindustry_rule,medium,exact_symbol,252.0,cap_251_500,0.8728470111448835,44705825977.5,44.7058259775,706253175.0,2026-06-10,TWSE basic issued common shares * TWSE latest close
5439.TWO,5439,TPEX,高技,28,電子零組件業,pcb_board,electronics_component,components,component_pcb,member,False,electronics_component,pcb,pcb__mid_large,mid_large,88,0.9614873837981408,1611614951.0,2019195198.1458333,120.0,2026-06-18,332.5,2278374.0,trade_group_exact,high,False,legacy_subindustry_rule,medium,exact_symbol,305.0,cap_251_500,0.8459979736575481,33053234980.5,33.0532349805,92976751.0,2026-06-10,TPEX daily market value shares * close; API MarketValue retained for audit
6213.TW,6213,TWSE,聯茂,28,電子零組件業,pcb_board,electronics_component,components,component_pcb,member,False,electronics_component,pcb,pcb__mid_large,mid_large,104,0.9544046038069942,1285718766.0,2493976318.9042063,120.0,2026-06-18,280.0,21638070.0,trade_group_exact,high,False,legacy_subindustry_rule,medium,exact_symbol,152.0,cap_101_250,0.9235055724417428,92344803372.0,92.344803372,363562218.0,2026-06-10,TWSE basic issued common shares * TWSE latest close
3044.TW,3044,TWSE,健鼎,28,電子零組件業,pcb_board,electronics_component,components,component_pcb,member,False,electronics_component,pcb,pcb__mid_large,mid_large,112,0.950863213811421,1176875610.0,1496138123.1375,120.0,2026-06-18,573.0,6673014.0,trade_group_exact,high,False,exact_symbol,high,exact_symbol,73.0,cap_051_100,0.9635258358662614,251765225142.0,251.765225142,525605898.0,2026-06-10,TWSE basic issued common shares * TWSE latest close
3376.TW,3376,TWSE,新日興,28,電子零組件業,pcb_board,electronics_component,components,component_pcb,member,False,electronics_component,pcb,pcb__mid_large,mid_large,143,0.9371403275785746,890246766.5,1120869214.1333334,120.0,2026-06-18,205.0,3865631.0,trade_group_exact,high,False,legacy_subindustry_rule,medium,exact_symbol,266.0,cap_251_500,0.8657548125633232,41404048353.0,41.404048353,195763822.0,2026-06-10,TWSE basic issued common shares * TWSE latest close
6191.TW,6191,TWSE,精成科,28,電子零組件業,pcb_board,electronics_component,components,component_pcb,member,False,electronics_component,pcb,pcb__mid_large,mid_large,149,0.9344842850818946,856573702.5,1406970518.9475136,120.0,2026-06-18,100.5,5752558.0,trade_group_exact,high,False,legacy_subindustry_rule,medium,exact_symbol,248.0,cap_101_250,0.8748733535967579,46135597200.0,46.1355972,499303000.0,2026-06-10,TWSE basic issued common shares * TWSE latest close
5340.TWO,5340,TPEX,建榮,28,電子零組件業,pcb_board,electronics_component,components,component_pcb,member,False,electronics_component,pcb,pcb__mid_large,mid_large,201,0.9114652501106684,551899543.755806,833465590.2701852,120.0,2026-06-18,90.0,1887203.0,trade_group_exact,high,False,legacy_subindustry_rule,medium,exact_symbol,483.0,cap_251_500,0.7558257345491388,16702412714.8,16.7024127148,194893964.0,2026-06-10,TPEX daily market value shares * close; API MarketValue retained for audit
5469.TW,5469,TWSE,瀚宇博,28,電子零組件業,pcb_board,electronics_component,components,component_pcb,member,False,electronics_component,pcb,pcb__mid_large,mid_large,204,0.9101372288623284,541595805.1025543,784154983.1883556,120.0,2026-06-18,86.80000305175781,2295486.0,trade_group_exact,high,False,exact_symbol,high,exact_symbol,277.0,cap_251_500,0.8601823708206687,39184979600.0,39.1849796,486166000.0,2026-06-10,TWSE basic issued common shares * TWSE latest close
2316.TW,2316,TWSE,楠梓電,28,電子零組件業,pcb_board,electronics_component,components,component_pcb,member,False,electronics_component,pcb,pcb__mid,mid,232,0.897742363877822,431463831.5438461,667530498.1295835,120.0,2026-06-18,205.5,5628668.0,trade_group_exact,high,False,legacy_subindustry_rule,medium,exact_symbol,330.0,cap_251_500,0.8333333333333334,28690264152.0,28.690264152,182740536.0,2026-06-10,TWSE basic issued common shares * TWSE latest close
5309.TWO,5309,TPEX,系統電,28,電子零組件業,pcb_board,electronics_component,components,component_pcb,member,False,electronics_component,pcb,pcb__mid,mid,241,0.8937583001328021,410864446.2201519,732997044.59697,120.0,2026-06-18,69.0,4516412.0,trade_group_exact,high,False,legacy_subindustry_rule,medium,exact_symbol,505.0,cap_501_1000,0.7446808510638299,15606812811.2,15.6068128112,230870012.0,2026-06-10,TPEX daily market value shares * close; API MarketValue retained for audit
4927.TW,4927,TWSE,泰鼎-KY,28,電子零組件業,pcb_board,electronics_component,components,component_pcb,member,False,electronics_component,pcb,pcb__mid,mid,246,0.8915449313855688,403564335.7765046,628283700.5251772,120.0,2026-06-18,51.09999847412109,4133721.0,trade_group_exact,high,False,legacy_subindustry_rule,medium,exact_symbol,577.0,cap_501_1000,0.7082066869300911,13167418003.6,13.1674180036,264937988.0,2026-06-10,TWSE basic issued common shares * TWSE latest close
2355.TW,2355,TWSE,敬鵬,28,電子零組件業,pcb_board,electronics_component,components,component_pcb,member,False,electronics_component,pcb,pcb__mid,mid,299,0.868083222664896,299775432.67443657,607334421.5855203,120.0,2026-06-18,57.900001525878906,9269740.0,trade_group_exact,high,False,legacy_subindustry_rule,medium,exact_symbol,416.0,cap_251_500,0.7897669706180345,21226255428.0,21.226255428,397495420.0,2026-06-10,TWSE basic issued common shares * TWSE latest close
6672.TW,6672,TWSE,騰輝電子-KY,28,電子零組件業,pcb_board,electronics_component,components,component_pcb,member,False,electronics_component,pcb,pcb__mid,mid,435,0.8078795927401505,143658592.1582489,504383924.9738417,120.0,2026-06-18,245.5,7051637.0,trade_group_exact,high,False,legacy_subindustry_rule,medium,exact_symbol,504.0,cap_501_1000,0.7451874366767983,15608491782.5,15.6084917825,71434745.0,2026-06-10,TWSE basic issued common shares * TWSE latest close
6269.TW,6269,TWSE,台郡,28,電子零組件業,pcb_board,electronics_component,components,component_pcb,member,False,electronics_component,pcb,pcb__mid,mid,513,0.7733510402833113,107298914.42593764,151066271.45860365,120.0,2026-06-18,79.5999984741211,18192276.0,trade_group_exact,high,False,legacy_subindustry_rule,medium,exact_symbol,401.0,cap_251_500,0.7973657548125633,22117690152.3,22.1176901523,323831481.0,2026-06-10,TWSE basic issued common shares * TWSE latest close
3675.TWO,3675,TPEX,德微,24,半導體業,pcb_board,electronics_component,components,component_pcb,member,False,electronics_component,pcb,pcb__small_mid,small_mid,547,0.7583001328021248,91934226.0,163071268.45833334,120.0,2026-06-18,368.5,996332.0,trade_group_exact,high,False,legacy_subindustry_rule,medium,exact_symbol,501.0,cap_501_1000,0.7467071935157041,15705145208.0,15.705145208,53057923.0,2026-06-10,TPEX daily market value shares * close; API MarketValue retained for audit
6153.TW,6153,TWSE,嘉聯益,28,電子零組件業,pcb_board,electronics_component,components,component_pcb,member,False,electronics_component,pcb,pcb__small_mid,small_mid,619,0.7264276228419655,66666707.61223793,83481405.19952922,120.0,2026-06-18,24.450000762939453,20405900.0,trade_group_exact,high,False,legacy_subindustry_rule,medium,exact_symbol,574.0,cap_501_1000,0.709726443768997,13200687150.5,13.2006871505,636177694.0,2026-06-10,TWSE basic issued common shares * TWSE latest close
8091.TWO,8091,TPEX,翔名,24,半導體業,pcb_board,electronics_component,components,component_pcb,member,False,electronics_component,pcb,pcb__small_mid,small_mid,730,0.6772908366533865,40200115.5,84254662.29583333,120.0,2026-06-18,281.0,2787917.0,trade_group_exact,high,False,legacy_subindustry_rule,medium,exact_symbol,598.0,cap_501_1000,0.6975683890577508,12597987160.0,12.59798716,53608456.0,2026-06-10,TPEX daily market value shares * close; API MarketValue retained for audit
8213.TW,8213,TWSE,志超,28,電子零組件業,pcb_board,electronics_component,components,component_pcb,member,False,electronics_component,pcb,pcb__small,small,1005,0.5555555555555556,17461915.719057083,25655489.19110161,120.0,2026-06-18,37.20000076293945,597053.0,trade_group_exact,high,False,legacy_subindustry_rule,medium,exact_symbol,719.0,cap_501_1000,0.6362715298885512,9493487080.0,9.49348708,271242488.0,2026-06-10,TWSE basic issued common shares * TWSE latest close
3229.TW,3229,TWSE,晟鈦,28,電子零組件業,pcb_board,electronics_component,components,component_pcb,member,False,electronics_component,pcb,pcb__small,small,1413,0.3749446657813191,5410799.90196228,10721654.0696568,120.0,2026-06-18,45.75,426500.0,trade_group_exact,high,False,legacy_subindustry_rule,medium,exact_symbol,1343.0,cap_1001_plus,0.3201621073961499,2763309000.0,2.763309,64263000.0,2026-06-10,TWSE basic issued common shares * TWSE latest close
5465.TWO,5465,TPEX,富驊,25,電腦及週邊設備業,pcb_board,electronics_component,components,component_pcb,member,False,electronics_component,pcb,pcb__small,small,1493,0.3395307658255865,4337425.0,5887165.366610009,120.0,2026-06-18,25.850000381469727,513000.0,trade_group_exact,high,False,legacy_subindustry_rule,medium,exact_symbol,1161.0,cap_1001_plus,0.4123606889564336,3847132485.45,3.84713248545,147682629.0,2026-06-10,TPEX daily market value shares * close; API MarketValue retained for audit
2383.TW,2383,TWSE,台光電,28,電子零組件業,pcb_material,electronics_component,components,component_pcb,leader,True,electronics_component,pcb_material,pcb_material__large,large,16,0.9933598937583,7157298115.0,8059906476.041667,120.0,2026-06-18,5600.0,1607030.0,trade_group_exact,high,False,exact_symbol,high,exact_symbol,6.0,cap_001_050,0.997467071935157,1770106303160.0,1770.10630316,358321114.0,2026-06-10,TWSE basic issued common shares * TWSE latest close
6274.TWO,6274,TPEX,台燿,28,電子零組件業,pcb_material,electronics_component,components,component_pcb,member,False,electronics_component,pcb_material,pcb_material__large,large,30,0.9871624612660468,5494792613.0,6108457025.879167,120.0,2026-06-18,1835.0,3466139.0,trade_group_exact,high,False,exact_symbol,high,exact_symbol,47.0,cap_001_050,0.9766970618034448,437062594500.0,437.0625945,291375063.0,2026-06-10,TPEX daily market value shares * close; API MarketValue retained for audit
8358.TWO,8358,TPEX,金居,28,電子零組件業,pcb_material,electronics_component,components,component_pcb,member,False,electronics_component,pcb_material,pcb_material__large,large,50,0.9783089862771136,3062951969.5,5777361392.275,120.0,2026-06-18,700.0,5083688.0,trade_group_exact,high,False,exact_symbol,high,exact_symbol,112.0,cap_101_250,0.9437689969604864,140186340000.0,140.18634,252588000.0,2026-06-10,TPEX daily market value shares * close; API MarketValue retained for audit
2059.TW,2059,TWSE,川湖,28,電子零組件業,component_mechanical_slide_rail,electronics_component,components,component_mechanical_slide_rail,member,False,electronics_component,slide_rail,slide_rail__large,large,58,0.9747675962815404,2573471545.0,2893996839.5,120.0,2026-06-18,6865.0,420703.0,trade_group_exact,high,False,legacy_subindustry_rule,medium,exact_symbol,28.0,cap_001_050,0.986322188449848,607042348640.0,607.04234864,95297072.0,2026-06-10,TWSE basic issued common shares * TWSE latest close
3037.TW,3037,TWSE,欣興,28,電子零組件業,substrate,electronics_component,components,component_pcb,leader,True,electronics_component,substrate,substrate__large,large,13,0.99468791500664,7725500658.0,12585043714.600657,120.0,2026-06-18,968.0,20033869.0,trade_group_exact,high,False,exact_symbol,high,exact_symbol,12.0,cap_001_050,0.9944275582573456,1404563693104.0,1404.563693104,1588872956.0,2026-06-10,TWSE basic issued common shares * TWSE latest close
3189.TW,3189,TWSE,景碩,24,半導體業,substrate,electronics_component,components,component_pcb,leader,True,electronics_component,substrate,substrate__large,large,28,0.9880478087649402,5789544871.0,8377616518.765857,120.0,2026-06-18,724.0,26761313.0,trade_group_exact,high,False,exact_symbol,high,exact_symbol,55.0,cap_051_100,0.972644376899696,347764401600.0,347.7644016,526915760.0,2026-06-10,TWSE basic issued common shares * TWSE latest close
8046.TW,8046,TWSE,南電,28,電子零組件業,substrate,electronics_component,components,component_pcb,leader,True,electronics_component,substrate,substrate__large,large,38,0.9836210712704736,4372835156.5,7263413029.266666,120.0,2026-06-18,874.0,17183890.0,trade_group_exact,high,False,exact_symbol,high,exact_symbol,32.0,cap_001_050,0.9842958459979736,547302167489.0,547.302167489,646165487.0,2026-06-10,TWSE basic issued common shares * TWSE latest close
3042.TW,3042,TWSE,晶技,28,電子零組件業,timing_crystal,electronics_component,components,component_timing_crystal,member,False,electronics_component,timing_crystal,timing_crystal__mid,mid,411,0.8185037627268703,162669954.94003677,376268014.6205756,120.0,2026-06-18,216.0,31234610.0,trade_group_exact,high,False,legacy_subindustry_rule,medium,exact_symbol,180.0,cap_101_250,0.909321175278622,73400495794.0,73.400495794,342992971.0,2026-06-10,TWSE basic issued common shares * TWSE latest close
2484.TW,2484,TWSE,希華,28,電子零組件業,timing_crystal,electronics_component,components,component_timing_crystal,member,False,electronics_component,timing_crystal,timing_crystal__small,small,868,0.6162018592297477,26225527.643003464,155713327.1098709,120.0,2026-06-18,71.19999694824219,23340258.0,trade_group_exact,high,False,legacy_subindustry_rule,medium,exact_symbol,731.0,cap_501_1000,0.630192502532928,9262361378.2,9.2623613782,159421022.0,2026-06-10,TWSE basic issued common shares * TWSE latest close
2317.TW,2317,TWSE,鴻海,31,其他電子業,ems,electronics_manufacturing,other_electronics,electronics_ems,core_leader,True,electronics_service,ems,ems__large,large,7,0.99734395750332,12179211408.0,13791280145.454166,120.0,2026-06-18,268.5,67328101.0,trade_group_exact,high,False,exact_symbol,high,exact_symbol,4.0,cap_001_050,0.9984802431610942,3682895041337.0,3682.895041337,14003403199.0,2026-06-10,TWSE basic issued common shares * TWSE latest close
4938.TW,4938,TWSE,和碩,25,電腦及週邊設備業,ems,electronics_manufacturing,other_electronics,electronics_ems,leader,True,electronics_service,ems,ems__mid_large,mid_large,182,0.9198760513501548,624163003.0972061,778519348.2239352,120.0,2026-06-18,82.9000015258789,26319044.0,trade_group_exact,high,False,exact_symbol,high,exact_symbol,72.0,cap_051_100,0.96403242147923,254257780964.4,254.2577809644,2682044103.0,2026-06-10,TWSE basic issued common shares * TWSE latest close
2312.TW,2312,TWSE,金寶,31,其他電子業,ems,electronics_manufacturing,other_electronics,electronics_ems,member,False,electronics_service,ems,ems__mid,mid,215,0.9052678176184152,497993311.3371067,1082689548.6435297,120.0,2026-06-18,35.5,24796652.0,trade_group_exact,high,False,legacy_subindustry_rule,medium,exact_symbol,223.0,cap_101_250,0.8875379939209727,52476475203.35,52.47647520335,1505781211.0,2026-06-10,TWSE basic issued common shares * TWSE latest close
2354.TW,2354,TWSE,鴻準,31,其他電子業,ems,electronics_manufacturing,other_electronics,electronics_ems,member,False,electronics_service,ems,ems__mid,mid,312,0.8623284639220894,281674484.3195038,374630250.8044817,120.0,2026-06-18,57.900001525878906,7870400.0,trade_group_exact,high,False,legacy_subindustry_rule,medium,exact_symbol,166.0,cap_101_250,0.9164133738601824,79635516309.59999,79.63551630959999,1414485192.0,2026-06-10,TWSE basic issued common shares * TWSE latest close
2352.TW,2352,TWSE,佳世達,25,電腦及週邊設備業,ems,electronics_manufacturing,other_electronics,electronics_ems,member,False,electronics_service,ems,ems__mid,mid,489,0.783975210270031,115067246.1385746,136699693.35864252,120.0,2026-06-18,30.850000381469727,4500308.0,trade_group_exact,high,False,legacy_subindustry_rule,medium,exact_symbol,240.0,cap_101_250,0.8789260385005065,47573245800.5,47.5732458005,1580506505.0,2026-06-10,TWSE basic issued common shares * TWSE latest close
6214.TW,6214,TWSE,精誠,30,資訊服務業,ems,electronics_manufacturing,other_electronics,electronics_ems,member,False,electronics_service,ems,ems__small_mid,small_mid,556,0.7543160690571049,88526567.0,114610796.5875,120.0,2026-06-18,142.0,2440219.0,trade_group_exact,high,False,legacy_subindustry_rule,medium,exact_symbol,278.0,cap_251_500,0.8596757852077002,39066879971.0,39.066879971,272243066.0,2026-06-10,TWSE basic issued common shares * TWSE latest close
8383.TWO,8383,TPEX,千附,24,半導體業,ems,electronics_manufacturing,other_electronics,electronics_ems,member,False,electronics_service,ems,ems__small,small,1116,0.5064187693669766,12573741.19588089,64296856.56903458,120.0,2026-06-18,60.400001525878906,834309.0,trade_group_exact,high,False,legacy_subindustry_rule,medium,exact_symbol,896.0,cap_501_1000,0.5466058763931104,6598107956.0,6.598107956,113760482.0,2026-06-10,TPEX daily market value shares * close; API MarketValue retained for audit
6276.TWO,6276,TPEX,安鈦克,25,電腦及週邊設備業,ems,electronics_manufacturing,other_electronics,electronics_ems,member,False,electronics_service,ems,ems__small,small,1818,0.1956617972554227,1605356.4148788452,2733385.4158850224,120.0,2026-06-18,25.0,66191.0,trade_group_exact,high,False,legacy_subindustry_rule,medium,exact_symbol,1932.0,cap_1001_plus,0.0217831813576494,559892200.0,0.5598922,22043000.0,2026-06-10,TPEX daily market value shares * close; API MarketValue retained for audit
3665.TW,3665,TWSE,貿聯-KY,31,其他電子業,electronics_equipment_service,electronics_manufacturing,other_electronics,electronics_equipment_service,member,False,electronics_service,equipment_service,equipment_service__large,large,31,0.9867197875166004,5380880462.5,6133268324.333333,120.0,2026-06-18,2100.0,6861015.0,trade_group_exact,high,False,legacy_subindustry_rule,medium,exact_symbol,,,,,,,,
2404.TW,2404,TWSE,漢唐,31,其他電子業,electronics_equipment_service,electronics_manufacturing,other_electronics,electronics_equipment_service,member,False,electronics_service,equipment_service,equipment_service__large,large,52,0.9774236387782204,2979203631.0,3333976239.0416665,120.0,2026-06-18,1265.0,3017581.0,trade_group_exact,high,False,legacy_subindustry_rule,medium,exact_symbol,84.0,cap_051_100,0.9579533941236068,219174702700.0,219.1747027,190586698.0,2026-06-10,TWSE basic issued common shares * TWSE latest close
2493.TW,2493,TWSE,揚博,28,電子零組件業,electronics_equipment_service,electronics_manufacturing,other_electronics,electronics_equipment_service,member,False,electronics_service,equipment_service,equipment_service__mid,mid,480,0.787959274015051,118595150.3922348,246432567.47282133,120.0,2026-06-18,273.5,2937035.0,trade_group_exact,high,False,legacy_subindustry_rule,medium,exact_symbol,389.0,cap_251_500,0.8034447821681865,22886791534.5,22.8867915345,126796629.0,2026-06-10,TWSE basic issued common shares * TWSE latest close
6227.TWO,6227,TPEX,茂綸,29,電子通路業,electronics_equipment_service,electronics_manufacturing,other_electronics,electronics_equipment_service,member,False,electronics_service,equipment_service,equipment_service__small,small,949,0.5803452855245683,20463634.63434601,47792052.67876948,120.0,2026-06-18,122.0,448447.0,trade_group_exact,high,False,legacy_subindustry_rule,medium,exact_symbol,722.0,cap_501_1000,0.6347517730496454,9475917357.0,9.475917357,76111786.0,2026-06-10,TPEX daily market value shares * close; API MarketValue retained for audit
3628.TWO,3628,TPEX,盈正,31,其他電子業,electronics_equipment_service,electronics_manufacturing,other_electronics,electronics_equipment_service,member,False,electronics_service,equipment_service,equipment_service__small,small,985,0.5644090305444887,18095080.7039032,38922099.6646382,120.0,2026-06-18,72.4000015258789,152150.0,trade_group_exact,high,False,legacy_subindustry_rule,medium,exact_symbol,1257.0,cap_1001_plus,0.3637284701114488,3244499999.9999995,3.2444999999999995,45000000.0,2026-06-10,TPEX daily market value shares * close; API MarketValue retained for audit
5490.TWO,5490,TPEX,同亨,25,電腦及週邊設備業,electronics_equipment_service,electronics_manufacturing,other_electronics,electronics_equipment_service,member,False,electronics_service,equipment_service,equipment_service__small,small,1280,0.4338202744577246,7597453.902258874,12226376.09565924,120.0,2026-06-18,29.200000762939453,484008.0,trade_group_exact,high,False,legacy_subindustry_rule,medium,exact_symbol,1345.0,cap_1001_plus,0.3191489361702128,2749952948.6,2.7499529486,96152201.0,2026-06-10,TPEX daily market value shares * close; API MarketValue retained for audit
6139.TW,6139,TWSE,亞翔,31,其他電子業,other_electronics_general,electronics_manufacturing,other_electronics,other_electronics_general,member,False,electronics_service,other_electronics_general,other_electronics_general__large,large,69,0.9698981850376271,2230188920.5,2827418971.795833,120.0,2026-06-18,823.0,2701649.0,trade_group_exact,high,True,legacy_subindustry_rule,medium,official_code_fallback,97.0,cap_051_100,0.9513677811550152,173619308588.0,173.619308588,235575724.0,2026-06-10,TWSE basic issued common shares * TWSE latest close
5536.TWO,5536,TPEX,聖暉*,31,其他電子業,other_electronics_general,electronics_manufacturing,other_electronics,other_electronics_general,member,False,electronics_service,other_electronics_general,other_electronics_general__mid_large,mid_large,107,0.9530765825586542,1274836651.5,1635569153.0916667,120.0,2026-06-18,1265.0,1096010.0,trade_group_exact,high,True,legacy_subindustry_rule,medium,official_code_fallback,114.0,cap_101_250,0.9427558257345492,135248213700.0,135.2482137,124080930.0,2026-06-10,TPEX daily market value shares * close; API MarketValue retained for audit
1785.TWO,1785,TPEX,光洋科,31,其他電子業,other_electronics_general,electronics_manufacturing,other_electronics,other_electronics_general,member,False,electronics_service,other_electronics_general,other_electronics_general__mid_large,mid_large,139,0.9389110225763612,917204621.9116212,3114210447.296808,120.0,2026-06-18,149.0,15095457.0,trade_group_exact,high,True,legacy_subindustry_rule,medium,official_code_fallback,168.0,cap_101_250,0.9154002026342452,78967382197.5,78.9673821975,595980243.0,2026-06-10,TPEX daily market value shares * close; API MarketValue retained for audit
6409.TW,6409,TWSE,旭隼,31,其他電子業,other_electronics_general,electronics_manufacturing,other_electronics,other_electronics_general,member,False,electronics_service,other_electronics_general,other_electronics_general__mid_large,mid_large,169,0.9256308100929614,687842737.0,850891702.0416666,120.0,2026-06-18,926.0,537339.0,trade_group_exact,high,True,legacy_subindustry_rule,medium,official_code_fallback,175.0,cap_101_250,0.9118541033434652,74986548930.0,74.98654893,87703566.0,2026-06-10,TWSE basic issued common shares * TWSE latest close
6739.TWO,6739,TPEX,竹陞科技,31,其他電子業,other_electronics_general,electronics_manufacturing,other_electronics,other_electronics_general,member,False,electronics_service,other_electronics_general,other_electronics_general__mid,mid,217,0.904382470119522,481774213.5,689387524.225,120.0,2026-06-18,1120.0,96027.0,trade_group_exact,high,True,legacy_subindustry_rule,medium,official_code_fallback,342.0,cap_251_500,0.8272543059777102,27252262500.0,27.2522625,23392500.0,2026-06-10,TPEX daily market value shares * close; API MarketValue retained for audit
3305.TW,3305,TWSE,昇貿,31,其他電子業,other_electronics_general,electronics_manufacturing,other_electronics,other_electronics_general,member,False,electronics_service,other_electronics_general,other_electronics_general__mid,mid,222,0.9021691013722886,476257082.0,861050692.5418276,120.0,2026-06-18,146.0,2714761.0,trade_group_exact,high,True,legacy_subindustry_rule,medium,official_code_fallback,438.0,cap_251_500,0.7786220871327254,19742768818.5,19.7427688185,144635669.0,2026-06-10,TWSE basic issued common shares * TWSE latest close
6903.TWO,6903,TPEX,巨漢,31,其他電子業,other_electronics_general,electronics_manufacturing,other_electronics,other_electronics_general,member,False,electronics_service,other_electronics_general,other_electronics_general__mid,mid,271,0.8804780876494024,359053920.0,436328943.0625,120.0,2026-06-18,393.0,361543.0,trade_group_exact,high,True,legacy_subindustry_rule,medium,official_code_fallback,368.0,cap_251_500,0.8140830800405269,24670120000.0,24.67012,66676000.0,2026-06-10,TPEX daily market value shares * close; API MarketValue retained for audit
3289.TWO,3289,TPEX,宜特,31,其他電子業,other_electronics_general,electronics_manufacturing,other_electronics,other_electronics_general,member,False,electronics_service,other_electronics_general,other_electronics_general__mid,mid,335,0.8521469676848163,230908762.25,457308580.5704804,120.0,2026-06-18,174.5,1621742.0,trade_group_exact,high,True,legacy_subindustry_rule,medium,official_code_fallback,566.0,cap_501_1000,0.7137791286727457,13662553432.5,13.6625534325,86746371.0,2026-06-10,TPEX daily market value shares * close; API MarketValue retained for audit
6830.TW,6830,TWSE,汎銓,31,其他電子業,other_electronics_general,electronics_manufacturing,other_electronics,other_electronics_general,member,False,electronics_service,other_electronics_general,other_electronics_general__mid,mid,344,0.8481629039397964,223421470.0,609709390.5375,120.0,2026-06-18,564.0,784344.0,trade_group_exact,high,True,legacy_subindustry_rule,medium,official_code_fallback,346.0,cap_251_500,0.8252279635258358,26696720556.0,26.696720556,53446888.0,2026-06-10,TWSE basic issued common shares * TWSE latest close
4760.TWO,4760,TPEX,勤凱科技,31,其他電子業,other_electronics_general,electronics_manufacturing,other_electronics,other_electronics_general,member,False,electronics_service,other_electronics_general,other_electronics_general__mid,mid,368,0.8375387339530765,197246748.0,255788437.56666663,120.0,2026-06-18,375.0,958001.0,trade_group_exact,high,True,legacy_subindustry_rule,medium,official_code_fallback,617.0,cap_501_1000,0.6879432624113475,12033528700.5,12.0335287005,32218283.0,2026-06-10,TPEX daily market value shares * close; API MarketValue retained for audit
7728.TWO,7728,TPEX,光焱科技,31,其他電子業,other_electronics_general,electronics_manufacturing,other_electronics,other_electronics_general,member,False,electronics_service,other_electronics_general,other_electronics_general__mid,mid,394,0.8260292164674634,177629682.0,232227735.9833333,120.0,2026-06-18,712.0,41058.0,trade_group_exact,high,True,legacy_subindustry_rule,medium,official_code_fallback,706.0,cap_501_1000,0.6428571428571428,9739418240.0,9.73941824,13854080.0,2026-06-10,TPEX daily market value shares * close; API MarketValue retained for audit
3587.TWO,3587,TPEX,閎康,31,其他電子業,other_electronics_general,electronics_manufacturing,other_electronics,other_electronics_general,member,False,electronics_service,other_electronics_general,other_electronics_general__mid,mid,403,0.8220451527224435,171332083.07161713,499479699.9558442,120.0,2026-06-18,304.0,1018200.0,trade_group_exact,high,True,legacy_subindustry_rule,medium,official_code_fallback,429.0,cap_251_500,0.7831813576494427,20176184983.5,20.1761849835,71168201.0,2026-06-10,TPEX daily market value shares * close; API MarketValue retained for audit
3663.TWO,3663,TPEX,鑫科,31,其他電子業,other_electronics_general,electronics_manufacturing,other_electronics,other_electronics_general,member,False,electronics_service,other_electronics_general,other_electronics_general__mid,mid,405,0.8211598052235503,170611904.10580444,243226667.37515223,120.0,2026-06-18,85.69999694824219,10710831.0,trade_group_exact,high,True,legacy_subindustry_rule,medium,official_code_fallback,851.0,cap_501_1000,0.5694022289766971,7269102958.0,7.269102958,108494074.0,2026-06-10,TPEX daily market value shares * close; API MarketValue retained for audit
6215.TW,6215,TWSE,和椿,31,其他電子業,other_electronics_general,electronics_manufacturing,other_electronics,other_electronics_general,member,False,electronics_service,other_electronics_general,other_electronics_general__mid,mid,458,0.7976980965028774,126466266.90998076,213789249.8222049,120.0,2026-06-18,108.5,1149158.0,trade_group_exact,high,True,legacy_subindustry_rule,medium,official_code_fallback,749.0,cap_501_1000,0.6210739614994933,8982681690.5,8.9826816905,82789693.0,2026-06-10,TWSE basic issued common shares * TWSE latest close
8431.TWO,8431,TPEX,匯鑽科,31,其他電子業,other_electronics_general,electronics_manufacturing,other_electronics,other_electronics_general,member,False,electronics_service,other_electronics_general,other_electronics_general__mid,mid,460,0.796812749003984,125152835.75,191062413.5199245,120.0,2026-06-18,57.59999847412109,1027102.0,trade_group_exact,high,True,legacy_subindustry_rule,medium,official_code_fallback,1448.0,cap_1001_plus,0.2669706180344477,2343798804.55,2.34379880455,48778331.0,2026-06-10,TPEX daily market value shares * close; API MarketValue retained for audit
4585.TW,4585,TWSE,達明,31,其他電子業,other_electronics_general,electronics_manufacturing,other_electronics,other_electronics_general,member,False,electronics_service,other_electronics_general,other_electronics_general__mid,mid,511,0.7742363877822045,107521761.5,159785366.7625,120.0,2026-06-18,313.5,178165.0,trade_group_exact,high,True,legacy_subindustry_rule,medium,official_code_fallback,301.0,cap_251_500,0.8480243161094225,33736402500.0,33.7364025,104609000.0,2026-06-10,TWSE basic issued common shares * TWSE latest close
6725.TWO,6725,TPEX,矽科宏晟,31,其他電子業,other_electronics_general,electronics_manufacturing,other_electronics,other_electronics_general,member,False,electronics_service,other_electronics_general,other_electronics_general__small_mid,small_mid,542,0.7605135015493582,93032666.25,197444539.9958333,120.0,2026-06-18,367.0,1499408.0,trade_group_exact,high,True,legacy_subindustry_rule,medium,official_code_fallback,679.0,cap_501_1000,0.6565349544072948,10322140000.0,10.32214,37130000.0,2026-06-10,TPEX daily market value shares * close; API MarketValue retained for audit
7792.TWO,7792,TPEX,安葆,31,其他電子業,other_electronics_general,electronics_manufacturing,other_electronics,other_electronics_general,member,False,electronics_service,other_electronics_general,other_electronics_general__small_mid,small_mid,618,0.7268702965914121,66732857.5,106108258.7,120.0,2026-06-18,261.0,102207.0,trade_group_exact,high,True,legacy_subindustry_rule,medium,official_code_fallback,615.0,cap_501_1000,0.6889564336372846,12085458000.0,12.085458,46662000.0,2026-06-10,TPEX daily market value shares * close; API MarketValue retained for audit
5452.TWO,5452,TPEX,佶優,31,其他電子業,other_electronics_general,electronics_manufacturing,other_electronics,other_electronics_general,member,False,electronics_service,other_electronics_general,other_electronics_general__small_mid,small_mid,621,0.7255422753430721,65255695.7,107385543.47491996,120.0,2026-06-18,33.900001525878906,2118285.0,trade_group_exact,high,True,legacy_subindustry_rule,medium,official_code_fallback,1065.0,cap_1001_plus,0.4609929078014184,4626550105.900001,4.626550105900001,148763669.0,2026-06-10,TPEX daily market value shares * close; API MarketValue retained for audit
6146.TWO,6146,TPEX,耕興,31,其他電子業,other_electronics_general,electronics_manufacturing,other_electronics,other_electronics_general,member,False,electronics_service,other_electronics_general,other_electronics_general__small_mid,small_mid,685,0.6972111553784861,49919211.0,79747969.7,120.0,2026-06-18,194.5,347331.0,trade_group_exact,high,True,legacy_subindustry_rule,medium,official_code_fallback,409.0,cap_251_500,0.7933130699088146,21799580586.0,21.799580586,101867199.0,2026-06-10,TPEX daily market value shares * close; API MarketValue retained for audit
6613.TWO,6613,TPEX,朋億*,31,其他電子業,other_electronics_general,electronics_manufacturing,other_electronics,other_electronics_general,member,False,electronics_service,other_electronics_general,other_electronics_general__small_mid,small_mid,687,0.6963258078795928,48994669.5,64520735.3125,120.0,2026-06-18,381.5,684387.0,trade_group_exact,high,True,legacy_subindustry_rule,medium,official_code_fallback,427.0,cap_251_500,0.78419452887538,20267286842.5,20.2672868425,77801485.0,2026-06-10,TPEX daily market value shares * close; API MarketValue retained for audit
3580.TWO,3580,TPEX,友威科,31,其他電子業,other_electronics_general,electronics_manufacturing,other_electronics,other_electronics_general,member,False,electronics_service,other_electronics_general,other_electronics_general__small_mid,small_mid,728,0.6781761841522798,40341540.869903564,82963513.25564203,120.0,2026-06-18,101.5,1543002.0,trade_group_exact,high,True,legacy_subindustry_rule,medium,official_code_fallback,1141.0,cap_1001_plus,0.4224924012158054,4065477671.0,4.065477671,39470657.0,2026-06-10,TPEX daily market value shares * close; API MarketValue retained for audit
8499.TW,8499,TWSE,鼎炫-KY,31,其他電子業,other_electronics_general,electronics_manufacturing,other_electronics,other_electronics_general,member,False,electronics_service,other_electronics_general,other_electronics_general__small_mid,small_mid,746,0.6702080566622399,37722448.75,63463566.35,120.0,2026-06-18,304.0,54000.0,trade_group_exact,high,True,legacy_subindustry_rule,medium,official_code_fallback,658.0,cap_501_1000,0.6671732522796352,11114700390.0,11.11470039,41165557.0,2026-06-10,TWSE basic issued common shares * TWSE latest close
5225.TW,5225,TWSE,東科-KY,31,其他電子業,other_electronics_general,electronics_manufacturing,other_electronics,other_electronics_general,member,False,electronics_service,other_electronics_general,other_electronics_general__small_mid,small_mid,796,0.648074369189907,31221935.633499146,44483710.524419405,120.0,2026-06-18,74.0,200000.0,trade_group_exact,high,True,legacy_subindustry_rule,medium,official_code_fallback,962.0,cap_501_1000,0.5131712259371835,5713655227.8,5.7136552278,79136499.0,2026-06-10,TWSE basic issued common shares * TWSE latest close
7703.TWO,7703,TPEX,銳澤,31,其他電子業,other_electronics_general,electronics_manufacturing,other_electronics,other_electronics_general,member,False,electronics_service,other_electronics_general,other_electronics_general__small,small,821,0.6370075254537406,29329989.5,45158601.7625,120.0,2026-06-18,206.5,285070.0,trade_group_exact,high,True,legacy_subindustry_rule,medium,official_code_fallback,898.0,cap_501_1000,0.5455927051671732,6532060000.0,6.53206,34745000.0,2026-06-10,TPEX daily market value shares * close; API MarketValue retained for audit
6877.TWO,6877,TPEX,鏵友益,31,其他電子業,other_electronics_general,electronics_manufacturing,other_electronics,other_electronics_general,member,False,electronics_service,other_electronics_general,other_electronics_general__small,small,861,0.6193005754758742,26938679.78553772,83641445.34023133,120.0,2026-06-18,129.5,161000.0,trade_group_exact,high,True,legacy_subindustry_rule,medium,official_code_fallback,902.0,cap_501_1000,0.5435663627152989,6434495714.0,6.434495714,46967122.0,2026-06-10,TPEX daily market value shares * close; API MarketValue retained for audit
3219.TWO,3219,TPEX,倚強科,31,其他電子業,other_electronics_general,electronics_manufacturing,other_electronics,other_electronics_general,member,False,electronics_service,other_electronics_general,other_electronics_general__small,small,885,0.6086764054891545,24688272.0,40467949.62555542,120.0,2026-06-18,74.5,362000.0,trade_group_exact,high,True,legacy_subindustry_rule,medium,official_code_fallback,987.0,cap_501_1000,0.5005065856129686,5433812616.0,5.433812616,71780880.0,2026-06-10,TPEX daily market value shares * close; API MarketValue retained for audit
6192.TW,6192,TWSE,巨路,31,其他電子業,other_electronics_general,electronics_manufacturing,other_electronics,other_electronics_general,member,False,electronics_service,other_electronics_general,other_electronics_general__small,small,897,0.6033643204957946,23846500.0,35655763.76017291,120.0,2026-06-18,117.5,115000.0,trade_group_exact,high,True,legacy_subindustry_rule,medium,official_code_fallback,604.0,cap_501_1000,0.6945288753799392,12404094330.0,12.40409433,96155770.0,2026-06-10,TWSE basic issued common shares * TWSE latest close
6558.TW,6558,TWSE,興能高,31,其他電子業,other_electronics_general,electronics_manufacturing,other_electronics,other_electronics_general,member,False,electronics_service,other_electronics_general,other_electronics_general__small,small,902,0.6011509517485614,23489845.72515869,41820450.17733522,120.0,2026-06-18,30.899999618530277,412022.0,trade_group_exact,high,True,legacy_subindustry_rule,medium,official_code_fallback,1314.0,cap_1001_plus,0.3348530901722391,2902765681.25,2.90276568125,93788875.0,2026-06-10,TWSE basic issued common shares * TWSE latest close
6658.TW,6658,TWSE,聯策,31,其他電子業,other_electronics_general,electronics_manufacturing,other_electronics,other_electronics_general,member,False,electronics_service,other_electronics_general,other_electronics_general__small,small,1002,0.5568835768038956,17570792.15774536,75237701.6772089,120.0,2026-06-18,189.0,1592801.0,trade_group_exact,high,True,legacy_subindustry_rule,medium,official_code_fallback,903.0,cap_501_1000,0.5430597771023302,6401120000.0,6.40112,36370000.0,2026-06-10,TWSE basic issued common shares * TWSE latest close
5493.TWO,5493,TPEX,三聯,31,其他電子業,other_electronics_general,electronics_manufacturing,other_electronics,other_electronics_general,member,False,electronics_service,other_electronics_general,other_electronics_general__small,small,1083,0.5210270030987163,14010112.994003296,22128902.34734956,120.0,2026-06-18,92.1999969482422,145000.0,trade_group_exact,high,True,legacy_subindustry_rule,medium,official_code_fallback,1099.0,cap_1001_plus,0.4437689969604863,4368925500.0,4.3689255,43689255.0,2026-06-10,TPEX daily market value shares * close; API MarketValue retained for audit
3552.TWO,3552,TPEX,同致,31,其他電子業,other_electronics_general,electronics_manufacturing,other_electronics,other_electronics_general,member,False,electronics_service,other_electronics_general,other_electronics_general__small,small,1115,0.5068614431164231,12587715.804943085,20269297.88397916,120.0,2026-06-18,52.0,192110.0,trade_group_exact,high,True,legacy_subindustry_rule,medium,official_code_fallback,1047.0,cap_1001_plus,0.4701114488348531,4763726949.099999,4.7637269491,97918334.0,2026-06-10,TPEX daily market value shares * close; API MarketValue retained for audit
8183.TWO,8183,TPEX,精星,31,其他電子業,other_electronics_general,electronics_manufacturing,other_electronics,other_electronics_general,member,False,electronics_service,other_electronics_general,other_electronics_general__small,small,1125,0.5024347056219567,12126023.35,18520678.40446192,120.0,2026-06-18,32.54999923706055,320000.0,trade_group_exact,high,True,legacy_subindustry_rule,medium,official_code_fallback,1179.0,cap_1001_plus,0.4032421479229989,3734532894.4,3.7345328944,121251068.0,2026-06-10,TPEX daily market value shares * close; API MarketValue retained for audit
3303.TWO,3303,TPEX,岱稜,31,其他電子業,other_electronics_general,electronics_manufacturing,other_electronics,other_electronics_general,member,False,electronics_service,other_electronics_general,other_electronics_general__small,small,1221,0.4599380256750774,8953314.668146133,11931963.977313766,120.0,2026-06-18,61.0,1403699.0,trade_group_exact,high,True,legacy_subindustry_rule,medium,official_code_fallback,1040.0,cap_1001_plus,0.4736575481256332,4826848139.099999,4.826848139099999,94090607.0,2026-06-10,TPEX daily market value shares * close; API MarketValue retained for audit
3508.TWO,3508,TPEX,位速,31,其他電子業,other_electronics_general,electronics_manufacturing,other_electronics,other_electronics_general,member,False,electronics_service,other_electronics_general,other_electronics_general__small,small,1259,0.4431164231961044,7952371.24190712,44334091.21592521,120.0,2026-06-18,18.799999237060547,255092.0,trade_group_exact,high,True,legacy_subindustry_rule,medium,official_code_fallback,1544.0,cap_1001_plus,0.218338399189463,1955845068.75,1.95584506875,104311737.0,2026-06-10,TPEX daily market value shares * close; API MarketValue retained for audit
8085.TWO,8085,TPEX,福華,31,其他電子業,other_electronics_general,electronics_manufacturing,other_electronics,other_electronics_general,member,False,electronics_service,other_electronics_general,other_electronics_general__small,small,1327,0.4130146082337317,6818253.678594589,8250308.746535701,120.0,2026-06-18,12.899999618530272,375000.0,trade_group_exact,high,True,legacy_subindustry_rule,medium,official_code_fallback,1577.0,cap_1001_plus,0.2016210739614995,1791783168.0,1.791783168,139983060.0,2026-06-10,TPEX daily market value shares * close; API MarketValue retained for audit
6151.TWO,6151,TPEX,晉倫,31,其他電子業,other_electronics_general,electronics_manufacturing,other_electronics,other_electronics_general,member,False,electronics_service,other_electronics_general,other_electronics_general__small,small,1333,0.4103585657370517,6702422.959756851,9864593.255331784,120.0,2026-06-18,40.0,477025.0,trade_group_exact,high,True,legacy_subindustry_rule,medium,official_code_fallback,1487.0,cap_1001_plus,0.2472137791286727,2177137620.0,2.17713762,55257300.0,2026-06-10,TPEX daily market value shares * close; API MarketValue retained for audit
6840.TWO,6840,TPEX,東研信超,31,其他電子業,other_electronics_general,electronics_manufacturing,other_electronics,other_electronics_general,member,False,electronics_service,other_electronics_general,other_electronics_general__small,small,1370,0.3939796370075255,5969983.5,16082652.2252212,120.0,2026-06-18,66.4000015258789,59000.0,trade_group_exact,high,True,legacy_subindustry_rule,medium,official_code_fallback,1530.0,cap_1001_plus,0.2254305977710232,2006026916.8,2.0060269168,30767284.0,2026-06-10,TPEX daily market value shares * close; API MarketValue retained for audit
3093.TWO,3093,TPEX,港建*,31,其他電子業,other_electronics_general,electronics_manufacturing,other_electronics,other_electronics_general,member,False,electronics_service,other_electronics_general,other_electronics_general__small,small,1390,0.3851261620185923,5711420.464296342,92658736.0596264,120.0,2026-06-18,65.0,1889506.0,trade_group_exact,high,True,legacy_subindustry_rule,medium,official_code_fallback,761.0,cap_501_1000,0.6149949341438703,8796427905.6,8.7964279056,145155576.0,2026-06-10,TPEX daily market value shares * close; API MarketValue retained for audit
6698.TW,6698,TWSE,旭暉應材,31,其他電子業,other_electronics_general,electronics_manufacturing,other_electronics,other_electronics_general,member,False,electronics_service,other_electronics_general,other_electronics_general__small,small,1394,0.3833554670208057,5663375.569124222,10400982.470164362,120.0,2026-06-18,41.95000076293945,1495706.0,trade_group_exact,high,True,legacy_subindustry_rule,medium,official_code_fallback,1409.0,cap_1001_plus,0.2867274569402229,2489615737.5,2.4896157375,66389753.0,2026-06-10,TWSE basic issued common shares * TWSE latest close
6283.TW,6283,TWSE,淳安,31,其他電子業,other_electronics_general,electronics_manufacturing,other_electronics,other_electronics_general,member,False,electronics_service,other_electronics_general,other_electronics_general__small,small,1469,0.3501549358123063,4637060.18057251,5791220.631065178,120.0,2026-06-18,24.0,176000.0,trade_group_exact,high,True,legacy_subindustry_rule,medium,official_code_fallback,1194.0,cap_1001_plus,0.3956433637284701,3635144769.2,3.6351447692,148981343.0,2026-06-10,TWSE basic issued common shares * TWSE latest close
4588.TW,4588,TWSE,玖鼎電力,31,其他電子業,other_electronics_general,electronics_manufacturing,other_electronics,other_electronics_general,member,False,electronics_service,other_electronics_general,other_electronics_general__small,small,1488,0.3417441345728198,4404705.9674835205,9527593.929598743,120.0,2026-06-18,59.09999847412109,68000.0,trade_group_exact,high,True,legacy_subindustry_rule,medium,official_code_fallback,1410.0,cap_1001_plus,0.2862208713272542,2484533000.0,2.484533,42985000.0,2026-06-10,TWSE basic issued common shares * TWSE latest close
6722.TW,6722,TWSE,輝創,31,其他電子業,other_electronics_general,electronics_manufacturing,other_electronics,other_electronics_general,member,False,electronics_service,other_electronics_general,other_electronics_general__small,small,1510,0.3320053120849934,4182991.026594162,6624764.060156917,120.0,2026-06-18,37.400001525878906,37000.0,trade_group_exact,high,True,legacy_subindustry_rule,medium,official_code_fallback,1224.0,cap_1001_plus,0.3804457953394123,3438760000.0,3.43876,88400000.0,2026-06-10,TWSE basic issued common shares * TWSE latest close
6743.TW,6743,TWSE,安普新,31,其他電子業,other_electronics_general,electronics_manufacturing,other_electronics,other_electronics_general,member,False,electronics_service,other_electronics_general,other_electronics_general__small,small,1513,0.3306772908366534,4138664.3099327097,7033368.35561436,120.0,2026-06-18,29.0,191147.0,trade_group_exact,high,True,legacy_subindustry_rule,medium,official_code_fallback,1082.0,cap_1001_plus,0.4523809523809523,4507500000.0,4.5075,150000000.0,2026-06-10,TWSE basic issued common shares * TWSE latest close
6735.TWO,6735,TPEX,美達科技,31,其他電子業,other_electronics_general,electronics_manufacturing,other_electronics,other_electronics_general,member,False,electronics_service,other_electronics_general,other_electronics_general__small,small,1573,0.3041168658698538,3515378.700717926,20031401.1193717,120.0,2026-06-18,94.4000015258789,371001.0,trade_group_exact,high,True,legacy_subindustry_rule,medium,official_code_fallback,1120.0,cap_1001_plus,0.4331306990881459,4221061488.8,4.2210614888,46182292.0,2026-06-10,TPEX daily market value shares * close; API MarketValue retained for audit
7631.TW,7631,TWSE,聚賢研發-創,31,其他電子業,other_electronics_general,electronics_manufacturing,other_electronics,other_electronics_general,member,False,electronics_service,other_electronics_general,other_electronics_general__small,small,1674,0.2594068171757414,2595000.0,5941747.820833334,120.0,2026-06-18,131.5,32000.0,trade_group_exact,high,True,legacy_subindustry_rule,medium,official_code_fallback,1397.0,cap_1001_plus,0.292806484295846,2547963000.0,2.547963,20142000.0,2026-06-10,TWSE basic issued common shares * TWSE latest close
6654.TWO,6654,TPEX,天正國際,31,其他電子業,other_electronics_general,electronics_manufacturing,other_electronics,other_electronics_general,member,False,electronics_service,other_electronics_general,other_electronics_general__small,small,1701,0.2474546259406816,2428220.4,3084359.258314158,120.0,2026-06-18,217.0,744420.0,trade_group_exact,high,True,legacy_subindustry_rule,medium,official_code_fallback,883.0,cap_501_1000,0.5531914893617021,6758848800.0,6.7588488,40962720.0,2026-06-10,TPEX daily market value shares * close; API MarketValue retained for audit
5489.TWO,5489,TPEX,彩富,31,其他電子業,other_electronics_general,electronics_manufacturing,other_electronics,other_electronics_general,member,False,electronics_service,other_electronics_general,other_electronics_general__small,small,1751,0.2253209384683487,2028995.0427703853,2405920.6587807336,120.0,2026-06-18,46.59999847412109,521000.0,trade_group_exact,high,True,legacy_subindustry_rule,medium,official_code_fallback,1139.0,cap_1001_plus,0.4235055724417427,4072310385.65,4.07231038565,102706441.0,2026-06-10,TPEX daily market value shares * close; API MarketValue retained for audit
4554.TWO,4554,TPEX,橙的,31,其他電子業,other_electronics_general,electronics_manufacturing,other_electronics,other_electronics_general,member,False,electronics_service,other_electronics_general,other_electronics_general__small,small,1895,0.1615759185480301,1209273.5335397725,1693008.9284071063,120.0,2026-06-18,30.149999618530277,32000.0,trade_group_exact,high,True,legacy_subindustry_rule,medium,official_code_fallback,1881.0,cap_1001_plus,0.0476190476190476,795089412.8,0.7950894128,26327464.0,2026-06-10,TPEX daily market value shares * close; API MarketValue retained for audit
3541.TWO,3541,TPEX,西柏,31,其他電子業,other_electronics_general,electronics_manufacturing,other_electronics,other_electronics_general,member,False,electronics_service,other_electronics_general,other_electronics_general__small,small,1915,0.1527224435590969,1098611.8259429932,1524144.5086213748,120.0,2026-06-18,21.950000762939453,41046.0,trade_group_exact,high,True,legacy_subindustry_rule,medium,official_code_fallback,1730.0,cap_1001_plus,0.1241134751773049,1242498581.1,1.2424985811000002,56349142.0,2026-06-10,TPEX daily market value shares * close; API MarketValue retained for audit
8092.TWO,8092,TPEX,建暐,31,其他電子業,other_electronics_general,electronics_manufacturing,other_electronics,other_electronics_general,member,False,electronics_service,other_electronics_general,other_electronics_general__small,small,1917,0.1518370960602036,1081324.1738462448,2140583.799737445,120.0,2026-06-18,14.699999809265137,24000.0,trade_group_exact,high,True,legacy_subindustry_rule,medium,official_code_fallback,1865.0,cap_1001_plus,0.0557244174265451,846150410.0,0.84615041,57172325.0,2026-06-10,TPEX daily market value shares * close; API MarketValue retained for audit
8201.TW,8201,TWSE,無敵,31,其他電子業,other_electronics_general,electronics_manufacturing,other_electronics,other_electronics_general,member,False,electronics_service,other_electronics_general,other_electronics_general__small,small,1925,0.1482957060646303,1068899.9921798706,1815309.559626428,120.0,2026-06-18,13.5,99100.0,trade_group_exact,high,True,legacy_subindustry_rule,medium,official_code_fallback,1872.0,cap_1001_plus,0.0521783181357649,823234830.0,0.82323483,62366275.0,2026-06-10,TWSE basic issued common shares * TWSE latest close
6855.TWO,6855,TPEX,數泓科,31,其他電子業,other_electronics_general,electronics_manufacturing,other_electronics,other_electronics_general,member,False,electronics_service,other_electronics_general,other_electronics_general__small,small,2023,0.1049136786188579,718500.0,985164.8416666668,120.0,2026-06-18,122.0,0.0,trade_group_exact,high,True,legacy_subindustry_rule,medium,official_code_fallback,1307.0,cap_1001_plus,0.3383991894630193,2941089074.0,2.941089074,23249716.0,2026-06-10,TPEX daily market value shares * close; API MarketValue retained for audit
3465.TWO,3465,TPEX,進泰電子,31,其他電子業,other_electronics_general,electronics_manufacturing,other_electronics,other_electronics_general,member,False,electronics_service,other_electronics_general,other_electronics_general__small,small,2096,0.0725984949092518,498047.5917854309,999869.7596953518,120.0,2026-06-18,36.29999923706055,145000.0,trade_group_exact,high,True,legacy_subindustry_rule,medium,official_code_fallback,1766.0,cap_1001_plus,0.1058763931104356,1134088570.2,1.1340885702,35329862.0,2026-06-10,TPEX daily market value shares * close; API MarketValue retained for audit
3285.TWO,3285,TPEX,微端,31,其他電子業,other_electronics_general,electronics_manufacturing,other_electronics,other_electronics_general,member,False,electronics_service,other_electronics_general,other_electronics_general__small,small,2108,0.0672864099158919,463081.0,743143.9899406593,120.0,2026-06-18,51.20000076293945,501650.0,trade_group_exact,high,True,legacy_subindustry_rule,medium,official_code_fallback,1653.0,cap_1001_plus,0.1631205673758865,1463684847.0,1.463684847,42735324.0,2026-06-10,TPEX daily market value shares * close; API MarketValue retained for audit
6512.TWO,6512,TPEX,啟發電,31,其他電子業,other_electronics_general,electronics_manufacturing,other_electronics,other_electronics_general,member,False,electronics_service,other_electronics_general,other_electronics_general__small,small,2213,0.0208056662239929,129509.55,196604.83463606835,120.0,2026-06-18,19.5,5000.0,trade_group_exact,high,True,legacy_subindustry_rule,medium,official_code_fallback,1944.0,cap_1001_plus,0.0157041540020262,500148000.0,0.500148,25260000.0,2026-06-10,TPEX daily market value shares * close; API MarketValue retained for audit
8455.TWO,8455,TPEX,大拓-KY,31,其他電子業,other_electronics_general,electronics_manufacturing,other_electronics,other_electronics_general,member,False,electronics_service,other_electronics_general,other_electronics_general__small,small,2226,0.0150509074811863,97567.50116348268,350037.47480594635,120.0,2026-06-18,31.100000381469727,18027.0,trade_group_exact,high,True,legacy_subindustry_rule,medium,official_code_fallback,1895.0,cap_1001_plus,0.0405268490374873,726308812.8000001,0.7263088128,25219056.0,2026-06-10,TPEX daily market value shares * close; API MarketValue retained for audit
3067.TWO,3067,TPEX,全域,31,其他電子業,other_electronics_general,electronics_manufacturing,other_electronics,other_electronics_general,member,False,electronics_service,other_electronics_general,other_electronics_general__small,small,2238,0.0097388224878264,62867.55,175427.30012141546,120.0,2026-06-18,19.5,1000.0,trade_group_exact,high,True,legacy_subindustry_rule,medium,official_code_fallback,1962.0,cap_1001_plus,0.0065856129685917,379000000.0,0.379,20000000.0,2026-06-10,TPEX daily market value shares * close; API MarketValue retained for audit
6983.TWO,6983,TPEX,華洋精機,31,其他電子業,other_electronics_general,electronics_manufacturing,other_electronics,other_electronics_general,member,False,electronics_service,other_electronics_general,other_electronics_general__missing_price,missing_price,999999,,0.0,,,,,,trade_group_exact,high,True,legacy_subindustry_rule,medium,official_code_fallback,912.0,cap_501_1000,0.538500506585613,6307000000.0,6.307,18020000.0,2026-06-10,TPEX daily market value shares * close; API MarketValue retained for audit
6944.TW,6944,TWSE,兆聯實業,35,綠能環保,green_energy,energy,other,green_energy,member,False,energy,green_energy,green_energy__mid_large,mid_large,163,0.9282868525896414,710213508.0,826271968.6083333,120.0,2026-06-18,1045.0,643591.0,trade_group_exact,high,False,legacy_subindustry_rule,medium,official_code_fallback,184.0,cap_101_250,0.9072948328267476,69632624096.0,69.632624096,76687912.0,2026-06-10,TWSE basic issued common shares * TWSE latest close
8422.TW,8422,TWSE,可寧衛*,35,綠能環保,green_energy,energy,other,green_energy,member,False,energy,green_energy,green_energy__mid,mid,216,0.9048251438689686,486681349.86434746,1495040627.8897514,120.0,2026-06-18,28.100000381469727,9663668.0,trade_group_exact,high,False,legacy_subindustry_rule,medium,official_code_fallback,269.0,cap_251_500,0.8642350557244174,41061102857.5,41.0611028575,1357391830.0,2026-06-10,TWSE basic issued common shares * TWSE latest close
7610.TW,7610,TWSE,聯友金屬-創,35,綠能環保,green_energy,energy,other,green_energy,member,False,energy,green_energy,green_energy__mid,mid,381,0.83178397521027,185183582.5,234506565.63320863,120.0,2026-06-18,2315.0,1540705.0,trade_group_exact,high,False,legacy_subindustry_rule,medium,official_code_fallback,161.0,cap_101_250,0.9189463019250254,83809911600.0,83.8099116,48585456.0,2026-06-10,TWSE basic issued common shares * TWSE latest close
3551.TWO,3551,TPEX,世禾,35,綠能環保,green_energy,energy,other,green_energy,member,False,energy,green_energy,green_energy__mid,mid,416,0.816290393979637,157170940.25,326798578.95,120.0,2026-06-18,208.0,735348.0,trade_group_exact,high,False,legacy_subindustry_rule,medium,official_code_fallback,649.0,cap_501_1000,0.6717325227963526,11271755090.0,11.27175509,62274890.0,2026-06-10,TPEX daily market value shares * close; API MarketValue retained for audit
9958.TW,9958,TWSE,世紀鋼,10,鋼鐵工業,green_energy,energy,traditional,green_energy_steel,member,False,energy,green_energy,green_energy__mid,mid,433,0.8087649402390438,148046714.0,173917668.7875,120.0,2026-06-18,115.0,2540445.0,trade_group_exact,high,False,legacy_subindustry_rule,medium,exact_symbol,339.0,cap_251_500,0.828774062816616,27405529815.0,27.405529815,246896665.0,2026-06-10,TWSE basic issued common shares * TWSE latest close
3708.TW,3708,TWSE,上緯投控,35,綠能環保,green_energy,energy,other,green_energy,member,False,energy,green_energy,green_energy__mid,mid,437,0.8069942452412572,143457415.5,182011178.3125,120.0,2026-06-18,116.5,869224.0,trade_group_exact,high,False,legacy_subindustry_rule,medium,official_code_fallback,660.0,cap_501_1000,0.6661600810536981,10960540696.0,10.960540696,92105384.0,2026-06-10,TWSE basic issued common shares * TWSE latest close
8390.TWO,8390,TPEX,金益鼎,35,綠能環保,green_energy,energy,other,green_energy,member,False,energy,green_energy,green_energy__mid,mid,494,0.7817618415227977,113803074.0311966,172626466.2634788,120.0,2026-06-18,114.0,1035400.0,trade_group_exact,high,False,legacy_subindustry_rule,medium,official_code_fallback,650.0,cap_501_1000,0.671225937183384,11245586976.0,11.245586976,96116128.0,2026-06-10,TPEX daily market value shares * close; API MarketValue retained for audit
6869.TW,6869,TWSE,雲豹能源,35,綠能環保,green_energy,energy,other,green_energy,member,False,energy,green_energy,green_energy__small_mid,small_mid,592,0.7383798140770252,76252215.74813843,111952484.56714688,120.0,2026-06-18,77.30000305175781,527045.0,trade_group_exact,high,False,legacy_subindustry_rule,medium,official_code_fallback,648.0,cap_501_1000,0.6722391084093211,11302063362.0,11.302063362,137830041.0,2026-06-10,TWSE basic issued common shares * TWSE latest close
6873.TW,6873,TWSE,泓德能源,35,綠能環保,green_energy,energy,other,green_energy,member,False,energy,green_energy,green_energy__small_mid,small_mid,636,0.7189021691013723,61501822.58644104,77228955.99896799,120.0,2026-06-18,78.80000305175781,550443.0,trade_group_exact,high,False,legacy_subindustry_rule,medium,official_code_fallback,611.0,cap_501_1000,0.6909827760891591,12267822514.0,12.267822514,142649099.0,2026-06-10,TWSE basic issued common shares * TWSE latest close
8438.TW,8438,TWSE,昶昕,35,綠能環保,green_energy,energy,other,green_energy,member,False,energy,green_energy,green_energy__small_mid,small_mid,712,0.6852589641434264,43290338.57670975,106306067.13568096,120.0,2026-06-18,92.5,1610023.0,trade_group_exact,high,False,legacy_subindustry_rule,medium,official_code_fallback,967.0,cap_501_1000,0.5106382978723405,5623417200.0,5.6234172,69943000.0,2026-06-10,TWSE basic issued common shares * TWSE latest close
6894.TWO,6894,TPEX,衛司特,35,綠能環保,green_energy,energy,other,green_energy,member,False,energy,green_energy,green_energy__small_mid,small_mid,739,0.6733067729083666,38532703.75,59112925.7375,120.0,2026-06-18,374.5,103018.0,trade_group_exact,high,False,legacy_subindustry_rule,medium,official_code_fallback,806.0,cap_501_1000,0.5921985815602837,7961100000.0,7.9611,23800000.0,2026-06-10,TPEX daily market value shares * close; API MarketValue retained for audit
7786.TW,7786,TWSE,東方風能,35,綠能環保,green_energy,energy,other,green_energy,member,False,energy,green_energy,green_energy__small_mid,small_mid,762,0.6631252766710933,35412061.25,52309377.73245614,114.0,2026-06-18,130.0,203010.0,trade_group_exact,high,False,legacy_subindustry_rule,medium,official_code_fallback,417.0,cap_251_500,0.7892603850050659,21202450252.0,21.202450252,175953944.0,2026-06-10,TWSE basic issued common shares * TWSE latest close
5292.TW,5292,TWSE,華懋,35,綠能環保,green_energy,energy,other,green_energy,member,False,energy,green_energy,green_energy__small_mid,small_mid,775,0.6573705179282869,33145485.75,69160068.2625,120.0,2026-06-18,228.5,89000.0,trade_group_exact,high,False,legacy_subindustry_rule,medium,official_code_fallback,772.0,cap_501_1000,0.6094224924012158,8526870000.0,8.52687,42108000.0,2026-06-10,TWSE basic issued common shares * TWSE latest close
6994.TW,6994,TWSE,富威電力,35,綠能環保,green_energy,energy,other,green_energy,member,False,energy,green_energy,green_energy__small_mid,small_mid,807,0.6432049579459937,30357146.860538483,48805753.737367,120.0,2026-06-18,53.20000076293945,602520.0,trade_group_exact,high,False,legacy_subindustry_rule,medium,official_code_fallback,1105.0,cap_1001_plus,0.4407294832826748,4338481153.5,4.3384811535,74162071.0,2026-06-10,TWSE basic issued common shares * TWSE latest close
6923.TW,6923,TWSE,中台,35,綠能環保,green_energy,energy,other,green_energy,member,False,energy,green_energy,green_energy__small,small,856,0.6215139442231076,27156795.75,40735993.27423522,120.0,2026-06-18,77.69999694824219,165000.0,trade_group_exact,high,False,legacy_subindustry_rule,medium,official_code_fallback,856.0,cap_501_1000,0.5668693009118542,7181808000.0,7.181808,91488000.0,2026-06-10,TWSE basic issued common shares * TWSE latest close
7740.TW,7740,TWSE,熙特爾-創,35,綠能環保,green_energy,energy,other,green_energy,member,False,energy,green_energy,green_energy__small,small,890,0.6064630367419213,24473317.75,38705233.775,120.0,2026-06-18,156.0,628006.0,trade_group_exact,high,False,legacy_subindustry_rule,medium,official_code_fallback,748.0,cap_501_1000,0.621580547112462,8990800000.0,8.9908,53200000.0,2026-06-10,TWSE basic issued common shares * TWSE latest close
5432.TWO,5432,TPEX,新門,35,綠能環保,green_energy,energy,other,green_energy,member,False,energy,green_energy,green_energy__small,small,906,0.5993802567507747,23128427.25,31334539.066666663,120.0,2026-06-18,154.0,487269.0,trade_group_exact,high,False,legacy_subindustry_rule,medium,official_code_fallback,1335.0,cap_1001_plus,0.3242147922998987,2823885246.0,2.823885246,20687804.0,2026-06-10,TPEX daily market value shares * close; API MarketValue retained for audit
9955.TW,9955,TWSE,佳龍,35,綠能環保,green_energy,energy,other,green_energy,member,False,energy,green_energy,green_energy__small,small,941,0.5838866755201417,20859874.54331684,57259100.31192832,120.0,2026-06-18,26.950000762939453,323710.0,trade_group_exact,high,False,legacy_subindustry_rule,medium,official_code_fallback,1339.0,cap_1001_plus,0.3221884498480243,2793658425.75,2.79365842575,104435829.0,2026-06-10,TWSE basic issued common shares * TWSE latest close
6803.TWO,6803,TPEX,崑鼎,35,綠能環保,green_energy,energy,other,green_energy,member,False,energy,green_energy,green_energy__small,small,987,0.5635236830455954,18072838.0,21040508.941666663,120.0,2026-06-18,286.5,29060.0,trade_group_exact,high,False,legacy_subindustry_rule,medium,official_code_fallback,419.0,cap_251_500,0.7882472137791287,20819194110.0,20.81919411,72794385.0,2026-06-10,TPEX daily market value shares * close; API MarketValue retained for audit
8473.TW,8473,TWSE,山林水,35,綠能環保,green_energy,energy,other,green_energy,member,False,energy,green_energy,green_energy__small,small,1026,0.5462594068171758,16448559.432804108,29338053.46844705,120.0,2026-06-18,50.0,1340720.0,trade_group_exact,high,False,legacy_subindustry_rule,medium,official_code_fallback,739.0,cap_501_1000,0.6261398176291793,9114281833.8,9.1142818338,181198446.0,2026-06-10,TWSE basic issued common shares * TWSE latest close
8341.TW,8341,TWSE,日友,35,綠能環保,green_energy,energy,other,green_energy,member,False,energy,green_energy,green_energy__small,small,1069,0.5272244355909694,14584482.60975647,26354149.625661977,120.0,2026-06-18,79.5999984741211,177052.0,trade_group_exact,high,False,legacy_subindustry_rule,medium,official_code_fallback,672.0,cap_501_1000,0.660081053698075,10569000000.0,10.569,130000000.0,2026-06-10,TWSE basic issued common shares * TWSE latest close
2072.TW,2072,TWSE,世紀風電,35,綠能環保,green_energy,energy,other,green_energy,member,False,energy,green_energy,green_energy__small,small,1234,0.4541832669322709,8643506.010261536,46881858.201591365,120.0,2026-06-18,174.0,405100.0,trade_group_exact,high,False,legacy_subindustry_rule,medium,official_code_fallback,292.0,cap_251_500,0.8525835866261398,34944000000.0,34.944,192000000.0,2026-06-10,TWSE basic issued common shares * TWSE latest close
8476.TW,8476,TWSE,台境*,35,綠能環保,green_energy,energy,other,green_energy,member,False,energy,green_energy,green_energy__small,small,1255,0.4448871181938911,7995472.279423716,26137354.343730114,120.0,2026-06-18,21.75,3402720.0,trade_group_exact,high,False,legacy_subindustry_rule,medium,official_code_fallback,1274.0,cap_1001_plus,0.3551165146909828,3166612119.9,3.1666121199,166226358.0,2026-06-10,TWSE basic issued common shares * TWSE latest close
7820.TWO,7820,TPEX,立盈,35,綠能環保,green_energy,energy,other,green_energy,member,False,energy,green_energy,green_energy__small,small,1355,0.4006197432492253,6313276.5,12137842.816666666,120.0,2026-06-18,118.0,17012.0,trade_group_exact,high,False,legacy_subindustry_rule,medium,official_code_fallback,1087.0,cap_1001_plus,0.4498480243161094,4418867232.0,4.418867232,37768096.0,2026-06-10,TPEX daily market value shares * close; API MarketValue retained for audit
9930.TW,9930,TWSE,中聯資源,35,綠能環保,green_energy,energy,other,green_energy,member,False,energy,green_energy,green_energy__small,small,1385,0.3873395307658256,5740989.20262146,6658137.462906583,120.0,2026-06-18,70.0,120306.0,trade_group_exact,high,False,legacy_subindustry_rule,medium,official_code_fallback,476.0,cap_251_500,0.7593718338399189,17223847502.399998,17.223847502399998,248540368.0,2026-06-10,TWSE basic issued common shares * TWSE latest close
6624.TWO,6624,TPEX,萬年清,35,綠能環保,green_energy,energy,other,green_energy,member,False,energy,green_energy,green_energy__small,small,1430,0.367419212040726,5179044.875,8817363.525822576,120.0,2026-06-18,42.5,8000.0,trade_group_exact,high,False,legacy_subindustry_rule,medium,official_code_fallback,1820.0,cap_1001_plus,0.0785207700101316,998013104.4,0.9980131044,22579482.0,2026-06-10,TPEX daily market value shares * close; API MarketValue retained for audit
6951.TW,6951,TWSE,青新-創,35,綠能環保,green_energy,energy,other,green_energy,member,False,energy,green_energy,green_energy__small,small,1484,0.3435148295706064,4434948.661884308,5759271.094671122,120.0,2026-06-18,78.80000305175781,17098.0,trade_group_exact,high,False,legacy_subindustry_rule,medium,official_code_fallback,1164.0,cap_1001_plus,0.4108409321175278,3818000000.0,3.818,46000000.0,2026-06-10,TWSE basic issued common shares * TWSE latest close
8171.TWO,8171,TPEX,天宇,35,綠能環保,green_energy,energy,other,green_energy,member,False,energy,green_energy,green_energy__small,small,1535,0.3209384683488269,3889324.9788093567,5810707.894745643,120.0,2026-06-18,21.549999237060547,241182.0,trade_group_exact,high,False,legacy_subindustry_rule,medium,official_code_fallback,1362.0,cap_1001_plus,0.3105369807497466,2685909158.8,2.6859091588000004,112853326.0,2026-06-10,TPEX daily market value shares * close; API MarketValue retained for audit
3073.TWO,3073,TPEX,天方能源,35,綠能環保,green_energy,energy,other,green_energy,member,False,energy,green_energy,green_energy__small,small,1631,0.2784417884019478,2978898.3,5622306.438079328,120.0,2026-06-18,21.200000762939453,101022.0,trade_group_exact,high,False,legacy_subindustry_rule,medium,official_code_fallback,1875.0,cap_1001_plus,0.0506585612968591,811951625.4,0.8119516254,39511028.0,2026-06-10,TPEX daily market value shares * close; API MarketValue retained for audit
8440.TWO,8440,TPEX,綠電,35,綠能環保,green_energy,energy,other,green_energy,member,False,energy,green_energy,green_energy__small,small,1673,0.2598494909251881,2596960.400482178,4621856.492831647,120.0,2026-06-18,22.25,89567.0,trade_group_exact,high,False,legacy_subindustry_rule,medium,official_code_fallback,1770.0,cap_1001_plus,0.1038500506585613,1130744227.5,1.1307442275,50255299.0,2026-06-10,TPEX daily market value shares * close; API MarketValue retained for audit
3713.TWO,3713,TPEX,新晶投控,35,綠能環保,green_energy,energy,other,green_energy,member,False,energy,green_energy,green_energy__small,small,1767,0.2182381584772023,1952250.018119812,2489719.809935176,120.0,2026-06-18,15.649999618530272,70750.0,trade_group_exact,high,False,legacy_subindustry_rule,medium,official_code_fallback,1665.0,cap_1001_plus,0.1570415400202633,1422804986.9999998,1.4228049869999997,88099380.0,2026-06-10,TPEX daily market value shares * close; API MarketValue retained for audit
6969.TW,6969,TWSE,成信實業*-創,35,綠能環保,green_energy,energy,other,green_energy,member,False,energy,green_energy,green_energy__small,small,1841,0.1854803010181496,1477606.1814041138,2194055.222211154,120.0,2026-06-18,26.399999618530277,120000.0,trade_group_exact,high,False,legacy_subindustry_rule,medium,official_code_fallback,1755.0,cap_1001_plus,0.1114488348530902,1175372665.2,1.1753726652,43857189.0,2026-06-10,TWSE basic issued common shares * TWSE latest close
6581.TW,6581,TWSE,鋼聯,35,綠能環保,green_energy,energy,other,green_energy,member,False,energy,green_energy,green_energy__small,small,1845,0.183709606020363,1468000.0,1621097.3041666667,120.0,2026-06-18,109.0,14000.0,trade_group_exact,high,False,legacy_subindustry_rule,medium,official_code_fallback,620.0,cap_501_1000,0.6864235055724417,11961620352.5,11.9616203525,111270887.0,2026-06-10,TWSE basic issued common shares * TWSE latest close
7715.TWO,7715,TPEX,裕山,35,綠能環保,green_energy,energy,other,green_energy,member,False,energy,green_energy,green_energy__small,small,1858,0.1779548472775564,1389982.8,4707209.727767369,120.0,2026-06-18,32.400001525878906,917000.0,trade_group_exact,high,False,legacy_subindustry_rule,medium,official_code_fallback,1836.0,cap_1001_plus,0.0704154002026342,939838900.0,0.9398389,32747000.0,2026-06-10,TPEX daily market value shares * close; API MarketValue retained for audit
6971.TWO,6971,TPEX,惠民實業,35,綠能環保,green_energy,energy,other,green_energy,member,False,energy,green_energy,green_energy__small,small,1868,0.1735281097830898,1333666.1165981293,1855240.1493720785,120.0,2026-06-18,27.799999237060547,401270.0,trade_group_exact,high,False,legacy_subindustry_rule,medium,official_code_fallback,1809.0,cap_1001_plus,0.0840932117527861,1036302400.0,1.0363024,38668000.0,2026-06-10,TPEX daily market value shares * close; API MarketValue retained for audit
6692.TWO,6692,TPEX,進能服,35,綠能環保,green_energy,energy,other,green_energy,member,False,energy,green_energy,green_energy__small,small,1892,0.16290393979637,1223999.9771118164,1592765.3934649786,120.0,2026-06-18,27.0,67100.0,trade_group_exact,high,False,legacy_subindustry_rule,medium,official_code_fallback,1648.0,cap_1001_plus,0.1656534954407295,1491692611.5,1.4916926115,58843890.0,2026-06-10,TPEX daily market value shares * close; API MarketValue retained for audit
6771.TW,6771,TWSE,平和環保-創,35,綠能環保,green_energy,energy,other,green_energy,member,False,energy,green_energy,green_energy__small,small,1906,0.1567065073041168,1136072.9323654177,1711930.5438248634,120.0,2026-06-18,42.0,82000.0,trade_group_exact,high,False,legacy_subindustry_rule,medium,official_code_fallback,1707.0,cap_1001_plus,0.1357649442755826,1301744125.0,1.301744125,31179500.0,2026-06-10,TWSE basic issued common shares * TWSE latest close
8087.TWO,8087,TPEX,麗升能源,35,綠能環保,green_energy,energy,other,green_energy,member,False,energy,green_energy,green_energy__small,small,1926,0.1478530323151837,1068000.9486522677,1769546.3058165042,120.0,2026-06-18,33.099998474121094,64000.0,trade_group_exact,high,False,legacy_subindustry_rule,medium,official_code_fallback,1654.0,cap_1001_plus,0.1626139817629179,1463627024.7,1.4636270247,38669142.0,2026-06-10,TPEX daily market value shares * close; API MarketValue retained for audit
6887.TW,6887,TWSE,寶綠特-KY,35,綠能環保,green_energy,energy,other,green_energy,member,False,energy,green_energy,green_energy__small,small,1948,0.1381142098273572,977091.7029819489,2592454.7255485216,120.0,2026-06-18,34.20000076293945,24000.0,trade_group_exact,high,False,legacy_subindustry_rule,medium,official_code_fallback,1372.0,cap_1001_plus,0.3054711246200607,2643501402.8,2.6435014028,74151512.0,2026-06-10,TWSE basic issued common shares * TWSE latest close
6641.TW,6641,TWSE,基士德-KY,35,綠能環保,green_energy,energy,other,green_energy,member,False,energy,green_energy,green_energy__small,small,2071,0.0836653386454183,562883.2391262057,1879328.241839711,120.0,2026-06-18,18.350000381469727,56020.0,trade_group_exact,high,False,legacy_subindustry_rule,medium,official_code_fallback,1915.0,cap_1001_plus,0.0303951367781154,666125000.0,0.666125,36500000.0,2026-06-10,TWSE basic issued common shares * TWSE latest close
8423.TWO,8423,TPEX,保綠-KY,35,綠能環保,green_energy,energy,other,green_energy,member,False,energy,green_energy,green_energy__small,small,2167,0.0411686586985391,261400.41080856323,428220.3026330693,120.0,2026-06-18,17.75,13001.0,trade_group_exact,high,False,legacy_subindustry_rule,medium,official_code_fallback,1894.0,cap_1001_plus,0.0410334346504559,742509734.0,0.742509734,41714030.0,2026-06-10,TPEX daily market value shares * close; API MarketValue retained for audit
5205.TWO,5205,TPEX,中茂,35,綠能環保,green_energy,energy,other,green_energy,member,False,energy,green_energy,green_energy__small,small,2240,0.0088534749889331,61919.99959945679,114395.29673518817,120.0,2026-06-18,24.899999618530277,17999.0,trade_group_exact,high,False,legacy_subindustry_rule,medium,official_code_fallback,1969.0,cap_1001_plus,0.0030395136778115,317250000.0,0.31725,13500000.0,2026-06-10,TPEX daily market value shares * close; API MarketValue retained for audit
4582.TW,4582,TWSE,聚恆-創,35,綠能環保,green_energy,energy,other,green_energy,member,False,energy,green_energy,green_energy__missing_price,missing_price,999999,,0.0,,,,,,trade_group_exact,high,False,legacy_subindustry_rule,medium,official_code_fallback,1566.0,cap_1001_plus,0.207193515704154,1844820000.0,1.84482,66600000.0,2026-06-10,TWSE basic issued common shares * TWSE latest close
7818.TW,7818,TWSE,溢泰實業,35,綠能環保,green_energy,energy,other,green_energy,member,False,energy,green_energy,green_energy__missing_price,missing_price,999999,,0.0,,,,,,trade_group_exact,high,False,legacy_subindustry_rule,medium,official_code_fallback,670.0,cap_501_1000,0.6610942249240122,10580598000.0,10.580598,167946000.0,2026-06-10,TWSE basic issued common shares * TWSE latest close
7842.TWO,7842,TPEX,天能綠電,35,綠能環保,green_energy,energy,other,green_energy,member,False,energy,green_energy,green_energy__missing_price,missing_price,999999,,0.0,,,,,,trade_group_exact,high,False,legacy_subindustry_rule,medium,official_code_fallback,1542.0,cap_1001_plus,0.2193515704154002,1961875000.0,1.961875,18250000.0,2026-06-10,TPEX daily market value shares * close; API MarketValue retained for audit
3018.TW,3018,TWSE,隆銘綠能,31,其他電子業,green_energy_engineering,energy,other_electronics,green_energy_engineering,member,False,energy,green_energy_engineering,green_energy_engineering__small,small,2208,0.0230190349712262,137176.40320205688,246263.4703662237,120.0,2026-06-18,11.899999618530272,67196.0,trade_group_exact,high,False,legacy_subindustry_rule,medium,exact_symbol,1846.0,cap_1001_plus,0.0653495440729483,904532580.0,0.90453258,75377715.0,2026-06-10,TWSE basic issued common shares * TWSE latest close
6505.TW,6505,TWSE,台塑化,23,油電燃氣業,oil_gas,energy,traditional,oil_gas,member,False,energy,oil_gas,oil_gas__mid_large,mid_large,202,0.9110225763612216,549168015.8246841,834348525.3858589,120.0,2026-06-18,53.5,13936928.0,trade_group_exact,high,False,legacy_subindustry_rule,medium,official_code_fallback,40.0,cap_001_050,0.9802431610942248,485823942252.0,485.823942252,9525959652.0,2026-06-10,TWSE basic issued common shares * TWSE latest close
8926.TW,8926,TWSE,台汽電,23,油電燃氣業,oil_gas,energy,traditional,oil_gas,member,False,energy,oil_gas,oil_gas__small_mid,small_mid,667,0.7051792828685259,52586275.87670136,68744358.63337488,120.0,2026-06-18,79.0,12615399.0,trade_group_exact,high,False,legacy_subindustry_rule,medium,official_code_fallback,214.0,cap_101_250,0.89209726443769,54771150000.0,54.77115,730282000.0,2026-06-10,TWSE basic issued common shares * TWSE latest close
8927.TWO,8927,TPEX,北基,23,油電燃氣業,oil_gas,energy,traditional,oil_gas,member,False,energy,oil_gas,oil_gas__small,small,1067,0.5281097830898628,14686550.611133575,20931746.19355171,120.0,2026-06-18,20.5,209750.0,trade_group_exact,high,False,legacy_subindustry_rule,medium,official_code_fallback,764.0,cap_501_1000,0.6134751773049645,8746149878.55,8.74614987855,423542367.0,2026-06-10,TPEX daily market value shares * close; API MarketValue retained for audit
9908.TW,9908,TWSE,大台北,23,油電燃氣業,oil_gas,energy,traditional,oil_gas,member,False,energy,oil_gas,oil_gas__small,small,1463,0.3528109783089862,4753090.000343323,21741854.82987428,120.0,2026-06-18,29.549999237060547,340083.0,trade_group_exact,high,False,legacy_subindustry_rule,medium,official_code_fallback,517.0,cap_501_1000,0.7386018237082067,15180925200.0,15.1809252,516358000.0,2026-06-10,TWSE basic issued common shares * TWSE latest close
8908.TWO,8908,TPEX,欣雄,23,油電燃氣業,oil_gas,energy,traditional,oil_gas,member,False,energy,oil_gas,oil_gas__small,small,1570,0.3054448871181938,3521945.606809616,8622664.967668114,120.0,2026-06-18,42.150001525878906,174001.0,trade_group_exact,high,False,legacy_subindustry_rule,medium,official_code_fallback,581.0,cap_501_1000,0.7061803444782169,13117842067.2,13.117842067200002,315332742.0,2026-06-10,TPEX daily market value shares * close; API MarketValue retained for audit
9937.TW,9937,TWSE,全國,23,油電燃氣業,oil_gas,energy,traditional,oil_gas,member,False,energy,oil_gas,oil_gas__small,small,1580,0.3010181496237273,3462608.2450141907,5923757.033510622,120.0,2026-06-18,55.5,53000.0,trade_group_exact,high,False,legacy_subindustry_rule,medium,official_code_fallback,479.0,cap_251_500,0.7578520770010132,17059173600.0,17.0591736,309043000.0,2026-06-10,TWSE basic issued common shares * TWSE latest close
2616.TW,2616,TWSE,山隆,23,油電燃氣業,oil_gas,energy,traditional,oil_gas,member,False,energy,oil_gas,oil_gas__small,small,1826,0.1921204072598494,1565405.7609491348,10529165.313624509,120.0,2026-06-18,13.850000381469728,269120.0,trade_group_exact,high,False,legacy_subindustry_rule,medium,official_code_fallback,1560.0,cap_1001_plus,0.2102330293819655,1867032847.2,1.8670328472,137281827.0,2026-06-10,TWSE basic issued common shares * TWSE latest close
8931.TWO,8931,TPEX,大汽電,23,油電燃氣業,oil_gas,energy,traditional,oil_gas,member,False,energy,oil_gas,oil_gas__small,small,1857,0.1783975210270031,1404164.4120044708,1773151.9954979578,120.0,2026-06-18,42.20000076293945,56001.0,trade_group_exact,high,False,legacy_subindustry_rule,medium,official_code_fallback,1002.0,cap_1001_plus,0.4929078014184397,5244733579.8,5.2447335798,122254862.0,2026-06-10,TPEX daily market value shares * close; API MarketValue retained for audit
9918.TW,9918,TWSE,欣天然,23,油電燃氣業,oil_gas,energy,traditional,oil_gas,member,False,energy,oil_gas,oil_gas__small,small,1916,0.1522797698096503,1089859.495601654,17572437.03755757,120.0,2026-06-18,43.09999847412109,15004.0,trade_group_exact,high,False,legacy_subindustry_rule,medium,official_code_fallback,813.0,cap_501_1000,0.5886524822695036,7754083606.35,7.75408360635,180537453.0,2026-06-10,TWSE basic issued common shares * TWSE latest close
9926.TW,9926,TWSE,新海,23,油電燃氣業,oil_gas,energy,traditional,oil_gas,member,False,energy,oil_gas,oil_gas__small,small,1964,0.1310314298362107,884741.5000152588,5026152.648161506,120.0,2026-06-18,49.20000076293945,7000.0,trade_group_exact,high,False,legacy_subindustry_rule,medium,official_code_fallback,763.0,cap_501_1000,0.6139817629179332,8768774063.75,8.76877406375,179504075.0,2026-06-10,TWSE basic issued common shares * TWSE latest close
9931.TW,9931,TWSE,欣高,23,油電燃氣業,oil_gas,energy,traditional,oil_gas,member,False,energy,oil_gas,oil_gas__small,small,2099,0.0712704736609118,495520.78893089294,10023780.418899218,120.0,2026-06-18,35.25,35000.0,trade_group_exact,high,False,legacy_subindustry_rule,medium,official_code_fallback,1130.0,cap_1001_plus,0.42806484295846,4152740953.5,4.1527409535,120369303.0,2026-06-10,TWSE basic issued common shares * TWSE latest close
8917.TWO,8917,TPEX,欣泰,23,油電燃氣業,oil_gas,energy,traditional,oil_gas,member,False,energy,oil_gas,oil_gas__small,small,2104,0.0690571049136786,482250.0,2153294.165982666,120.0,2026-06-18,52.29999923706055,7030.0,trade_group_exact,high,False,legacy_subindustry_rule,medium,official_code_fallback,781.0,cap_501_1000,0.6048632218844985,8376601638.5,8.3766016385,162652459.0,2026-06-10,TPEX daily market value shares * close; API MarketValue retained for audit
2887.TW,2887,TWSE,台新新光金,17,金融保險業,finance_bank,finance,finance,finance,leader,True,finance,bank,bank__mid_large,mid_large,93,0.9592740150509076,1497046210.2896748,2085842232.1441147,120.0,2026-06-18,32.45000076293945,109142520.0,trade_group_exact,high,False,exact_symbol,high,official_code_fallback,24.0,cap_001_050,0.9883485309017224,718638937747.0,718.638937747,24866399230.0,2026-06-10,TWSE basic issued common shares * TWSE latest close
2890.TW,2890,TWSE,永豐金,17,金融保險業,finance_bank,finance,finance,finance,leader,True,finance,bank,bank__mid_large,mid_large,178,0.9216467463479416,642956563.4653025,746441171.2794614,120.0,2026-06-18,39.79999923706055,147188862.0,trade_group_exact,high,False,exact_symbol,high,official_code_fallback,43.0,cap_001_050,0.9787234042553192,478246635075.0,478.246635075,14492322275.0,2026-06-10,TWSE basic issued common shares * TWSE latest close
2882.TW,2882,TWSE,國泰金,17,金融保險業,finance_holding,finance,finance,finance,leader,True,finance,finance_holding,finance_holding__mid_large,mid_large,81,0.9645861000442674,1835458387.5974464,1966660793.551833,120.0,2026-06-18,115.5,47963852.0,trade_group_exact,high,False,exact_symbol,high,official_code_fallback,11.0,cap_001_050,0.994934143870314,1465454091787.2002,1465.4540917872002,14669210128.0,2026-06-10,TWSE basic issued common shares * TWSE latest close
2891.TW,2891,TWSE,中信金,17,金融保險業,finance_holding,finance,finance,finance,leader,True,finance,finance_holding,finance_holding__mid_large,mid_large,83,0.963700752545374,1713363901.107628,1977413016.3221235,120.0,2026-06-18,71.9000015258789,58547843.0,trade_group_exact,high,False,exact_symbol,high,official_code_fallback,13.0,cap_001_050,0.993920972644377,1342027112784.6,1342.0271127846,19677816903.0,2026-06-10,TWSE basic issued common shares * TWSE latest close
2881.TW,2881,TWSE,富邦金,17,金融保險業,finance_holding,finance,finance,finance,core_leader,True,finance,finance_holding,finance_holding__mid_large,mid_large,87,0.9619300575475874,1626939257.4206429,2105187057.3147483,120.0,2026-06-18,138.0,44276004.0,trade_group_exact,high,False,exact_symbol,high,official_code_fallback,7.0,cap_001_050,0.9969604863221884,1715902206620.0,1715.90220662,14007364952.0,2026-06-10,TWSE basic issued common shares * TWSE latest close
2884.TW,2884,TWSE,玉山金,17,金融保險業,finance_holding,finance,finance,finance,member,False,finance,finance_holding,finance_holding__mid_large,mid_large,117,0.9486498450641876,1138049742.4380455,1346570298.832989,120.0,2026-06-18,35.400001525878906,97345884.0,trade_group_exact,high,False,legacy_subindustry_rule,medium,official_code_fallback,33.0,cap_001_050,0.983789260385005,544255100000.0,544.2551,16174000000.0,2026-06-10,TWSE basic issued common shares * TWSE latest close
2885.TW,2885,TWSE,元大金,17,金融保險業,finance_holding,finance,finance,finance,member,False,finance,finance_holding,finance_holding__mid_large,mid_large,125,0.9451084550686144,1056951801.1673964,1110059604.7453244,120.0,2026-06-18,68.0,40955097.0,trade_group_exact,high,False,legacy_subindustry_rule,medium,official_code_fallback,21.0,cap_001_050,0.9898682877406282,830530641635.7999,830.5306416358,13331149946.0,2026-06-10,TWSE basic issued common shares * TWSE latest close
2886.TW,2886,TWSE,兆豐金,17,金融保險業,finance_holding,finance,finance,finance,member,False,finance,finance_holding,finance_holding__mid_large,mid_large,160,0.9296148738379814,759657096.1320763,814031939.8728231,120.0,2026-06-18,45.5,72179280.0,trade_group_exact,high,False,legacy_subindustry_rule,medium,official_code_fallback,26.0,cap_001_050,0.9873353596757852,643768617438.7999,643.7686174387999,14833378282.0,2026-06-10,TWSE basic issued common shares * TWSE latest close
2883.TW,2883,TWSE,凱基金,17,金融保險業,finance_holding,finance,finance,finance,member,False,finance,finance_holding,finance_holding__mid_large,mid_large,170,0.9251881363435148,686449100.5384402,846836141.9560165,120.0,2026-06-18,30.75,127143147.0,trade_group_exact,high,False,legacy_subindustry_rule,medium,official_code_fallback,42.0,cap_001_050,0.9792299898682876,478690686528.0,478.690686528,16974847040.0,2026-06-10,TWSE basic issued common shares * TWSE latest close
2892.TW,2892,TWSE,第一金,17,金融保險業,finance_holding,finance,finance,finance,member,False,finance,finance_holding,finance_holding__mid_large,mid_large,203,0.9105799026117752,541652158.7026768,751312178.3340856,120.0,2026-06-18,32.599998474121094,73095322.0,trade_group_exact,high,False,legacy_subindustry_rule,medium,official_code_fallback,46.0,cap_001_050,0.9772036474164134,439292767257.5,439.2927672575,14379468650.0,2026-06-10,TWSE basic issued common shares * TWSE latest close
2880.TW,2880,TWSE,華南金,17,金融保險業,finance_holding,finance,finance,finance,member,False,finance,finance_holding,finance_holding__mid,mid,247,0.8911022576361222,401838450.55732346,533400546.22452617,120.0,2026-06-18,38.34999847412109,67720385.0,trade_group_exact,high,False,legacy_subindustry_rule,medium,official_code_fallback,39.0,cap_001_050,0.9807497467071936,491964715896.15,491.9647158961501,13916965089.0,2026-06-10,TWSE basic issued common shares * TWSE latest close
2801.TW,2801,TWSE,彰銀,17,金融保險業,finance_holding,finance,finance,finance,member,False,finance,finance_holding,finance_holding__mid,mid,276,0.8782647189021691,340289146.8069621,420685827.9319462,120.0,2026-06-18,22.850000381469727,35224992.0,trade_group_exact,high,False,legacy_subindustry_rule,medium,official_code_fallback,70.0,cap_051_100,0.9650455927051672,262971133754.55,262.97113375455,11766046253.0,2026-06-10,TWSE basic issued common shares * TWSE latest close
5880.TW,5880,TWSE,合庫金,17,金融保險業,finance_holding,finance,finance,finance,member,False,finance,finance_holding,finance_holding__mid,mid,287,0.8733953076582559,314642754.8218708,343262878.19999987,120.0,2026-06-18,24.75,32362250.0,trade_group_exact,high,False,legacy_subindustry_rule,medium,official_code_fallback,52.0,cap_051_100,0.9741641337386018,373206298553.2,373.2062985532,15680936914.0,2026-06-10,TWSE basic issued common shares * TWSE latest close
2834.TW,2834,TWSE,臺企銀,17,金融保險業,finance_holding,finance,finance,finance,member,False,finance,finance_holding,finance_holding__mid,mid,310,0.8632138114209827,283694109.8180866,328458641.1485026,120.0,2026-06-18,17.5,50466474.0,trade_group_exact,high,False,legacy_subindustry_rule,medium,official_code_fallback,102.0,cap_101_250,0.9488348530901722,164721148340.55,164.72114834055,9718061849.0,2026-06-10,TWSE basic issued common shares * TWSE latest close
5876.TW,5876,TWSE,上海商銀,17,金融保險業,finance_holding,finance,finance,finance,member,False,finance,finance_holding,finance_holding__mid,mid,317,0.8601150951748562,267185107.65048409,309387727.6277277,120.0,2026-06-18,42.5,13581051.0,trade_group_exact,high,False,legacy_subindustry_rule,medium,official_code_fallback,87.0,cap_051_100,0.9564336372847012,204430412037.0,204.430412037,4861603140.0,2026-06-10,TWSE basic issued common shares * TWSE latest close
6005.TW,6005,TWSE,群益證,17,金融保險業,finance_holding,finance,finance,finance,member,False,finance,finance_holding,finance_holding__mid,mid,338,0.8508189464364764,228703572.23115256,264756457.41519728,120.0,2026-06-18,39.650001525878906,20053234.0,trade_group_exact,high,False,legacy_subindustry_rule,medium,official_code_fallback,162.0,cap_101_250,0.9184397163120568,83037234710.25,83.03723471025,2170908097.0,2026-06-10,TWSE basic issued common shares * TWSE latest close
2812.TW,2812,TWSE,台中銀,17,金融保險業,finance_holding,finance,finance,finance,member,False,finance,finance_holding,finance_holding__mid,mid,386,0.8295706064630367,183844036.75,209541924.37302315,120.0,2026-06-18,19.799999237060547,20817419.0,trade_group_exact,high,False,legacy_subindustry_rule,medium,official_code_fallback,123.0,cap_101_250,0.938196555217832,116819542867.4,116.8195428674,6021625921.0,2026-06-10,TWSE basic issued common shares * TWSE latest close
2855.TW,2855,TWSE,統一證,17,金融保險業,finance_holding,finance,finance,finance,member,False,finance,finance_holding,finance_holding__mid,mid,452,0.8003541389995573,130768662.55265428,169285796.6384735,120.0,2026-06-18,52.20000076293945,8625347.0,trade_group_exact,high,False,legacy_subindustry_rule,medium,official_code_fallback,164.0,cap_101_250,0.9174265450861196,82152562721.4,82.15256272139999,1601414478.0,2026-06-10,TWSE basic issued common shares * TWSE latest close
2867.TW,2867,TWSE,三商壽,17,金融保險業,finance_holding,finance,finance,finance,member,False,finance,finance_holding,finance_holding__mid,mid,526,0.7675962815405046,100153629.55947542,122057247.6214836,120.0,2026-06-18,8.739999771118164,18313730.0,trade_group_exact,high,False,legacy_subindustry_rule,medium,official_code_fallback,238.0,cap_101_250,0.8799392097264438,48139928519.04,48.13992851904,5899501044.0,2026-06-10,TWSE basic issued common shares * TWSE latest close
6016.TWO,6016,TPEX,康和證,17,金融保險業,finance_holding,finance,finance,finance,member,False,finance,finance_holding,finance_holding__small_mid,small_mid,577,0.7450199203187251,81420096.33515167,123812455.9203758,120.0,2026-06-18,28.799999237060547,7882816.0,trade_group_exact,high,False,legacy_subindustry_rule,medium,official_code_fallback,449.0,cap_251_500,0.7730496453900709,18778387143.8,18.7783871438,686595508.0,2026-06-10,TPEX daily market value shares * close; API MarketValue retained for audit
2845.TW,2845,TWSE,遠東銀,17,金融保險業,finance_holding,finance,finance,finance,member,False,finance,finance_holding,finance_holding__small_mid,small_mid,605,0.7326250553342186,70560467.29400873,83469736.3409647,120.0,2026-06-18,12.949999809265137,31768496.0,trade_group_exact,high,False,legacy_subindustry_rule,medium,official_code_fallback,199.0,cap_101_250,0.8996960486322189,62275644556.8,62.2756445568,4865284731.0,2026-06-10,TWSE basic issued common shares * TWSE latest close
2889.TW,2889,TWSE,國票金,17,金融保險業,finance_holding,finance,finance,finance,member,False,finance,finance_holding,finance_holding__small_mid,small_mid,614,0.7286409915891987,67970797.7001934,79436799.04515801,120.0,2026-06-18,15.25,7174004.0,trade_group_exact,high,False,legacy_subindustry_rule,medium,official_code_fallback,216.0,cap_101_250,0.8910840932117527,54685130238.55,54.68513023855,3633563471.0,2026-06-10,TWSE basic issued common shares * TWSE latest close
5864.TWO,5864,TPEX,致和證,17,金融保險業,finance_holding,finance,finance,finance,member,False,finance,finance_holding,finance_holding__small_mid,small_mid,624,0.7242142540947322,64420427.47346783,102293545.95282295,120.0,2026-06-18,49.04999923706055,4556490.0,trade_group_exact,high,False,legacy_subindustry_rule,medium,official_code_fallback,434.0,cap_251_500,0.7806484295845998,19838731717.8,19.8387317178,454495572.0,2026-06-10,TPEX daily market value shares * close; API MarketValue retained for audit
2838.TW,2838,TWSE,聯邦銀,17,金融保險業,finance_holding,finance,finance,finance,member,False,finance,finance_holding,finance_holding__small_mid,small_mid,801,0.6458610004426737,30983477.81189728,37059719.88832067,120.0,2026-06-18,22.75,7545217.0,trade_group_exact,high,False,legacy_subindustry_rule,medium,official_code_fallback,149.0,cap_101_250,0.9250253292806484,93972946015.35,93.97294601535,4340551779.0,2026-06-10,TWSE basic issued common shares * TWSE latest close
2851.TW,2851,TWSE,中再保,17,金融保險業,finance_holding,finance,finance,finance,member,False,finance,finance_holding,finance_holding__small_mid,small_mid,808,0.6427622841965471,30170603.46214485,42040585.05102386,120.0,2026-06-18,39.0,4640419.0,trade_group_exact,high,False,legacy_subindustry_rule,medium,official_code_fallback,323.0,cap_251_500,0.8368794326241135,29294228250.0,29.29422825,800388750.0,2026-06-10,TWSE basic issued common shares * TWSE latest close
2897.TW,2897,TWSE,王道銀行,17,金融保險業,finance_holding,finance,finance,finance,member,False,finance,finance_holding,finance_holding__small,small,829,0.6334661354581673,28832861.13946485,33577714.63352266,120.0,2026-06-18,10.5,5241321.0,trade_group_exact,high,False,legacy_subindustry_rule,medium,official_code_fallback,326.0,cap_251_500,0.8353596757852078,29175721931.2,29.1757219312,2805357878.0,2026-06-10,TWSE basic issued common shares * TWSE latest close
6026.TWO,6026,TPEX,福邦證,17,金融保險業,finance_holding,finance,finance,finance,member,False,finance,finance_holding,finance_holding__small,small,915,0.5953961930057547,22289283.122416496,35050622.917300306,120.0,2026-06-18,17.049999237060547,2280829.0,trade_group_exact,high,False,legacy_subindustry_rule,medium,official_code_fallback,895.0,cap_501_1000,0.547112462006079,6615902744.7,6.6159027447,396161841.0,2026-06-10,TPEX daily market value shares * close; API MarketValue retained for audit
6015.TWO,6015,TPEX,宏遠證,17,金融保險業,finance_holding,finance,finance,finance,member,False,finance,finance_holding,finance_holding__small,small,930,0.5887560867640549,21347943.248682026,38752708.98794513,120.0,2026-06-18,18.350000381469727,2762954.0,trade_group_exact,high,False,legacy_subindustry_rule,medium,official_code_fallback,866.0,cap_501_1000,0.5618034447821683,7078320234.0,7.078320234,393240013.0,2026-06-10,TPEX daily market value shares * close; API MarketValue retained for audit
6024.TW,6024,TWSE,群益期,17,金融保險業,finance_holding,finance,finance,finance,member,False,finance,finance_holding,finance_holding__small,small,1045,0.5378486055776892,15634939.552490234,19182055.055901844,120.0,2026-06-18,62.0,657784.0,trade_group_exact,high,False,legacy_subindustry_rule,medium,official_code_fallback,520.0,cap_501_1000,0.7370820668693009,15146217590.4,15.1462175904,249937584.0,2026-06-10,TWSE basic issued common shares * TWSE latest close
2836.TW,2836,TWSE,高雄銀,17,金融保險業,finance_holding,finance,finance,finance,member,False,finance,finance_holding,finance_holding__small,small,1059,0.5316511730854361,15329013.536791325,18146055.84587993,120.0,2026-06-18,12.350000381469728,2995120.0,trade_group_exact,high,False,legacy_subindustry_rule,medium,official_code_fallback,395.0,cap_251_500,0.8004052684903749,22538983066.25,22.53898306625,1839916985.0,2026-06-10,TWSE basic issued common shares * TWSE latest close
2820.TW,2820,TWSE,華票,17,金融保險業,finance_holding,finance,finance,finance,member,False,finance,finance_holding,finance_holding__small,small,1095,0.5157149181053564,13398327.874321938,17465426.87662767,120.0,2026-06-18,17.850000381469727,3561662.0,trade_group_exact,high,False,legacy_subindustry_rule,medium,official_code_fallback,381.0,cap_251_500,0.8074974670719351,23636096000.000004,23.63609600000001,1342960000.0,2026-06-10,TWSE basic issued common shares * TWSE latest close
6023.TWO,6023,TPEX,元大期貨,17,金融保險業,finance_holding,finance,finance,finance,member,False,finance,finance_holding,finance_holding__small,small,1158,0.4878264718902169,10904713.576011658,15761110.38349069,120.0,2026-06-18,100.0,306100.0,trade_group_exact,high,False,legacy_subindustry_rule,medium,official_code_fallback,311.0,cap_251_500,0.8429584599797366,31741647769.6,31.741647769600004,319976288.0,2026-06-10,TPEX daily market value shares * close; API MarketValue retained for audit
2832.TW,2832,TWSE,台產,17,金融保險業,finance_holding,finance,finance,finance,member,False,finance,finance_holding,finance_holding__small,small,1179,0.4785303231518371,10241600.435958862,13716369.174286334,120.0,2026-06-18,56.29999923706055,645953.0,trade_group_exact,high,False,legacy_subindustry_rule,medium,official_code_fallback,558.0,cap_501_1000,0.7178318135764945,13919361372.0,13.919361372,253540280.0,2026-06-10,TWSE basic issued common shares * TWSE latest close
2852.TW,2852,TWSE,第一保,17,金融保險業,finance_holding,finance,finance,finance,member,False,finance,finance_holding,finance_holding__small,small,1205,0.4670208056662239,9286972.437143326,11118200.846058257,120.0,2026-06-18,26.350000381469727,1682316.0,trade_group_exact,high,False,legacy_subindustry_rule,medium,official_code_fallback,784.0,cap_501_1000,0.6033434650455927,8342236816.8,8.3422368168,301163784.0,2026-06-10,TWSE basic issued common shares * TWSE latest close
6021.TWO,6021,TPEX,美好證,17,金融保險業,finance_holding,finance,finance,finance,member,False,finance,finance_holding,finance_holding__small,small,1268,0.4391323594510845,7787500.548488617,9601738.306457307,120.0,2026-06-18,41.34999847412109,220001.0,trade_group_exact,high,False,legacy_subindustry_rule,medium,official_code_fallback,614.0,cap_501_1000,0.6894630192502533,12120769791.2,12.1207697912,312390974.0,2026-06-10,TPEX daily market value shares * close; API MarketValue retained for audit
2816.TW,2816,TWSE,旺旺保,17,金融保險業,finance_holding,finance,finance,finance,member,False,finance,finance_holding,finance_holding__small,small,1541,0.3182824258521469,3802116.051358224,4653008.24385527,120.0,2026-06-18,33.45000076293945,327625.0,trade_group_exact,high,False,legacy_subindustry_rule,medium,official_code_fallback,831.0,cap_501_1000,0.5795339412360689,7468507200.0,7.4685072,223608000.0,2026-06-10,TWSE basic issued common shares * TWSE latest close
6028.TWO,6028,TPEX,公勝保經,17,金融保險業,finance_holding,finance,finance,finance,member,False,finance,finance_holding,finance_holding__small,small,1819,0.1952191235059761,1599451.0,3030295.2061806363,120.0,2026-06-18,80.0,39255.0,trade_group_exact,high,False,legacy_subindustry_rule,medium,official_code_fallback,1541.0,cap_1001_plus,0.2198581560283687,1962500000.0,1.9625,25000000.0,2026-06-10,TPEX daily market value shares * close; API MarketValue retained for audit
2849.TW,2849,TWSE,安泰銀,17,金融保險業,finance_holding,finance,finance,finance,member,False,finance,finance_holding,finance_holding__small,small,1951,0.1367861885790172,938733.363093853,1366700.5196948051,120.0,2026-06-18,14.600000381469728,154099.0,trade_group_exact,high,False,legacy_subindustry_rule,medium,official_code_fallback,344.0,cap_251_500,0.8262411347517731,27015009016.2,27.0150090162,1957609349.0,2026-06-10,TWSE basic issued common shares * TWSE latest close
5878.TWO,5878,TPEX,台名,17,金融保險業,finance_holding,finance,finance,finance,member,False,finance,finance_holding,finance_holding__small,small,2184,0.033643204957946,205499.99237060544,257224.08559854503,120.0,2026-06-18,39.09999847412109,14010.0,trade_group_exact,high,False,legacy_subindustry_rule,medium,official_code_fallback,1829.0,cap_1001_plus,0.0739614994934143,977199032.15,0.97719903215,25024303.0,2026-06-10,TPEX daily market value shares * close; API MarketValue retained for audit
6020.TWO,6020,TPEX,大展證,17,金融保險業,finance_holding,finance,finance,finance,member,False,finance,finance_holding,finance_holding__small,small,2203,0.0252324037184594,153600.00610351562,334048.34568566,120.0,2026-06-18,22.799999237060547,58025.0,trade_group_exact,high,False,legacy_subindustry_rule,medium,official_code_fallback,983.0,cap_501_1000,0.502532928064843,5463445784.099999,5.463445784099999,252353154.0,2026-06-10,TPEX daily market value shares * close; API MarketValue retained for audit
2850.TW,2850,TWSE,新產,17,金融保險業,finance_insurance,finance,finance,finance,leader,True,finance,insurance,insurance__small,small,826,0.6347941567065073,28960102.75,34270642.125,120.0,2026-06-18,142.0,592648.0,trade_group_exact,high,False,exact_symbol,high,official_code_fallback,244.0,cap_101_250,0.8768996960486322,46762568400.0,46.7625684,315963300.0,2026-06-10,TWSE basic issued common shares * TWSE latest close
1762.TW,1762,TWSE,中化生,22,生技醫療業,biotech_biologics,healthcare,biotech,biotech_biologics,member,False,healthcare,biologics,biologics__small,small,1749,0.2262062859672421,2048548.703605652,3346581.4374469914,120.0,2026-06-18,35.5,302388.0,trade_group_exact,high,False,legacy_subindustry_rule,medium,exact_symbol,1294.0,cap_1001_plus,0.3449848024316109,3038261000.0,3.038261,76918000.0,2026-06-10,TWSE basic issued common shares * TWSE latest close
6446.TW,6446,TWSE,藥華藥,22,生技醫療業,biotech_drug,healthcare,biotech,biotech_pharma,member,False,healthcare,biotech_drug,biotech_drug__mid_large,mid_large,130,0.9428950863213812,1005137567.5,1401544816.75,120.0,2026-06-18,1060.0,2690868.0,trade_group_exact,high,False,exact_symbol,high,exact_symbol,51.0,cap_051_100,0.9746707193515703,376263880820.0,376.26388082,381606370.0,2026-06-10,TWSE basic issued common shares * TWSE latest close
1795.TW,1795,TWSE,美時,22,生技醫療業,biotech_drug,healthcare,biotech,biotech_pharma,leader,True,healthcare,biotech_drug,biotech_drug__mid_large,mid_large,153,0.932713590084108,805643098.5,1113449266.795833,120.0,2026-06-18,193.0,941954.0,trade_group_exact,high,False,exact_symbol,high,exact_symbol,218.0,cap_101_250,0.8900709219858156,53908510024.0,53.908510024,266873812.0,2026-06-10,TWSE basic issued common shares * TWSE latest close
6472.TW,6472,TWSE,保瑞,22,生技醫療業,biotech_drug,healthcare,biotech,biotech_pharma,member,False,healthcare,biotech_drug,biotech_drug__mid,mid,261,0.8849048251438689,377198044.0,551151769.725,120.0,2026-06-18,422.5,1235173.0,trade_group_exact,high,False,legacy_subindustry_rule,medium,exact_symbol,227.0,cap_101_250,0.8855116514690983,50841060882.0,50.841060882,127741359.0,2026-06-10,TWSE basic issued common shares * TWSE latest close
4743.TWO,4743,TPEX,合一,22,生技醫療業,biotech_drug,healthcare,biotech,biotech_pharma,leader,True,healthcare,biotech_drug,biotech_drug__mid,mid,481,0.7875166002656042,118587043.59350204,174256240.646175,120.0,2026-06-18,48.0,1427145.0,trade_group_exact,high,False,exact_symbol,high,exact_symbol,383.0,cap_251_500,0.806484295845998,23540064814.0,23.540064814,480409486.0,2026-06-10,TPEX daily market value shares * close; API MarketValue retained for audit
4123.TWO,4123,TPEX,晟德,22,生技醫療業,biotech_drug,healthcare,biotech,biotech_pharma,member,False,healthcare,biotech_drug,biotech_drug__small_mid,small_mid,550,0.7569721115537849,90014869.5,153965843.51814365,120.0,2026-06-18,37.20000076293945,1686816.0,trade_group_exact,high,False,legacy_subindustry_rule,medium,exact_symbol,325.0,cap_251_500,0.8358662613981763,29184870090.750004,29.184870090750003,769034785.0,2026-06-10,TPEX daily market value shares * close; API MarketValue retained for audit
6491.TW,6491,TWSE,晶碩,22,生技醫療業,biotech_drug,healthcare,biotech,biotech_pharma,member,False,healthcare,biotech_drug,biotech_drug__small_mid,small_mid,598,0.7357237715803453,72074185.5,84455036.87916666,120.0,2026-06-18,327.5,724339.0,trade_group_exact,high,False,legacy_subindustry_rule,medium,exact_symbol,362.0,cap_251_500,0.8171225937183384,25428000000.0,25.428,78000000.0,2026-06-10,TWSE basic issued common shares * TWSE latest close
6547.TWO,6547,TPEX,高端疫苗,22,生技醫療業,biotech_drug,healthcare,biotech,biotech_pharma,member,False,healthcare,biotech_drug,biotech_drug__small_mid,small_mid,622,0.7250996015936255,65243749.548122406,128094523.14493588,120.0,2026-06-18,45.20000076293945,1419120.0,trade_group_exact,high,False,legacy_subindustry_rule,medium,exact_symbol,510.0,cap_501_1000,0.7421479229989869,15500517707.5,15.5005177075,328749050.0,2026-06-10,TPEX daily market value shares * close; API MarketValue retained for audit
4105.TWO,4105,TPEX,東洋,22,生技醫療業,biotech_drug,healthcare,biotech,biotech_pharma,member,False,healthcare,biotech_drug,biotech_drug__small_mid,small_mid,634,0.7197875166002656,61637163.32963562,68503464.29802583,120.0,2026-06-18,73.5,972010.0,trade_group_exact,high,False,legacy_subindustry_rule,medium,exact_symbol,454.0,cap_251_500,0.770516717325228,18574151937.3,18.5741519373,248649959.0,2026-06-10,TPEX daily market value shares * close; API MarketValue retained for audit
4147.TWO,4147,TPEX,中裕,22,生技醫療業,biotech_drug,healthcare,biotech,biotech_pharma,member,False,healthcare,biotech_drug,biotech_drug__small_mid,small_mid,714,0.684373616644533,42525592.99548721,50260563.47645071,120.0,2026-06-18,57.20000076293945,959000.0,trade_group_exact,high,False,legacy_subindustry_rule,medium,exact_symbol,499.0,cap_251_500,0.7477203647416413,15736459680.0,15.73645968,273202425.0,2026-06-10,TPEX daily market value shares * close; API MarketValue retained for audit
4142.TW,4142,TWSE,國光生,22,生技醫療業,biotech_drug,healthcare,biotech,biotech_pharma,member,False,healthcare,biotech_drug,biotech_drug__small,small,814,0.6401062416998672,29900246.898207664,41639922.540313415,120.0,2026-06-18,17.399999618530273,1094842.0,trade_group_exact,high,False,legacy_subindustry_rule,medium,exact_symbol,819.0,cap_501_1000,0.585612968591692,7645237950.0,7.64523795,429507750.0,2026-06-10,TWSE basic issued common shares * TWSE latest close
4164.TW,4164,TWSE,承業醫,22,生技醫療業,biotech_drug,healthcare,biotech,biotech_pharma,member,False,healthcare,biotech_drug,biotech_drug__small,small,841,0.6281540504648074,28255414.46393967,34275945.864141054,120.0,2026-06-18,31.149999618530277,686000.0,trade_group_exact,high,False,legacy_subindustry_rule,medium,exact_symbol,941.0,cap_501_1000,0.5238095238095238,6044875109.55,6.04487510955,195310989.0,2026-06-10,TWSE basic issued common shares * TWSE latest close
4128.TWO,4128,TPEX,中天,22,生技醫療業,biotech_drug,healthcare,biotech,biotech_pharma,member,False,healthcare,biotech_drug,biotech_drug__small,small,843,0.6272687029659141,27984759.19807816,33734081.97721353,120.0,2026-06-18,15.050000190734863,844690.0,trade_group_exact,high,False,legacy_subindustry_rule,medium,exact_symbol,766.0,cap_501_1000,0.6124620060790273,8734333365.449999,8.734333365449999,588170597.0,2026-06-10,TPEX daily market value shares * close; API MarketValue retained for audit
3218.TWO,3218,TPEX,大學光,22,生技醫療業,biotech_drug,healthcare,biotech,biotech_pharma,member,False,healthcare,biotech_drug,biotech_drug__small,small,846,0.6259406817175741,27599546.0,33820663.641666666,120.0,2026-06-18,133.5,122183.0,trade_group_exact,high,False,legacy_subindustry_rule,medium,exact_symbol,651.0,cap_501_1000,0.6707193515704154,11226049117.5,11.2260491175,84724899.0,2026-06-10,TPEX daily market value shares * close; API MarketValue retained for audit
4162.TWO,4162,TPEX,智擎,22,生技醫療業,biotech_drug,healthcare,biotech,biotech_pharma,member,False,healthcare,biotech_drug,biotech_drug__small,small,873,0.6139884904825144,25606151.4,31044418.226798687,120.0,2026-06-18,57.29999923706055,380200.0,trade_group_exact,high,False,legacy_subindustry_rule,medium,exact_symbol,786.0,cap_501_1000,0.6023302938196555,8332761008.0,8.332761008,145677640.0,2026-06-10,TPEX daily market value shares * close; API MarketValue retained for audit
4167.TWO,4167,TPEX,松瑞藥,22,生技醫療業,biotech_drug,healthcare,biotech,biotech_pharma,member,False,healthcare,biotech_drug,biotech_drug__small,small,974,0.5692784417884019,19060400.83047676,29214848.19110649,120.0,2026-06-18,19.950000762939453,609318.0,trade_group_exact,high,False,legacy_subindustry_rule,medium,exact_symbol,922.0,cap_501_1000,0.5334346504559271,6193359934.65,6.193359934649999,310444107.0,2026-06-10,TPEX daily market value shares * close; API MarketValue retained for audit
1789.TW,1789,TWSE,神隆,22,生技醫療業,biotech_drug,healthcare,biotech,biotech_pharma,member,False,healthcare,biotech_drug,biotech_drug__small,small,1006,0.5551128818061088,17461037.852121357,33555571.497528665,120.0,2026-06-18,20.549999237060547,1359445.0,trade_group_exact,high,False,legacy_subindustry_rule,medium,exact_symbol,498.0,cap_251_500,0.74822695035461,15814784440.0,15.81478444,790739222.0,2026-06-10,TWSE basic issued common shares * TWSE latest close
1720.TW,1720,TWSE,生達,22,生技醫療業,biotech_drug,healthcare,biotech,biotech_pharma,member,False,healthcare,biotech_drug,biotech_drug__small,small,1012,0.5524568393094289,16996398.150131226,23075719.68162988,120.0,2026-06-18,62.900001525878906,203012.0,trade_group_exact,high,False,legacy_subindustry_rule,medium,exact_symbol,653.0,cap_501_1000,0.6697061803444782,11186375171.4,11.1863751714,178696089.0,2026-06-10,TWSE basic issued common shares * TWSE latest close
4104.TW,4104,TWSE,佳醫,22,生技醫療業,biotech_drug,healthcare,biotech,biotech_pharma,member,False,healthcare,biotech_drug,biotech_drug__small,small,1048,0.5365205843293492,15578444.844806671,18377441.032181103,120.0,2026-06-18,69.5,189470.0,trade_group_exact,high,False,legacy_subindustry_rule,medium,exact_symbol,580.0,cap_501_1000,0.7066869300911853,13129211683.2,13.1292116832,188367456.0,2026-06-10,TWSE basic issued common shares * TWSE latest close
6617.TWO,6617,TPEX,共信-KY,22,生技醫療業,biotech_drug,healthcare,biotech,biotech_pharma,member,False,healthcare,biotech_drug,biotech_drug__small,small,1091,0.517485613103143,13661237.72315979,15672185.659563212,120.0,2026-06-18,67.5999984741211,113000.0,trade_group_exact,high,False,legacy_subindustry_rule,medium,exact_symbol,770.0,cap_501_1000,0.6104356636271531,8619412360.0,8.61941236,127506100.0,2026-06-10,TPEX daily market value shares * close; API MarketValue retained for audit
1760.TW,1760,TWSE,寶齡富錦,22,生技醫療業,biotech_drug,healthcare,biotech,biotech_pharma,member,False,healthcare,biotech_drug,biotech_drug__small,small,1256,0.4444444444444444,7995108.546131134,12086566.995051924,120.0,2026-06-18,59.900001525878906,304150.0,trade_group_exact,high,False,legacy_subindustry_rule,medium,exact_symbol,998.0,cap_501_1000,0.4949341438703141,5272949299.5,5.2729492995,85739013.0,2026-06-10,TWSE basic issued common shares * TWSE latest close
1734.TW,1734,TWSE,杏輝,22,生技醫療業,biotech_drug,healthcare,biotech,biotech_pharma,member,False,healthcare,biotech_drug,biotech_drug__small,small,1343,0.4059318282425852,6526507.838309289,7696732.05844566,120.0,2026-06-18,31.899999618530277,381063.0,trade_group_exact,high,False,legacy_subindustry_rule,medium,exact_symbol,949.0,cap_501_1000,0.5197568389057751,5953159026.2,5.9531590262,190196774.0,2026-06-10,TWSE basic issued common shares * TWSE latest close
4121.TWO,4121,TPEX,優盛,22,生技醫療業,biotech_drug,healthcare,biotech,biotech_pharma,member,False,healthcare,biotech_drug,biotech_drug__small,small,1647,0.2713590084108013,2829688.825398445,8408112.50714733,120.0,2026-06-18,13.550000190734863,94000.0,trade_group_exact,high,False,legacy_subindustry_rule,medium,exact_symbol,1763.0,cap_1001_plus,0.1073961499493414,1138621316.5,1.1386213165,83111045.0,2026-06-10,TPEX daily market value shares * close; API MarketValue retained for audit
4155.TW,4155,TWSE,訊映,22,生技醫療業,biotech_drug,healthcare,biotech,biotech_pharma,member,False,healthcare,biotech_drug,biotech_drug__small,small,1736,0.2319610447100487,2123657.652287483,2478842.365297953,120.0,2026-06-18,15.300000190734863,415901.0,trade_group_exact,high,False,legacy_subindustry_rule,medium,exact_symbol,1462.0,cap_1001_plus,0.2598784194528876,2264307166.6,2.2643071666,144684164.0,2026-06-10,TWSE basic issued common shares * TWSE latest close
4108.TW,4108,TWSE,懷特,22,生技醫療業,biotech_drug,healthcare,biotech,biotech_pharma,member,False,healthcare,biotech_drug,biotech_drug__small,small,1738,0.2310756972111554,2115078.981306076,2457210.0568662006,120.0,2026-06-18,12.0,158172.0,trade_group_exact,high,False,legacy_subindustry_rule,medium,exact_symbol,1423.0,cap_1001_plus,0.2796352583586626,2433081267.75,2.43308126775,198618879.0,2026-06-10,TWSE basic issued common shares * TWSE latest close
1752.TW,1752,TWSE,南光,22,生技醫療業,biotech_drug,healthcare,biotech,biotech_pharma,member,False,healthcare,biotech_drug,biotech_drug__small,small,1766,0.2186808322266489,1952549.9801635745,2552791.6002423605,120.0,2026-06-18,32.79999923706055,86219.0,trade_group_exact,high,False,legacy_subindustry_rule,medium,exact_symbol,1242.0,cap_1001_plus,0.3713272543059777,3317471305.2000003,3.3174713052,100988472.0,2026-06-10,TWSE basic issued common shares * TWSE latest close
1731.TW,1731,TWSE,美吾華,22,生技醫療業,biotech_drug,healthcare,biotech,biotech_pharma,member,False,healthcare,biotech_drug,biotech_drug__small,small,1783,0.2111553784860558,1807843.2502460484,2068762.48688372,120.0,2026-06-18,21.799999237060547,152000.0,trade_group_exact,high,False,legacy_subindustry_rule,medium,exact_symbol,1326.0,cap_1001_plus,0.328774062816616,2857677746.0,2.857677746,132915244.0,2026-06-10,TWSE basic issued common shares * TWSE latest close
4163.TWO,4163,TPEX,鐿鈦,22,生技醫療業,biotech_drug,healthcare,biotech,biotech_pharma,member,False,healthcare,biotech_drug,biotech_drug__small,small,1812,0.1983178397521027,1639429.9629707336,2547853.859919955,120.0,2026-06-18,115.0,69002.0,trade_group_exact,high,False,legacy_subindustry_rule,medium,exact_symbol,976.0,cap_501_1000,0.506079027355623,5526370087.0,5.526370087,50700643.0,2026-06-10,TPEX daily market value shares * close; API MarketValue retained for audit
6612.TWO,6612,TPEX,奈米醫材,22,生技醫療業,biotech_drug,healthcare,biotech,biotech_pharma,member,False,healthcare,biotech_drug,biotech_drug__small,small,1829,0.1907923860115095,1547283.2831802368,2420144.785775935,120.0,2026-06-18,73.30000305175781,22000.0,trade_group_exact,high,False,legacy_subindustry_rule,medium,exact_symbol,1222.0,cap_1001_plus,0.3814589665653495,3468564632.0,3.468564632,47514584.0,2026-06-10,TPEX daily market value shares * close; API MarketValue retained for audit
4102.TWO,4102,TPEX,永日,22,生技醫療業,biotech_drug,healthcare,biotech,biotech_pharma,member,False,healthcare,biotech_drug,biotech_drug__small,small,1864,0.1752988047808764,1361862.75,1560458.0769297665,120.0,2026-06-18,19.0,35001.0,trade_group_exact,high,False,legacy_subindustry_rule,medium,exact_symbol,1892.0,cap_1001_plus,0.042046605876393,754247285.4,0.7542472854,42373443.0,2026-06-10,TPEX daily market value shares * close; API MarketValue retained for audit
4120.TWO,4120,TPEX,友華,22,生技醫療業,biotech_drug,healthcare,biotech,biotech_pharma,member,False,healthcare,biotech_drug,biotech_drug__small,small,1911,0.1544931385568836,1121408.3725242617,1615899.8547740174,120.0,2026-06-18,45.20000076293945,16000.0,trade_group_exact,high,False,legacy_subindustry_rule,medium,exact_symbol,1143.0,cap_1001_plus,0.4214792299898683,4033741033.5,4.0337410335,86747119.0,2026-06-10,TPEX daily market value shares * close; API MarketValue retained for audit
3164.TW,3164,TWSE,景岳,22,生技醫療業,biotech_drug,healthcare,biotech,biotech_pharma,member,False,healthcare,biotech_drug,biotech_drug__small,small,2005,0.1128818061088977,755958.9757633209,943357.354083554,120.0,2026-06-18,16.399999618530273,35108.0,trade_group_exact,high,False,legacy_subindustry_rule,medium,exact_symbol,1667.0,cap_1001_plus,0.1560283687943262,1406269451.4,1.4062694514,86010364.0,2026-06-10,TWSE basic issued common shares * TWSE latest close
4735.TWO,4735,TPEX,豪展,22,生技醫療業,biotech_drug,healthcare,biotech,biotech_pharma,member,False,healthcare,biotech_drug,biotech_drug__small,small,2056,0.0903054448871182,608666.6927566528,699672.7483972295,120.0,2026-06-18,30.600000381469727,36000.0,trade_group_exact,high,False,legacy_subindustry_rule,medium,exact_symbol,1704.0,cap_1001_plus,0.1372847011144883,1311494314.9,1.3114943149,41568758.0,2026-06-10,TPEX daily market value shares * close; API MarketValue retained for audit
6919.TW,6919,TWSE,康霈*,22,生技醫療業,biotech_general,healthcare,biotech,biotech_general,member,False,healthcare,biotech_general,biotech_general__mid_large,mid_large,128,0.9437804338202744,1014919855.0,1280470994.150125,120.0,2026-06-18,109.0,53581050.0,trade_group_exact,high,False,legacy_subindustry_rule,medium,official_code_fallback,113.0,cap_101_250,0.9432624113475178,137662478824.0,137.662478824,1557267860.0,2026-06-10,TWSE basic issued common shares * TWSE latest close
7799.TW,7799,TWSE,禾榮科,22,生技醫療業,biotech_general,healthcare,biotech,biotech_general,member,False,healthcare,biotech_general,biotech_general__mid,mid,370,0.8366533864541833,196112150.5,242997793.5125,120.0,2026-06-18,362.0,951080.0,trade_group_exact,high,False,legacy_subindustry_rule,medium,official_code_fallback,219.0,cap_101_250,0.889564336372847,53797467750.0,53.79746775,157995500.0,2026-06-10,TWSE basic issued common shares * TWSE latest close
6949.TW,6949,TWSE,沛爾生醫-創,22,生技醫療業,biotech_general,healthcare,biotech,biotech_general,member,False,healthcare,biotech_general,biotech_general__small_mid,small_mid,589,0.7397078353253652,76514402.5,113348906.95314687,120.0,2026-06-18,911.0,714517.0,trade_group_exact,high,False,legacy_subindustry_rule,medium,official_code_fallback,241.0,cap_101_250,0.878419452887538,47545536250.0,47.54553625,65580050.0,2026-06-10,TWSE basic issued common shares * TWSE latest close
6499.TWO,6499,TPEX,益安,22,生技醫療業,biotech_general,healthcare,biotech,biotech_general,member,False,healthcare,biotech_general,biotech_general__small_mid,small_mid,688,0.6958831341301461,48489218.8779335,78446932.79767637,120.0,2026-06-18,73.69999694824219,291355.0,trade_group_exact,high,False,legacy_subindustry_rule,medium,official_code_fallback,848.0,cap_501_1000,0.5709219858156028,7280561464.299999,7.280561464299999,96944893.0,2026-06-10,TPEX daily market value shares * close; API MarketValue retained for audit
6782.TW,6782,TWSE,視陽,22,生技醫療業,biotech_general,healthcare,biotech,biotech_general,member,False,healthcare,biotech_general,biotech_general__small_mid,small_mid,745,0.6706507304116867,37754587.5,53406522.10833333,120.0,2026-06-18,194.5,338500.0,trade_group_exact,high,False,legacy_subindustry_rule,medium,official_code_fallback,612.0,cap_501_1000,0.6904761904761905,12253500000.0,12.2535,63000000.0,2026-06-10,TWSE basic issued common shares * TWSE latest close
6620.TWO,6620,TPEX,漢達,22,生技醫療業,biotech_general,healthcare,biotech,biotech_general,member,False,healthcare,biotech_general,biotech_general__small_mid,small_mid,781,0.6547144754316069,32654944.5,43745089.34038533,120.0,2026-06-18,81.80000305175781,1657001.0,trade_group_exact,high,False,legacy_subindustry_rule,medium,official_code_fallback,624.0,cap_501_1000,0.6843971631205674,11864736620.0,11.86473662,169981900.0,2026-06-10,TPEX daily market value shares * close; API MarketValue retained for audit
1784.TWO,1784,TPEX,訊聯,22,生技醫療業,biotech_general,healthcare,biotech,biotech_general,member,False,healthcare,biotech_general,biotech_general__small,small,812,0.6409915891987605,29973247.742095947,44195073.4419354,120.0,2026-06-18,67.0,110015.0,trade_group_exact,high,False,legacy_subindustry_rule,medium,official_code_fallback,1212.0,cap_1001_plus,0.3865248226950354,3521934963.3,3.5219349633,53121191.0,2026-06-10,TPEX daily market value shares * close; API MarketValue retained for audit
6785.TWO,6785,TPEX,昱展新藥,22,生技醫療業,biotech_general,healthcare,biotech,biotech_general,member,False,healthcare,biotech_general,biotech_general__small,small,822,0.6365648517042939,29115060.0,41913484.97916666,120.0,2026-06-18,121.0,92000.0,trade_group_exact,high,False,legacy_subindustry_rule,medium,official_code_fallback,817.0,cap_501_1000,0.5866261398176291,7682000000.0,7.682,66800000.0,2026-06-10,TPEX daily market value shares * close; API MarketValue retained for audit
6712.TWO,6712,TPEX,長聖,22,生技醫療業,biotech_general,healthcare,biotech,biotech_general,member,False,healthcare,biotech_general,biotech_general__small,small,824,0.6356795042054006,29030318.0,37026796.3375,120.0,2026-06-18,139.0,218552.0,trade_group_exact,high,False,legacy_subindustry_rule,medium,official_code_fallback,560.0,cap_501_1000,0.7168186423505573,13839885096.0,13.839885096,101763861.0,2026-06-10,TPEX daily market value shares * close; API MarketValue retained for audit
4130.TWO,4130,TPEX,健亞,22,生技醫療業,biotech_general,healthcare,biotech,biotech_general,member,False,healthcare,biotech_general,biotech_general__small,small,837,0.629924745462594,28376187.5452919,47669784.15692039,120.0,2026-06-18,25.700000762939453,79505.0,trade_group_exact,high,False,legacy_subindustry_rule,medium,official_code_fallback,1197.0,cap_1001_plus,0.3941236068895644,3598864533.0,3.598864533,137887530.0,2026-06-10,TPEX daily market value shares * close; API MarketValue retained for audit
6535.TWO,6535,TPEX,順藥,22,生技醫療業,biotech_general,healthcare,biotech,biotech_general,member,False,healthcare,biotech_general,biotech_general__small,small,847,0.6254980079681275,27436222.5,36978203.0125,120.0,2026-06-18,103.0,381000.0,trade_group_exact,high,False,legacy_subindustry_rule,medium,official_code_fallback,461.0,cap_251_500,0.7669706180344478,18126809100.0,18.1268091,167840825.0,2026-06-10,TPEX daily market value shares * close; API MarketValue retained for audit
6541.TW,6541,TWSE,泰福-KY,22,生技醫療業,biotech_general,healthcare,biotech,biotech_general,member,False,healthcare,biotech_general,biotech_general__small,small,886,0.6082337317397079,24613161.30606842,32031685.797671128,120.0,2026-06-18,40.45000076293945,334175.0,trade_group_exact,high,False,legacy_subindustry_rule,medium,official_code_fallback,675.0,cap_501_1000,0.6585612968591692,10480210814.849998,10.48021081485,264986367.0,2026-06-10,TWSE basic issued common shares * TWSE latest close
6550.TW,6550,TWSE,北極星藥業-KY,22,生技醫療業,biotech_general,healthcare,biotech,biotech_general,member,False,healthcare,biotech_general,biotech_general__small,small,894,0.6046923417441346,24148848.599863056,33407865.65288226,120.0,2026-06-18,13.649999618530272,1758864.0,trade_group_exact,high,False,legacy_subindustry_rule,medium,official_code_fallback,655.0,cap_501_1000,0.668693009118541,11178604944.0,11.178604944,859892688.0,2026-06-10,TWSE basic issued common shares * TWSE latest close
4129.TWO,4129,TPEX,聯合,22,生技醫療業,biotech_general,healthcare,biotech,biotech_general,member,False,healthcare,biotech_general,biotech_general__small,small,895,0.6042496679946879,24023087.0,26952240.79493813,120.0,2026-06-18,90.9000015258789,177021.0,trade_group_exact,high,False,legacy_subindustry_rule,medium,official_code_fallback,767.0,cap_501_1000,0.6119554204660588,8727607325.0,8.727607325,96437650.0,2026-06-10,TPEX daily market value shares * close; API MarketValue retained for audit
6861.TW,6861,TWSE,睿生光電,22,生技醫療業,biotech_general,healthcare,biotech,biotech_general,member,False,healthcare,biotech_general,biotech_general__small,small,908,0.5984949092518814,23034367.21670532,118783542.21773526,120.0,2026-06-18,371.0,1434182.0,trade_group_exact,high,False,legacy_subindustry_rule,medium,official_code_fallback,576.0,cap_501_1000,0.7087132725430598,13186962250.0,13.18696225,41599250.0,2026-06-10,TWSE basic issued common shares * TWSE latest close
6934.TW,6934,TWSE,心誠鎂,22,生技醫療業,biotech_general,healthcare,biotech,biotech_general,member,False,healthcare,biotech_general,biotech_general__small,small,936,0.5861000442673749,20956775.474617004,39385731.064335465,64.0,2026-06-18,71.30000305175781,208000.0,trade_group_exact,high,False,legacy_subindustry_rule,medium,official_code_fallback,1405.0,cap_1001_plus,0.2887537993920972,2496509682.8,2.4965096828,35972762.0,2026-06-10,TWSE basic issued common shares * TWSE latest close
4736.TW,4736,TWSE,泰博,22,生技醫療業,biotech_general,healthcare,biotech,biotech_general,member,False,healthcare,biotech_general,biotech_general__small,small,957,0.5768038955289951,20056900.0,25298313.729166668,120.0,2026-06-18,126.0,96005.0,trade_group_exact,high,False,legacy_subindustry_rule,medium,official_code_fallback,618.0,cap_501_1000,0.6874366767983789,12017183094.0,12.017183094,95374469.0,2026-06-10,TWSE basic issued common shares * TWSE latest close
4157.TWO,4157,TPEX,太景*-KY,22,生技醫療業,biotech_general,healthcare,biotech,biotech_general,member,False,healthcare,biotech_general,biotech_general__small,small,964,0.5737051792828685,19592706.60995722,41782399.41822259,120.0,2026-06-18,8.739999771118164,583200.0,trade_group_exact,high,False,legacy_subindustry_rule,medium,official_code_fallback,933.0,cap_501_1000,0.5278622087132725,6121768745.0,6.121768745,711833575.0,2026-06-10,TPEX daily market value shares * close; API MarketValue retained for audit
6492.TWO,6492,TPEX,生華科,22,生技醫療業,biotech_general,healthcare,biotech,biotech_general,member,False,healthcare,biotech_general,biotech_general__small,small,988,0.5630810092961487,18038550.03212357,27642607.410080194,120.0,2026-06-18,44.0,119130.0,trade_group_exact,high,False,legacy_subindustry_rule,medium,official_code_fallback,1158.0,cap_1001_plus,0.4138804457953394,3874846022.0,3.874846022,89903620.0,2026-06-10,TPEX daily market value shares * close; API MarketValue retained for audit
6841.TWO,6841,TPEX,長佳智能,22,生技醫療業,biotech_general,healthcare,biotech,biotech_general,member,False,healthcare,biotech_general,biotech_general__small,small,994,0.5604249667994687,17826300.201416016,26429935.72354807,120.0,2026-06-18,60.70000076293945,213000.0,trade_group_exact,high,False,legacy_subindustry_rule,medium,official_code_fallback,957.0,cap_501_1000,0.5157041540020264,5780036100.0,5.7800361,95223000.0,2026-06-10,TPEX daily market value shares * close; API MarketValue retained for audit
4771.TW,4771,TWSE,望隼,22,生技醫療業,biotech_general,healthcare,biotech,biotech_general,member,False,healthcare,biotech_general,biotech_general__small,small,1055,0.5334218680832227,15428731.25,23954432.85,120.0,2026-06-18,191.5,169000.0,trade_group_exact,high,False,legacy_subindustry_rule,medium,official_code_fallback,656.0,cap_501_1000,0.6681864235055724,11154653000.0,11.154653,58708700.0,2026-06-10,TWSE basic issued common shares * TWSE latest close
3705.TW,3705,TWSE,永信,22,生技醫療業,biotech_general,healthcare,biotech,biotech_general,member,False,healthcare,biotech_general,biotech_general__small,small,1101,0.5130588756086765,13099714.217601776,15718219.281654548,120.0,2026-06-18,56.900001525878906,234220.0,trade_group_exact,high,False,legacy_subindustry_rule,medium,official_code_fallback,516.0,cap_501_1000,0.7391084093211753,15186110031.0,15.186110031,266422983.0,2026-06-10,TWSE basic issued common shares * TWSE latest close
6657.TW,6657,TWSE,華安,22,生技醫療業,biotech_general,healthcare,biotech,biotech_general,member,False,healthcare,biotech_general,biotech_general__small,small,1144,0.4940239043824701,11160365.833644869,19023122.951404285,120.0,2026-06-18,36.59999847412109,100220.0,trade_group_exact,high,False,legacy_subindustry_rule,medium,official_code_fallback,1285.0,cap_1001_plus,0.3495440729483282,3108280000.0,3.10828,88808000.0,2026-06-10,TWSE basic issued common shares * TWSE latest close
6576.TWO,6576,TPEX,逸達,22,生技醫療業,biotech_general,healthcare,biotech,biotech_general,member,False,healthcare,biotech_general,biotech_general__small,small,1157,0.4882691456396636,10927044.230323792,15619098.624433825,120.0,2026-06-18,78.4000015258789,500000.0,trade_group_exact,high,False,legacy_subindustry_rule,medium,official_code_fallback,596.0,cap_501_1000,0.698581560283688,12603243280.0,12.60324328,157540541.0,2026-06-10,TPEX daily market value shares * close; API MarketValue retained for audit
6534.TW,6534,TWSE,正瀚-創,22,生技醫療業,biotech_general,healthcare,biotech,biotech_general,member,False,healthcare,biotech_general,biotech_general__small,small,1181,0.4776449756529437,10199084.100082396,16774522.398696072,120.0,2026-06-18,93.0,31000.0,trade_group_exact,high,False,legacy_subindustry_rule,medium,official_code_fallback,734.0,cap_501_1000,0.6286727456940223,9200600000.0,9.2006,102800000.0,2026-06-10,TWSE basic issued common shares * TWSE latest close
6931.TW,6931,TWSE,青松健康,22,生技醫療業,biotech_general,healthcare,biotech,biotech_general,member,False,healthcare,biotech_general,biotech_general__small,small,1190,0.4736609119079238,9787493.523349762,21811300.495108984,120.0,2026-06-18,40.79999923706055,80000.0,trade_group_exact,high,False,legacy_subindustry_rule,medium,official_code_fallback,1357.0,cap_1001_plus,0.3130699088145896,2708930952.0,2.708930952,66152160.0,2026-06-10,TWSE basic issued common shares * TWSE latest close
4744.TWO,4744,TPEX,皇將,22,生技醫療業,biotech_general,healthcare,biotech,biotech_general,member,False,healthcare,biotech_general,biotech_general__small,small,1250,0.4471004869411243,8177960.814546585,14193147.559892245,120.0,2026-06-18,28.100000381469727,404002.0,trade_group_exact,high,False,legacy_subindustry_rule,medium,official_code_fallback,1502.0,cap_1001_plus,0.2396149949341438,2132719452.5,2.1327194525000004,56948450.0,2026-06-10,TPEX daily market value shares * close; API MarketValue retained for audit
4726.TWO,4726,TPEX,永昕,22,生技醫療業,biotech_general,healthcare,biotech,biotech_general,member,False,healthcare,biotech_general,biotech_general__small,small,1251,0.4466578131916777,8129235.003795625,8942815.703110008,120.0,2026-06-18,25.200000762939453,166030.0,trade_group_exact,high,False,legacy_subindustry_rule,medium,official_code_fallback,995.0,cap_501_1000,0.4964539007092199,5326371260.0,5.32637126,207251800.0,2026-06-10,TPEX daily market value shares * close; API MarketValue retained for audit
4737.TW,4737,TWSE,華廣,22,生技醫療業,biotech_general,healthcare,biotech,biotech_general,member,False,healthcare,biotech_general,biotech_general__small,small,1257,0.4440017706949978,7971120.109844208,11506349.1276865,120.0,2026-06-18,56.900001525878906,68100.0,trade_group_exact,high,False,legacy_subindustry_rule,medium,official_code_fallback,1118.0,cap_1001_plus,0.4341438703140831,4235231864.4,4.235231864399999,77285253.0,2026-06-10,TWSE basic issued common shares * TWSE latest close
4119.TW,4119,TWSE,旭富,22,生技醫療業,biotech_general,healthcare,biotech,biotech_general,member,False,healthcare,biotech_general,biotech_general__small,small,1275,0.4360336432049579,7717167.584766388,9181434.365242926,120.0,2026-06-18,44.20000076293945,237123.0,trade_group_exact,high,False,legacy_subindustry_rule,medium,official_code_fallback,1011.0,cap_1001_plus,0.4883485309017223,5132895830.3,5.1328958303,119508634.0,2026-06-10,TWSE basic issued common shares * TWSE latest close
6885.TW,6885,TWSE,全福生技,22,生技醫療業,biotech_general,healthcare,biotech,biotech_general,member,False,healthcare,biotech_general,biotech_general__small,small,1278,0.434705621956618,7634834.953205109,9056559.550304556,120.0,2026-06-18,22.399999618530277,345000.0,trade_group_exact,high,False,legacy_subindustry_rule,medium,official_code_fallback,1267.0,cap_1001_plus,0.3586626139817629,3206770100.0,3.2067701,133061000.0,2026-06-10,TWSE basic issued common shares * TWSE latest close
6733.TWO,6733,TPEX,博晟生醫,22,生技醫療業,biotech_general,healthcare,biotech,biotech_general,member,False,healthcare,biotech_general,biotech_general__small,small,1281,0.433377600708278,7592909.0,7851122.089569092,120.0,2026-06-18,24.899999618530277,170000.0,trade_group_exact,high,False,legacy_subindustry_rule,medium,official_code_fallback,1208.0,cap_1001_plus,0.3885511651469098,3526845682.5,3.5268456825,134356026.0,2026-06-10,TPEX daily market value shares * close; API MarketValue retained for audit
6431.TW,6431,TWSE,光麗-KY,22,生技醫療業,biotech_general,healthcare,biotech,biotech_general,member,False,healthcare,biotech_general,biotech_general__small,small,1294,0.4276228419654714,7288125.049591064,10419972.048153955,120.0,2026-06-18,19.350000381469727,146000.0,trade_group_exact,high,False,legacy_subindustry_rule,medium,official_code_fallback,1601.0,cap_1001_plus,0.1894630192502533,1694739728.9999998,1.6947397289999997,97398835.0,2026-06-10,TWSE basic issued common shares * TWSE latest close
4178.TW,4178,TWSE,永笙-KY,22,生技醫療業,biotech_general,healthcare,biotech,biotech_general,member,False,healthcare,biotech_general,biotech_general__small,small,1325,0.413899955732625,6833946.549219132,10797733.607939769,120.0,2026-06-18,17.649999618530273,185029.0,trade_group_exact,high,False,legacy_subindustry_rule,medium,official_code_fallback,1151.0,cap_1001_plus,0.4174265450861195,3928779054.2,3.9287790542,215866981.0,2026-06-10,TWSE basic issued common shares * TWSE latest close
6130.TWO,6130,TPEX,上亞科技,22,生技醫療業,biotech_general,healthcare,biotech,biotech_general,member,False,healthcare,biotech_general,biotech_general__small,small,1409,0.3767153607791058,5448287.492219925,11041888.972222244,120.0,2026-06-18,24.5,73735.0,trade_group_exact,high,False,legacy_subindustry_rule,medium,official_code_fallback,1775.0,cap_1001_plus,0.1013171225937183,1122775000.0,1.122775,46300000.0,2026-06-10,TPEX daily market value shares * close; API MarketValue retained for audit
6796.TW,6796,TWSE,晉弘,22,生技醫療業,biotech_general,healthcare,biotech,biotech_general,member,False,healthcare,biotech_general,biotech_general__small,small,1411,0.3758300132802125,5415784.546539307,7184771.769646073,120.0,2026-06-18,59.29999923706055,60000.0,trade_group_exact,high,False,legacy_subindustry_rule,medium,official_code_fallback,1435.0,cap_1001_plus,0.2735562310030395,2401968009.0,2.401968009,40233970.0,2026-06-10,TWSE basic issued common shares * TWSE latest close
4168.TWO,4168,TPEX,醣聯,22,生技醫療業,biotech_general,healthcare,biotech,biotech_general,member,False,healthcare,biotech_general,biotech_general__small,small,1419,0.3722886232846392,5247013.486053467,8691301.42162571,120.0,2026-06-18,25.299999237060547,191235.0,trade_group_exact,high,False,legacy_subindustry_rule,medium,official_code_fallback,1330.0,cap_1001_plus,0.3267477203647416,2841163279.5,2.8411632795,112521318.0,2026-06-10,TPEX daily market value shares * close; API MarketValue retained for audit
6838.TW,6838,TWSE,台新藥,22,生技醫療業,biotech_general,healthcare,biotech,biotech_general,member,False,healthcare,biotech_general,biotech_general__small,small,1429,0.3678618857901726,5180420.036664009,8324906.048873409,120.0,2026-06-18,24.649999618530277,157001.0,trade_group_exact,high,False,legacy_subindustry_rule,medium,official_code_fallback,1177.0,cap_1001_plus,0.4042553191489362,3744232080.0,3.74423208,150977100.0,2026-06-10,TWSE basic issued common shares * TWSE latest close
6875.TWO,6875,TPEX,國邑*,22,生技醫療業,biotech_general,healthcare,biotech,biotech_general,member,False,healthcare,biotech_general,biotech_general__small,small,1438,0.3638778220451527,5049527.847286224,6601315.092661203,120.0,2026-06-18,36.5,173044.0,trade_group_exact,high,False,legacy_subindustry_rule,medium,official_code_fallback,1098.0,cap_1001_plus,0.4442755825734549,4372837915.400001,4.372837915400001,129182804.0,2026-06-10,TPEX daily market value shares * close; API MarketValue retained for audit
6461.TWO,6461,TPEX,益得,22,生技醫療業,biotech_general,healthcare,biotech,biotech_general,member,False,healthcare,biotech_general,biotech_general__small,small,1440,0.3629924745462594,5019745.451525689,9038381.161876844,120.0,2026-06-18,15.350000381469728,66000.0,trade_group_exact,high,False,legacy_subindustry_rule,medium,official_code_fallback,1331.0,cap_1001_plus,0.3262411347517731,2835792999.9,2.8357929999,178351761.0,2026-06-10,TPEX daily market value shares * close; API MarketValue retained for audit
1799.TWO,1799,TPEX,易威,22,生技醫療業,biotech_general,healthcare,biotech,biotech_general,member,False,healthcare,biotech_general,biotech_general__small,small,1445,0.3607791057990261,4944775.107702255,6943464.851355566,120.0,2026-06-18,30.700000762939453,82000.0,trade_group_exact,high,False,legacy_subindustry_rule,medium,official_code_fallback,1149.0,cap_1001_plus,0.4184397163120568,3965126958.6,3.9651269586,124689527.0,2026-06-10,TPEX daily market value shares * close; API MarketValue retained for audit
6703.TWO,6703,TPEX,軒郁,22,生技醫療業,biotech_general,healthcare,biotech,biotech_general,member,False,healthcare,biotech_general,biotech_general__small,small,1457,0.3554670208056663,4809203.0,8176231.75,120.0,2026-06-18,109.5,43384.0,trade_group_exact,high,False,legacy_subindustry_rule,medium,official_code_fallback,1193.0,cap_1001_plus,0.3961499493414386,3644712883.5,3.6447128835,32983827.0,2026-06-10,TPEX daily market value shares * close; API MarketValue retained for audit
4745.TWO,4745,TPEX,合富-KY,22,生技醫療業,biotech_general,healthcare,biotech,biotech_general,member,False,healthcare,biotech_general,biotech_general__small,small,1459,0.3545816733067729,4787155.097026825,8595942.32045143,120.0,2026-06-18,14.550000190734863,123000.0,trade_group_exact,high,False,legacy_subindustry_rule,medium,official_code_fallback,1715.0,cap_1001_plus,0.1317122593718338,1277917525.5,1.2779175255,77449547.0,2026-06-10,TPEX daily market value shares * close; API MarketValue retained for audit
5312.TWO,5312,TPEX,寶島科,22,生技醫療業,biotech_general,healthcare,biotech,biotech_general,member,False,healthcare,biotech_general,biotech_general__small,small,1485,0.3430721558211598,4425000.034332275,5225768.402543869,120.0,2026-06-18,97.3000030517578,33206.0,trade_group_exact,high,False,legacy_subindustry_rule,medium,official_code_fallback,960.0,cap_501_1000,0.5141843971631206,5741726248.799999,5.741726248799999,60059898.0,2026-06-10,TPEX daily market value shares * close; API MarketValue retained for audit
8279.TWO,8279,TPEX,生展,22,生技醫療業,biotech_general,healthcare,biotech,biotech_general,member,False,healthcare,biotech_general,biotech_general__small,small,1525,0.3253652058432935,3997353.75,5419353.198333333,120.0,2026-06-18,97.0,9102.0,trade_group_exact,high,False,legacy_subindustry_rule,medium,official_code_fallback,1385.0,cap_1001_plus,0.2988855116514691,2601681696.0,2.601681696,27100851.0,2026-06-10,TPEX daily market value shares * close; API MarketValue retained for audit
6523.TWO,6523,TPEX,達爾膚,22,生技醫療業,biotech_general,healthcare,biotech,biotech_general,member,False,healthcare,biotech_general,biotech_general__small,small,1538,0.3196104471004869,3850750.0,5173260.2625,120.0,2026-06-18,97.8000030517578,27074.0,trade_group_exact,high,False,legacy_subindustry_rule,medium,official_code_fallback,1089.0,cap_1001_plus,0.4488348530901722,4414667250.0,4.41466725,45047625.0,2026-06-10,TPEX daily market value shares * close; API MarketValue retained for audit
6794.TW,6794,TWSE,向榮生技,22,生技醫療業,biotech_general,healthcare,biotech,biotech_general,member,False,healthcare,biotech_general,biotech_general__small,small,1539,0.3191677733510403,3829663.3267059326,4817048.820130666,120.0,2026-06-18,79.4000015258789,41000.0,trade_group_exact,high,False,legacy_subindustry_rule,medium,official_code_fallback,1008.0,cap_1001_plus,0.4898682877406282,5135505900.0,5.1355059,63637000.0,2026-06-10,TWSE basic issued common shares * TWSE latest close
4166.TWO,4166,TPEX,友霖,22,生技醫療業,biotech_general,healthcare,biotech,biotech_general,member,False,healthcare,biotech_general,biotech_general__small,small,1545,0.3165117308543603,3780225.0566482544,5601771.878084571,120.0,2026-06-18,25.0,161000.0,trade_group_exact,high,False,legacy_subindustry_rule,medium,official_code_fallback,918.0,cap_501_1000,0.5354609929078014,6221698278.400001,6.221698278400001,243035089.0,2026-06-10,TPEX daily market value shares * close; API MarketValue retained for audit
6918.TW,6918,TWSE,愛派司,22,生技醫療業,biotech_general,healthcare,biotech,biotech_general,member,False,healthcare,biotech_general,biotech_general__small,small,1577,0.3023461708720673,3498646.7319335938,4717415.268079821,120.0,2026-06-18,73.9000015258789,32000.0,trade_group_exact,high,False,legacy_subindustry_rule,medium,official_code_fallback,1400.0,cap_1001_plus,0.2912867274569402,2527140100.0,2.5271401,34571000.0,2026-06-10,TWSE basic issued common shares * TWSE latest close
6649.TWO,6649,TPEX,台生材,22,生技醫療業,biotech_general,healthcare,biotech,biotech_general,member,False,healthcare,biotech_general,biotech_general__small,small,1578,0.3019034971226206,3486194.2627658844,6087627.264325548,120.0,2026-06-18,37.5,24000.0,trade_group_exact,high,False,legacy_subindustry_rule,medium,official_code_fallback,1622.0,cap_1001_plus,0.1788247213779128,1633800000.0,1.6338,42000000.0,2026-06-10,TPEX daily market value shares * close; API MarketValue retained for audit
3716.TW,3716,TWSE,中化控股,22,生技醫療業,biotech_general,healthcare,biotech,biotech_general,member,False,healthcare,biotech_general,biotech_general__small,small,1602,0.2912793271359009,3250711.236410141,3485746.4747281075,120.0,2026-06-18,34.70000076293945,177296.0,trade_group_exact,high,False,legacy_subindustry_rule,medium,official_code_fallback,999.0,cap_501_1000,0.4944275582573455,5271749612.8,5.2717496128,149765614.0,2026-06-10,TWSE basic issued common shares * TWSE latest close
4111.TWO,4111,TPEX,濟生,22,生技醫療業,biotech_general,healthcare,biotech,biotech_general,member,False,healthcare,biotech_general,biotech_general__small,small,1606,0.2895086321381142,3198947.4739379887,5860051.520349408,120.0,2026-06-18,30.200000762939453,71930.0,trade_group_exact,high,False,legacy_subindustry_rule,medium,official_code_fallback,1576.0,cap_1001_plus,0.2021276595744681,1791972443.25,1.79197244325,59832135.0,2026-06-10,TPEX daily market value shares * close; API MarketValue retained for audit
6598.TW,6598,TWSE,ABC-KY,22,生技醫療業,biotech_general,healthcare,biotech,biotech_general,member,False,healthcare,biotech_general,biotech_general__small,small,1636,0.2762284196547144,2924444.001525879,4106853.8920674487,120.0,2026-06-18,24.149999618530277,130984.0,trade_group_exact,high,False,legacy_subindustry_rule,medium,official_code_fallback,1393.0,cap_1001_plus,0.2948328267477204,2560194618.9,2.5601946189,102819061.0,2026-06-10,TWSE basic issued common shares * TWSE latest close
8403.TWO,8403,TPEX,盛弘,22,生技醫療業,biotech_general,healthcare,biotech,biotech_general,member,False,healthcare,biotech_general,biotech_general__small,small,1653,0.2687029659141212,2736857.6497612004,3073375.801256612,120.0,2026-06-18,19.350000381469727,120783.0,trade_group_exact,high,False,legacy_subindustry_rule,medium,official_code_fallback,1364.0,cap_1001_plus,0.3095238095238095,2683986688.5,2.6839866885,137640343.0,2026-06-10,TPEX daily market value shares * close; API MarketValue retained for audit
4131.TWO,4131,TPEX,浩泰,22,生技醫療業,biotech_general,healthcare,biotech,biotech_general,member,False,healthcare,biotech_general,biotech_general__small,small,1661,0.265161575918548,2682799.971008301,2985889.148805205,120.0,2026-06-18,36.79999923706055,6000.0,trade_group_exact,high,False,legacy_subindustry_rule,medium,official_code_fallback,1656.0,cap_1001_plus,0.1616008105369807,1455583500.0,1.4555835,39879000.0,2026-06-10,TPEX daily market value shares * close; API MarketValue retained for audit
4109.TWO,4109,TPEX,加捷生醫,22,生技醫療業,biotech_general,healthcare,biotech,biotech_general,member,False,healthcare,biotech_general,biotech_general__small,small,1678,0.2576361221779548,2558151.063812256,2849878.123361804,120.0,2026-06-18,12.149999618530272,166127.0,trade_group_exact,high,False,legacy_subindustry_rule,medium,official_code_fallback,1657.0,cap_1001_plus,0.1610942249240121,1442650674.15,1.44265067415,118736681.0,2026-06-10,TPEX daily market value shares * close; API MarketValue retained for audit
4173.TWO,4173,TPEX,久裕,22,生技醫療業,biotech_general,healthcare,biotech,biotech_general,member,False,healthcare,biotech_general,biotech_general__small,small,1687,0.2536520584329349,2478800.9336090093,3253601.8619732987,120.0,2026-06-18,18.149999618530277,60069.0,trade_group_exact,high,False,legacy_subindustry_rule,medium,official_code_fallback,1687.0,cap_1001_plus,0.1458966565349544,1353524543.25,1.35352454325,74574355.0,2026-06-10,TPEX daily market value shares * close; API MarketValue retained for audit
4728.TWO,4728,TPEX,雙美,22,生技醫療業,biotech_general,healthcare,biotech,biotech_general,member,False,healthcare,biotech_general,biotech_general__small,small,1688,0.2532093846834883,2476630.0,4148883.929166666,120.0,2026-06-18,376.0,8007.0,trade_group_exact,high,False,legacy_subindustry_rule,medium,official_code_fallback,422.0,cap_251_500,0.786727456940223,20750403000.0,20.750403,54463000.0,2026-06-10,TPEX daily market value shares * close; API MarketValue retained for audit
4161.TWO,4161,TPEX,聿新科,22,生技醫療業,biotech_general,healthcare,biotech,biotech_general,member,False,healthcare,biotech_general,biotech_general__small,small,1715,0.2412571934484285,2355965.948410034,3069343.579466517,120.0,2026-06-18,23.200000762939453,69340.0,trade_group_exact,high,False,legacy_subindustry_rule,medium,official_code_fallback,1678.0,cap_1001_plus,0.1504559270516717,1369607871.6,1.3696078716,59808204.0,2026-06-10,TPEX daily market value shares * close; API MarketValue retained for audit
4160.TWO,4160,TPEX,訊聯基因,22,生技醫療業,biotech_general,healthcare,biotech,biotech_general,member,False,healthcare,biotech_general,biotech_general__small,small,1723,0.2377158034528552,2272138.419775009,3479585.2163091213,120.0,2026-06-18,40.400001525878906,41403.0,trade_group_exact,high,False,legacy_subindustry_rule,medium,official_code_fallback,1795.0,cap_1001_plus,0.0911854103343464,1070282393.4,1.0702823934,26690334.0,2026-06-10,TPEX daily market value shares * close; API MarketValue retained for audit
1788.TWO,1788,TPEX,杏昌,22,生技醫療業,biotech_general,healthcare,biotech,biotech_general,member,False,healthcare,biotech_general,biotech_general__small,small,1724,0.2372731297034086,2264154.75,3058872.0458333334,120.0,2026-06-18,131.0,0.0,trade_group_exact,high,False,legacy_subindustry_rule,medium,official_code_fallback,943.0,cap_501_1000,0.5227963525835866,6010331085.0,6.010331085,44520971.0,2026-06-10,TPEX daily market value shares * close; API MarketValue retained for audit
6637.TWO,6637,TPEX,醫影,22,生技醫療業,biotech_general,healthcare,biotech,biotech_general,member,False,healthcare,biotech_general,biotech_general__small,small,1768,0.2177954847277556,1942637.5,2851748.75436554,120.0,2026-06-18,63.5,41120.0,trade_group_exact,high,False,legacy_subindustry_rule,medium,official_code_fallback,1597.0,cap_1001_plus,0.1914893617021277,1699754000.0,1.699754,26810000.0,2026-06-10,TPEX daily market value shares * close; API MarketValue retained for audit
6936.TW,6936,TWSE,永鴻生技,22,生技醫療業,biotech_general,healthcare,biotech,biotech_general,member,False,healthcare,biotech_general,biotech_general__small,small,1796,0.2054006197432492,1735526.9552936554,2138905.9179111165,120.0,2026-06-18,33.400001525878906,8000.0,trade_group_exact,high,False,legacy_subindustry_rule,medium,official_code_fallback,1433.0,cap_1001_plus,0.2745694022289767,2402532000.0,2.402532,72804000.0,2026-06-10,TWSE basic issued common shares * TWSE latest close
4138.TWO,4138,TPEX,曜亞,22,生技醫療業,biotech_general,healthcare,biotech,biotech_general,member,False,healthcare,biotech_general,biotech_general__small,small,1807,0.200531208499336,1655256.3209648132,2311350.2104113577,120.0,2026-06-18,51.400001525878906,32331.0,trade_group_exact,high,False,legacy_subindustry_rule,medium,official_code_fallback,1518.0,cap_1001_plus,0.2315096251266464,2044416000.0,2.044416,39930000.0,2026-06-10,TPEX daily market value shares * close; API MarketValue retained for audit
4127.TWO,4127,TPEX,天良,22,生技醫療業,biotech_general,healthcare,biotech,biotech_general,member,False,healthcare,biotech_general,biotech_general__small,small,1814,0.1974324922532093,1619157.6423454285,3757129.908856208,120.0,2026-06-18,67.0999984741211,743202.0,trade_group_exact,high,False,legacy_subindustry_rule,medium,official_code_fallback,1290.0,cap_1001_plus,0.3470111448834853,3065920000.0,3.06592,45760000.0,2026-06-10,TPEX daily market value shares * close; API MarketValue retained for audit
1777.TWO,1777,TPEX,生泰,22,生技醫療業,biotech_general,healthcare,biotech,biotech_general,member,False,healthcare,biotech_general,biotech_general__small,small,1817,0.1961044710048693,1606487.5,1891145.981423416,120.0,2026-06-18,72.4000015258789,9060.0,trade_group_exact,high,False,legacy_subindustry_rule,medium,official_code_fallback,1264.0,cap_1001_plus,0.3601823708206687,3215062507.3,3.2150625073,44591713.0,2026-06-10,TPEX daily market value shares * close; API MarketValue retained for audit
8432.TWO,8432,TPEX,東生華,22,生技醫療業,biotech_general,healthcare,biotech,biotech_general,member,False,healthcare,biotech_general,biotech_general__small,small,1823,0.1934484285081894,1578748.010597229,2149820.033246746,120.0,2026-06-18,51.20000076293945,16010.0,trade_group_exact,high,False,legacy_subindustry_rule,medium,official_code_fallback,1520.0,cap_1001_plus,0.2304964539007092,2035101420.0,2.03510142,38398140.0,2026-06-10,TPEX daily market value shares * close; API MarketValue retained for audit
4169.TW,4169,TWSE,泰宗,22,生技醫療業,biotech_general,healthcare,biotech,biotech_general,member,False,healthcare,biotech_general,biotech_general__small,small,1839,0.1863656485170429,1493666.389345169,17576131.828698236,120.0,2026-06-18,168.0,563000.0,trade_group_exact,high,False,legacy_subindustry_rule,medium,official_code_fallback,696.0,cap_501_1000,0.6479229989868287,9898310188.0,9.898310188,66431612.0,2026-06-10,TWSE basic issued common shares * TWSE latest close
4148.TW,4148,TWSE,全宇生技-KY,22,生技醫療業,biotech_general,healthcare,biotech,biotech_general,member,False,healthcare,biotech_general,biotech_general__small,small,1877,0.1695440460380699,1280887.663734436,2318030.2800725936,120.0,2026-06-18,30.850000381469727,23000.0,trade_group_exact,high,False,legacy_subindustry_rule,medium,official_code_fallback,1519.0,cap_1001_plus,0.2310030395136778,2037241740.3,2.0372417403,67235701.0,2026-06-10,TWSE basic issued common shares * TWSE latest close
4747.TWO,4747,TPEX,強生製藥,22,生技醫療業,biotech_general,healthcare,biotech,biotech_general,member,False,healthcare,biotech_general,biotech_general__small,small,1885,0.1660026560424966,1243550.0,1481394.1001704088,120.0,2026-06-18,52.79999923706055,7020.0,trade_group_exact,high,False,legacy_subindustry_rule,medium,official_code_fallback,1404.0,cap_1001_plus,0.2892603850050659,2500356760.0,2.50035676,45461032.0,2026-06-10,TPEX daily market value shares * close; API MarketValue retained for audit
6527.TWO,6527,TPEX,明達醫,22,生技醫療業,biotech_general,healthcare,biotech,biotech_general,member,False,healthcare,biotech_general,biotech_general__small,small,1899,0.1598052235502435,1188872.4130096436,1676138.3866629156,120.0,2026-06-18,71.80000305175781,22000.0,trade_group_exact,high,False,legacy_subindustry_rule,medium,official_code_fallback,1572.0,cap_1001_plus,0.2041540020263424,1820286325.0,1.820286325,25458550.0,2026-06-10,TPEX daily market value shares * close; API MarketValue retained for audit
4911.TWO,4911,TPEX,德英,22,生技醫療業,biotech_general,healthcare,biotech,biotech_general,member,False,healthcare,biotech_general,biotech_general__small,small,1905,0.1571491810535635,1149513.893005371,1720309.6111790591,120.0,2026-06-18,31.100000381469727,9000.0,trade_group_exact,high,False,legacy_subindustry_rule,medium,official_code_fallback,1533.0,cap_1001_plus,0.2239108409321175,1988050521.6,1.9880505216,63719568.0,2026-06-10,TPEX daily market value shares * close; API MarketValue retained for audit
6730.TWO,6730,TPEX,常廣,22,生技醫療業,biotech_general,healthcare,biotech,biotech_general,member,False,healthcare,biotech_general,biotech_general__small,small,1907,0.1562638335546702,1131037.7000000002,1672583.8589070002,120.0,2026-06-18,37.95000076293945,10000.0,trade_group_exact,high,False,legacy_subindustry_rule,medium,official_code_fallback,1705.0,cap_1001_plus,0.1367781155015197,1306733436.0,1.306733436,36298151.0,2026-06-10,TPEX daily market value shares * close; API MarketValue retained for audit
6955.TW,6955,TWSE,邦睿生技-創,22,生技醫療業,biotech_general,healthcare,biotech,biotech_general,member,False,healthcare,biotech_general,biotech_general__small,small,1941,0.1412129260734838,997967.5,1677824.4833333334,120.0,2026-06-18,132.5,4000.0,trade_group_exact,high,False,legacy_subindustry_rule,medium,official_code_fallback,1225.0,cap_1001_plus,0.3799392097264438,3422508330.0,3.42250833,24800785.0,2026-06-10,TWSE basic issued common shares * TWSE latest close
4175.TWO,4175,TPEX,杏一,22,生技醫療業,biotech_general,healthcare,biotech,biotech_general,member,False,healthcare,biotech_general,biotech_general__small,small,1942,0.1407702523240371,996215.1565933228,1468300.6732314618,120.0,2026-06-18,53.70000076293945,18015.0,trade_group_exact,high,False,legacy_subindustry_rule,medium,official_code_fallback,1472.0,cap_1001_plus,0.2548125633232015,2226205948.2000003,2.2262059482000005,42323307.0,2026-06-10,TPEX daily market value shares * close; API MarketValue retained for audit
7713.TWO,7713,TPEX,威力德生醫,22,生技醫療業,biotech_general,healthcare,biotech,biotech_general,member,False,healthcare,biotech_general,biotech_general__small,small,1969,0.1288180610889774,869400.0091552734,1218266.7495571773,120.0,2026-06-18,71.0,1000.0,trade_group_exact,high,False,legacy_subindustry_rule,medium,official_code_fallback,1261.0,cap_1001_plus,0.3617021276595744,3228997853.0,3.228997853,45478843.0,2026-06-10,TPEX daily market value shares * close; API MarketValue retained for audit
6872.TWO,6872,TPEX,浩宇生醫,22,生技醫療業,biotech_general,healthcare,biotech,biotech_general,member,False,healthcare,biotech_general,biotech_general__small,small,1971,0.127932713590084,861725.0242233276,984471.3219224137,120.0,2026-06-18,17.899999618530273,111000.0,trade_group_exact,high,False,legacy_subindustry_rule,medium,official_code_fallback,1747.0,cap_1001_plus,0.1155015197568388,1195683635.9,1.1956836358999998,70750511.0,2026-06-10,TPEX daily market value shares * close; API MarketValue retained for audit
4153.TWO,4153,TPEX,鈺緯,22,生技醫療業,biotech_general,healthcare,biotech,biotech_general,member,False,healthcare,biotech_general,biotech_general__small,small,1994,0.117751217352811,777379.6260681152,1164828.5916728147,120.0,2026-06-18,30.0,10750.0,trade_group_exact,high,False,legacy_subindustry_rule,medium,official_code_fallback,1564.0,cap_1001_plus,0.2082066869300911,1856848435.05,1.85684843505,58668197.0,2026-06-10,TPEX daily market value shares * close; API MarketValue retained for audit
4190.TW,4190,TWSE,佐登-KY,22,生技醫療業,biotech_general,healthcare,biotech,biotech_general,member,False,healthcare,biotech_general,biotech_general__small,small,2019,0.1066843736166445,725291.2089557648,933589.1123580296,120.0,2026-06-18,24.799999237060547,39098.0,trade_group_exact,high,False,legacy_subindustry_rule,medium,official_code_fallback,1645.0,cap_1001_plus,0.1671732522796353,1514597360.8,1.5145973607999998,61444112.0,2026-06-10,TWSE basic issued common shares * TWSE latest close
6574.TWO,6574,TPEX,霈方,22,生技醫療業,biotech_general,healthcare,biotech,biotech_general,member,False,healthcare,biotech_general,biotech_general__small,small,2027,0.1031429836210712,705100.0289916992,5028916.362974484,120.0,2026-06-18,109.0,44001.0,trade_group_exact,high,False,legacy_subindustry_rule,medium,official_code_fallback,1340.0,cap_1001_plus,0.3216818642350557,2781735000.0,2.781735,21990000.0,2026-06-10,TPEX daily market value shares * close; API MarketValue retained for audit
6762.TWO,6762,TPEX,達亞,22,生技醫療業,biotech_general,healthcare,biotech,biotech_general,member,False,healthcare,biotech_general,biotech_general__small,small,2077,0.0810092961487384,555180.0,700727.55,120.0,2026-06-18,169.0,1000.0,trade_group_exact,high,False,legacy_subindustry_rule,medium,official_code_fallback,946.0,cap_501_1000,0.5212765957446808,5979189340.0,5.97918934,35171702.0,2026-06-10,TPEX daily market value shares * close; API MarketValue retained for audit
6645.TW,6645,TWSE,金萬林-創,22,生技醫療業,biotech_general,healthcare,biotech,biotech_general,member,False,healthcare,biotech_general,biotech_general__small,small,2078,0.0805666223992916,552465.0561084747,749998.5484052182,120.0,2026-06-18,15.350000381469728,98000.0,trade_group_exact,high,False,legacy_subindustry_rule,medium,official_code_fallback,1878.0,cap_1001_plus,0.0491388044579533,803405460.0,0.80340546,60864050.0,2026-06-10,TWSE basic issued common shares * TWSE latest close
6844.TWO,6844,TPEX,諾貝兒,22,生技醫療業,biotech_general,healthcare,biotech,biotech_general,member,False,healthcare,biotech_general,biotech_general__small,small,2079,0.080123948649845,548025.0,804734.3721361033,120.0,2026-06-18,65.80000305175781,40000.0,trade_group_exact,high,False,legacy_subindustry_rule,medium,official_code_fallback,1425.0,cap_1001_plus,0.2786220871327254,2425362912.0,2.425362912,37428440.0,2026-06-10,TPEX daily market value shares * close; API MarketValue retained for audit
1781.TWO,1781,TPEX,合世,22,生技醫療業,biotech_general,healthcare,biotech,biotech_general,member,False,healthcare,biotech_general,biotech_general__small,small,2084,0.0779105799026117,534343.8791012764,1067778.8512400596,120.0,2026-06-18,12.0,109000.0,trade_group_exact,high,False,legacy_subindustry_rule,medium,official_code_fallback,1930.0,cap_1001_plus,0.0227963525835865,564150499.5,0.5641504995,47407605.0,2026-06-10,TPEX daily market value shares * close; API MarketValue retained for audit
3118.TWO,3118,TPEX,進階,22,生技醫療業,biotech_general,healthcare,biotech,biotech_general,member,False,healthcare,biotech_general,biotech_general__small,small,2086,0.0770252324037185,530917.1250343323,704084.8936863645,120.0,2026-06-18,31.549999237060547,17001.0,trade_group_exact,high,False,legacy_subindustry_rule,medium,official_code_fallback,1817.0,cap_1001_plus,0.0800405268490375,1009283946.0,1.009283946,32452860.0,2026-06-10,TPEX daily market value shares * close; API MarketValue retained for audit
6615.TWO,6615,TPEX,慧智,22,生技醫療業,biotech_general,healthcare,biotech,biotech_general,member,False,healthcare,biotech_general,biotech_general__small,small,2089,0.0756972111553785,526266.3614440918,1002098.2433826606,120.0,2026-06-18,34.5,32000.0,trade_group_exact,high,False,legacy_subindustry_rule,medium,official_code_fallback,1903.0,cap_1001_plus,0.0364741641337386,712582200.0,0.7125822,21593400.0,2026-06-10,TPEX daily market value shares * close; API MarketValue retained for audit
6767.TWO,6767,TPEX,台微醫,22,生技醫療業,biotech_general,healthcare,biotech,biotech_general,member,False,healthcare,biotech_general,biotech_general__small,small,2107,0.0677290836653387,465800.0,552108.7376404126,120.0,2026-06-18,25.0,52000.0,trade_group_exact,high,False,legacy_subindustry_rule,medium,official_code_fallback,1823.0,cap_1001_plus,0.0770010131712259,993305020.5,0.9933050205,39183630.0,2026-06-10,TPEX daily market value shares * close; API MarketValue retained for audit
4188.TWO,4188,TPEX,安克,22,生技醫療業,biotech_general,healthcare,biotech,biotech_general,member,False,healthcare,biotech_general,biotech_general__small,small,2131,0.0571049136786188,390259.0023841858,477700.928984623,120.0,2026-06-18,10.550000190734863,47000.0,trade_group_exact,high,False,legacy_subindustry_rule,medium,official_code_fallback,1916.0,cap_1001_plus,0.0298885511651468,664995450.0,0.66499545,63332900.0,2026-06-10,TPEX daily market value shares * close; API MarketValue retained for audit
6662.TWO,6662,TPEX,樂斯科,22,生技醫療業,biotech_general,healthcare,biotech,biotech_general,member,False,healthcare,biotech_general,biotech_general__small,small,2143,0.0517928286852589,325425.7978992462,350055.7615229289,120.0,2026-06-18,29.799999237060547,6010.0,trade_group_exact,high,False,legacy_subindustry_rule,medium,official_code_fallback,1886.0,cap_1001_plus,0.0450861195542046,768372000.0,0.768372,25612400.0,2026-06-10,TPEX daily market value shares * close; API MarketValue retained for audit
6496.TWO,6496,TPEX,科懋,22,生技醫療業,biotech_general,healthcare,biotech,biotech_general,member,False,healthcare,biotech_general,biotech_general__small,small,2145,0.0509074811863656,317043.0089035034,500146.7443637848,120.0,2026-06-18,24.899999618530277,2220.0,trade_group_exact,high,False,legacy_subindustry_rule,medium,official_code_fallback,1777.0,cap_1001_plus,0.1003039513677811,1118545010.0,1.11854501,47395975.0,2026-06-10,TPEX daily market value shares * close; API MarketValue retained for audit
6929.TWO,6929,TPEX,佑全,22,生技醫療業,biotech_general,healthcare,biotech,biotech_general,member,False,healthcare,biotech_general,biotech_general__small,small,2150,0.0486941124391323,295479.360534668,393423.1920740922,120.0,2026-06-18,24.600000381469727,1538.0,trade_group_exact,high,False,legacy_subindustry_rule,medium,official_code_fallback,1807.0,cap_1001_plus,0.0851063829787234,1048342500.0,1.0483425,45090000.0,2026-06-10,TPEX daily market value shares * close; API MarketValue retained for audit
6242.TWO,6242,TPEX,立康,22,生技醫療業,biotech_general,healthcare,biotech,biotech_general,member,False,healthcare,biotech_general,biotech_general__small,small,2160,0.0442673749446658,276325.0026702881,324650.56583287555,120.0,2026-06-18,36.650001525878906,4030.0,trade_group_exact,high,False,legacy_subindustry_rule,medium,official_code_fallback,1736.0,cap_1001_plus,0.1210739614994934,1229321225.0,1.229321225,31806500.0,2026-06-10,TPEX daily market value shares * close; API MarketValue retained for audit
1813.TWO,1813,TPEX,寶利徠,22,生技醫療業,biotech_general,healthcare,biotech,biotech_general,member,False,healthcare,biotech_general,biotech_general__small,small,2164,0.0424966799468791,266897.5211853027,309650.71485965885,120.0,2026-06-18,11.850000381469728,31645.0,trade_group_exact,high,False,legacy_subindustry_rule,medium,official_code_fallback,1937.0,cap_1001_plus,0.0192502532928064,550299018.0,0.550299018,46635510.0,2026-06-10,TPEX daily market value shares * close; API MarketValue retained for audit
8409.TWO,8409,TPEX,商之器,22,生技醫療業,biotech_general,healthcare,biotech,biotech_general,member,False,healthcare,biotech_general,biotech_general__small,small,2169,0.0402833111996459,258751.1522912979,382591.27897279424,120.0,2026-06-18,19.100000381469727,32000.0,trade_group_exact,high,False,legacy_subindustry_rule,medium,official_code_fallback,1922.0,cap_1001_plus,0.0268490374873353,608000000.0,0.608,32000000.0,2026-06-10,TPEX daily market value shares * close; API MarketValue retained for audit
4198.TWO,4198,TPEX,欣大健康,22,生技醫療業,biotech_general,healthcare,biotech,biotech_general,member,False,healthcare,biotech_general,biotech_general__small,small,2180,0.0354138999557326,226529.80039405823,332712.1511868795,120.0,2026-06-18,38.5,15000.0,trade_group_exact,high,False,legacy_subindustry_rule,medium,official_code_fallback,1856.0,cap_1001_plus,0.0602836879432624,871504200.0,0.8715042,24108000.0,2026-06-10,TPEX daily market value shares * close; API MarketValue retained for audit
4192.TWO,4192,TPEX,杏國,22,生技醫療業,biotech_general,healthcare,biotech,biotech_general,member,False,healthcare,biotech_general,biotech_general__small,small,2182,0.0345285524568392,216688.7440681457,255914.88704074224,120.0,2026-06-18,21.149999618530277,15310.0,trade_group_exact,high,False,legacy_subindustry_rule,medium,official_code_fallback,1901.0,cap_1001_plus,0.0374873353596757,720872250.0,0.72087225,35164500.0,2026-06-10,TPEX daily market value shares * close; API MarketValue retained for audit
4139.TWO,4139,TPEX,馬光-KY,22,生技醫療業,biotech_general,healthcare,biotech,biotech_general,member,False,healthcare,biotech_general,biotech_general__small,small,2187,0.032315183709606,196000.0,426520.8614703147,120.0,2026-06-18,24.75,7005.0,trade_group_exact,high,False,legacy_subindustry_rule,medium,official_code_fallback,1780.0,cap_1001_plus,0.0987841945288754,1113995297.25,1.11399529725,45009911.0,2026-06-10,TPEX daily market value shares * close; API MarketValue retained for audit
6661.TWO,6661,TPEX,威健生技,22,生技醫療業,biotech_general,healthcare,biotech,biotech_general,member,False,healthcare,biotech_general,biotech_general__small,small,2212,0.0212483399734395,133524.99866485596,156740.21543533326,120.0,2026-06-18,15.850000381469728,9000.0,trade_group_exact,high,False,legacy_subindustry_rule,medium,official_code_fallback,1961.0,cap_1001_plus,0.0070921985815602,384520092.0,0.384520092,23304248.0,2026-06-10,TPEX daily market value shares * close; API MarketValue retained for audit
4183.TWO,4183,TPEX,福永生技,22,生技醫療業,biotech_general,healthcare,biotech,biotech_general,member,False,healthcare,biotech_general,biotech_general__small,small,2229,0.0137228862328463,93600.00228881836,143194.96548363526,120.0,2026-06-18,14.0,4000.0,trade_group_exact,high,False,legacy_subindustry_rule,medium,official_code_fallback,1968.0,cap_1001_plus,0.00354609929078,327250000.0,0.32725,23800000.0,2026-06-10,TPEX daily market value shares * close; API MarketValue retained for audit
4195.TW,4195,TWSE,基米-創,22,生技醫療業,biotech_general,healthcare,biotech,biotech_general,member,False,healthcare,biotech_general,biotech_general__missing_price,missing_price,999999,,0.0,,,,,,trade_group_exact,high,False,legacy_subindustry_rule,medium,official_code_fallback,1708.0,cap_1001_plus,0.1352583586626139,1300000926.25,1.30000092625,80000057.0,2026-06-10,TWSE basic issued common shares * TWSE latest close
7803.TW,7803,TWSE,雲象科技-創,22,生技醫療業,biotech_general,healthcare,biotech,biotech_general,member,False,healthcare,biotech_general,biotech_general__missing_price,missing_price,999999,,0.0,,,,,,trade_group_exact,high,False,legacy_subindustry_rule,medium,official_code_fallback,1496.0,cap_1001_plus,0.2426545086119553,2147893202.0,2.147893202,94412888.0,2026-06-10,TWSE basic issued common shares * TWSE latest close
1707.TW,1707,TWSE,葡萄王,22,生技醫療業,health_food,healthcare,biotech,biotech_health_food,member,False,healthcare,health_food,health_food__small,small,1146,0.4931385568835768,11074214.5,14435626.729166666,120.0,2026-06-18,99.6999969482422,256085.0,trade_group_exact,high,False,legacy_subindustry_rule,medium,exact_symbol,521.0,cap_501_1000,0.7365754812563323,15110012046.0,15.110012046,148137373.0,2026-06-10,TWSE basic issued common shares * TWSE latest close
8436.TWO,8436,TPEX,大江,22,生技醫療業,medical_device,healthcare,biotech,biotech_general,leader,True,healthcare,medical_device,medical_device__small_mid,small_mid,591,0.7388224878264719,76309451.0,97684174.21666668,120.0,2026-06-18,118.0,426412.0,trade_group_exact,high,False,exact_symbol,high,official_code_fallback,556.0,cap_501_1000,0.7188449848024316,13950866355.0,13.950866355,117728830.0,2026-06-10,TPEX daily market value shares * close; API MarketValue retained for audit
6589.TW,6589,TWSE,台康生技,22,生技醫療業,medical_device,healthcare,biotech,biotech_medical_device,member,False,healthcare,medical_device,medical_device__small_mid,small_mid,741,0.6724214254094731,38262446.024383545,56810113.04380996,120.0,2026-06-18,46.45000076293945,1180678.0,trade_group_exact,high,False,legacy_subindustry_rule,medium,exact_symbol,555.0,cap_501_1000,0.7193515704154002,13962638417.0,13.962638417,306871174.0,2026-06-10,TWSE basic issued common shares * TWSE latest close
6469.TWO,6469,TPEX,大樹,22,生技醫療業,medical_device,healthcare,biotech,biotech_medical_device,member,False,healthcare,medical_device,medical_device__small_mid,small_mid,747,0.6697653829127932,37607520.8,54364625.10019216,120.0,2026-06-18,74.9000015258789,252772.0,trade_group_exact,high,False,legacy_subindustry_rule,medium,exact_symbol,652.0,cap_501_1000,0.6702127659574468,11224503109.6,11.2245031096,150060202.0,2026-06-10,TPEX daily market value shares * close; API MarketValue retained for audit
4114.TWO,4114,TPEX,健喬,22,生技醫療業,medical_device,healthcare,biotech,biotech_medical_device,member,False,healthcare,medical_device,medical_device__small,small,899,0.6024789729969013,23722243.55333328,26409753.0194355,120.0,2026-06-18,30.950000762939453,1042415.0,trade_group_exact,high,False,legacy_subindustry_rule,medium,exact_symbol,509.0,cap_501_1000,0.7426545086119554,15509339334.4,15.5093393344,510175636.0,2026-06-10,TPEX daily market value shares * close; API MarketValue retained for audit
4174.TWO,4174,TPEX,浩鼎,22,生技醫療業,medical_device,healthcare,biotech,biotech_medical_device,member,False,healthcare,medical_device,medical_device__small,small,1023,0.5475874280655157,16640037.599999998,29558710.39076215,120.0,2026-06-18,27.899999618530277,181050.0,trade_group_exact,high,False,legacy_subindustry_rule,medium,exact_symbol,1183.0,cap_1001_plus,0.4012158054711245,3703968189.05,3.70396818905,131579687.0,2026-06-10,TPEX daily market value shares * close; API MarketValue retained for audit
1565.TWO,1565,TPEX,精華,22,生技醫療業,medical_device,healthcare,biotech,biotech_medical_device,member,False,healthcare,medical_device,medical_device__small,small,1075,0.5245683930942895,14378070.0,17746137.620833334,120.0,2026-06-18,93.9000015258789,131012.0,trade_group_exact,high,False,legacy_subindustry_rule,medium,exact_symbol,1048.0,cap_1001_plus,0.4696048632218845,4754277458.8,4.7542774588,50416516.0,2026-06-10,TPEX daily market value shares * close; API MarketValue retained for audit
4137.TW,4137,TWSE,麗豐-KY,22,生技醫療業,medical_device,healthcare,biotech,biotech_medical_device,leader,True,healthcare,medical_device,medical_device__small,small,1129,0.50066401062417,11877608.428527832,16990732.945574697,120.0,2026-06-18,109.0,184000.0,trade_group_exact,high,False,exact_symbol,high,exact_symbol,753.0,cap_501_1000,0.6190476190476191,8950419975.0,8.950419975,82492350.0,2026-06-10,TWSE basic issued common shares * TWSE latest close
3176.TWO,3176,TPEX,基亞,22,生技醫療業,medical_device,healthcare,biotech,biotech_medical_device,member,False,healthcare,medical_device,medical_device__small,small,1238,0.4524125719344842,8428255.80110073,10262594.031993574,120.0,2026-06-18,33.54999923706055,648000.0,trade_group_exact,high,False,legacy_subindustry_rule,medium,exact_symbol,1068.0,cap_1001_plus,0.4594731509625126,4618018928.25,4.61801892825,139306755.0,2026-06-10,TPEX daily market value shares * close; API MarketValue retained for audit
3205.TWO,3205,TPEX,佰研,22,生技醫療業,medical_device,healthcare,biotech,biotech_medical_device,member,False,healthcare,medical_device,medical_device__small,small,1354,0.4010624169986719,6325864.048828125,17140339.35546877,120.0,2026-06-18,52.59999847412109,157200.0,trade_group_exact,high,False,legacy_subindustry_rule,medium,exact_symbol,1196.0,cap_1001_plus,0.3946301925025329,3606936695.4,3.6069366954,67545631.0,2026-06-10,TPEX daily market value shares * close; API MarketValue retained for audit
4107.TWO,4107,TPEX,邦特,22,生技醫療業,medical_device,healthcare,biotech,biotech_medical_device,member,False,healthcare,medical_device,medical_device__small,small,1464,0.3523683045595396,4750472.0,6929965.725,120.0,2026-06-18,115.5,64048.0,trade_group_exact,high,False,exact_symbol,high,exact_symbol,803.0,cap_501_1000,0.5937183383991895,8003957808.0,8.003957808,69298336.0,2026-06-10,TPEX daily market value shares * close; API MarketValue retained for audit
1733.TW,1733,TWSE,五鼎,22,生技醫療業,medical_device,healthcare,biotech,biotech_medical_device,member,False,healthcare,medical_device,medical_device__small,small,1474,0.347941567065073,4560231.944534302,5093587.641756471,120.0,2026-06-18,29.299999237060547,102000.0,trade_group_exact,high,False,legacy_subindustry_rule,medium,exact_symbol,1323.0,cap_1001_plus,0.3302938196555217,2868570510.4,2.8685705104,99950192.0,2026-06-10,TWSE basic issued common shares * TWSE latest close
4126.TWO,4126,TPEX,太醫,22,生技醫療業,medical_device,healthcare,biotech,biotech_medical_device,member,False,healthcare,medical_device,medical_device__small,small,1586,0.2983621071270473,3420150.5297927856,4309780.279844793,120.0,2026-06-18,80.5999984741211,19398.0,trade_group_exact,high,False,exact_symbol,high,exact_symbol,959.0,cap_501_1000,0.5146909827760892,5757180000.0,5.75718,72600000.0,2026-06-10,TPEX daily market value shares * close; API MarketValue retained for audit
6569.TWO,6569,TPEX,醫揚,22,生技醫療業,medical_device,healthcare,biotech,biotech_medical_device,member,False,healthcare,medical_device,medical_device__small,small,1648,0.2709163346613545,2827653.5,4874243.157690684,120.0,2026-06-18,115.0,96154.0,trade_group_exact,high,False,legacy_subindustry_rule,medium,exact_symbol,1081.0,cap_1001_plus,0.452887537993921,4512671047.5,4.5126710475,39070745.0,2026-06-10,TPEX daily market value shares * close; API MarketValue retained for audit
4133.TW,4133,TWSE,亞諾法,22,生技醫療業,medical_device,healthcare,biotech,biotech_medical_device,member,False,healthcare,medical_device,medical_device__small,small,1779,0.2129260734838424,1833727.3501548767,4153168.506536722,120.0,2026-06-18,20.700000762939453,98929.0,trade_group_exact,high,False,legacy_subindustry_rule,medium,exact_symbol,1721.0,cap_1001_plus,0.1286727456940223,1259514755.2,1.2595147552,60553594.0,2026-06-10,TWSE basic issued common shares * TWSE latest close
4106.TW,4106,TWSE,雃博,22,生技醫療業,medical_device,healthcare,biotech,biotech_medical_device,member,False,healthcare,medical_device,medical_device__small,small,1848,0.182381584772023,1449438.786816597,1774592.776943064,120.0,2026-06-18,23.399999618530277,114118.0,trade_group_exact,high,False,legacy_subindustry_rule,medium,exact_symbol,1427.0,cap_1001_plus,0.2776089159067882,2421877368.0,2.421877368,100911557.0,2026-06-10,TWSE basic issued common shares * TWSE latest close
4116.TWO,4116,TPEX,明基醫,22,生技醫療業,medical_device,healthcare,biotech,biotech_medical_device,member,False,healthcare,medical_device,medical_device__small,small,1931,0.1456396635679504,1046478.2695102692,1267237.5228200278,120.0,2026-06-18,37.95000076293945,65000.0,trade_group_exact,high,False,legacy_subindustry_rule,medium,exact_symbol,1609.0,cap_1001_plus,0.1854103343465045,1671225000.0,1.671225,44566000.0,2026-06-10,TPEX daily market value shares * close; API MarketValue retained for audit
6666.TW,6666,TWSE,羅麗芬-KY,22,生技醫療業,medical_device,healthcare,biotech,biotech_medical_device,member,False,healthcare,medical_device,medical_device__small,small,2040,0.0973882248782647,667874.9942779541,800804.1800800005,120.0,2026-06-18,42.95000076293945,37000.0,trade_group_exact,high,False,legacy_subindustry_rule,medium,exact_symbol,1545.0,cap_1001_plus,0.2178318135764944,1954755000.0,1.954755,47388000.0,2026-06-10,TWSE basic issued common shares * TWSE latest close
4746.TW,4746,TWSE,台耀,22,生技醫療業,medical_material,healthcare,biotech,biotech_medical_material,member,False,healthcare,medical_material,medical_material__small_mid,small_mid,751,0.6679946879150067,36724547.859313965,43062155.86009693,120.0,2026-06-18,52.29999923706055,693192.0,trade_group_exact,high,False,legacy_subindustry_rule,medium,exact_symbol,916.0,cap_501_1000,0.5364741641337386,6229258883.4,6.2292588834,120255963.0,2026-06-10,TWSE basic issued common shares * TWSE latest close
1786.TW,1786,TWSE,科妍,22,生技醫療業,medical_material,healthcare,biotech,biotech_medical_material,member,False,healthcare,medical_material,medical_material__small,small,970,0.5710491367861885,19311624.101394653,27613226.157707404,120.0,2026-06-18,53.5,294268.0,trade_group_exact,high,False,legacy_subindustry_rule,medium,exact_symbol,1113.0,cap_1001_plus,0.436676798378926,4257692772.9,4.2576927729000005,74827641.0,2026-06-10,TWSE basic issued common shares * TWSE latest close
1783.TW,1783,TWSE,和康生,22,生技醫療業,medical_material,healthcare,biotech,biotech_medical_material,member,False,healthcare,medical_material,medical_material__small,small,1569,0.3058875608676406,3527526.928232193,4284437.995261065,120.0,2026-06-18,38.75,60271.0,trade_group_exact,high,False,legacy_subindustry_rule,medium,exact_symbol,1218.0,cap_1001_plus,0.3834853090172239,3489256673.5,3.4892566735,89698115.0,2026-06-10,TWSE basic issued common shares * TWSE latest close
1319.TW,1319,TWSE,東陽,12,汽車工業,auto_vehicle,industrial,traditional,auto,member,False,industrial,auto_vehicle,auto_vehicle__mid,mid,331,0.8539176626826029,245134829.10710528,303425472.68337667,120.0,2026-06-18,99.1999969482422,9974911.0,trade_group_exact,high,False,legacy_subindustry_rule,medium,official_code_fallback,194.0,cap_101_250,0.9022289766970618,63288046276.0,63.288046276,591477068.0,2026-06-10,TWSE basic issued common shares * TWSE latest close
2233.TW,2233,TWSE,宇隆,12,汽車工業,auto_vehicle,industrial,traditional,auto,member,False,industrial,auto_vehicle,auto_vehicle__mid,mid,362,0.8401947764497566,201979842.25,381341640.81666666,120.0,2026-06-18,305.5,635342.0,trade_group_exact,high,False,legacy_subindustry_rule,medium,official_code_fallback,471.0,cap_251_500,0.7619047619047619,17483545810.0,17.48354581,60288089.0,2026-06-10,TWSE basic issued common shares * TWSE latest close
2207.TW,2207,TWSE,和泰車,12,汽車工業,auto_vehicle,industrial,traditional,auto,member,False,industrial,auto_vehicle,auto_vehicle__mid,mid,389,0.8282425852146967,181831143.0,202955487.05,120.0,2026-06-18,482.0,8738192.0,trade_group_exact,high,False,legacy_subindustry_rule,medium,official_code_fallback,67.0,cap_051_100,0.9665653495440728,271309048016.0,271.309048016,557102768.0,2026-06-10,TWSE basic issued common shares * TWSE latest close
2201.TW,2201,TWSE,裕隆,12,汽車工業,auto_vehicle,industrial,traditional,auto,member,False,industrial,auto_vehicle,auto_vehicle__mid,mid,493,0.7822045152722443,114181187.74302864,174906016.58295593,120.0,2026-06-18,28.100000381469727,4262733.0,trade_group_exact,high,False,legacy_subindustry_rule,medium,official_code_fallback,321.0,cap_251_500,0.8378926038500507,29532034527.6,29.532034527600004,1070001251.0,2026-06-10,TWSE basic issued common shares * TWSE latest close
1536.TW,1536,TWSE,和大,12,汽車工業,auto_vehicle,industrial,traditional,auto,member,False,industrial,auto_vehicle,auto_vehicle__small_mid,small_mid,555,0.7547587428065515,88715413.91304398,135704725.5739223,120.0,2026-06-18,48.70000076293945,1316783.0,trade_group_exact,high,False,legacy_subindustry_rule,medium,official_code_fallback,563.0,cap_501_1000,0.7152988855116515,13724808039.6,13.7248080396,278959513.0,2026-06-10,TWSE basic issued common shares * TWSE latest close
2231.TW,2231,TWSE,為升,12,汽車工業,auto_vehicle,industrial,traditional,auto,member,False,industrial,auto_vehicle,auto_vehicle__small_mid,small_mid,633,0.7202301903497123,61676858.72154236,126063382.69320248,120.0,2026-06-18,92.9000015258789,156030.0,trade_group_exact,high,False,legacy_subindustry_rule,medium,official_code_fallback,593.0,cap_501_1000,0.7001013171225937,12641663910.0,12.64166391,135931870.0,2026-06-10,TWSE basic issued common shares * TWSE latest close
2204.TW,2204,TWSE,中華,12,汽車工業,auto_vehicle,industrial,traditional,auto,member,False,industrial,auto_vehicle,auto_vehicle__small_mid,small_mid,640,0.7171314741035857,60330009.3518734,67213676.18278386,120.0,2026-06-18,55.29999923706055,804626.0,trade_group_exact,high,False,legacy_subindustry_rule,medium,official_code_fallback,313.0,cap_251_500,0.8419452887537994,30947377117.8,30.9473771178,553620342.0,2026-06-10,TWSE basic issued common shares * TWSE latest close
6605.TW,6605,TWSE,帝寶,12,汽車工業,auto_vehicle,industrial,traditional,auto,member,False,industrial,auto_vehicle,auto_vehicle__small_mid,small_mid,645,0.7149181053563524,58038736.5,80243988.62083334,120.0,2026-06-18,141.5,580205.0,trade_group_exact,high,False,legacy_subindustry_rule,medium,official_code_fallback,371.0,cap_251_500,0.8125633232016211,24457918557.5,24.4579185575,165816397.0,2026-06-10,TWSE basic issued common shares * TWSE latest close
2206.TW,2206,TWSE,三陽工業,12,汽車工業,auto_vehicle,industrial,traditional,auto,member,False,industrial,auto_vehicle,auto_vehicle__small_mid,small_mid,696,0.6923417441345728,46538918.11309052,52594322.6521301,120.0,2026-06-18,61.59999847412109,1146210.0,trade_group_exact,high,False,legacy_subindustry_rule,medium,official_code_fallback,237.0,cap_101_250,0.8804457953394124,48196049646.0,48.196049646,783675604.0,2026-06-10,TWSE basic issued common shares * TWSE latest close
4551.TW,4551,TWSE,智伸科,12,汽車工業,auto_vehicle,industrial,traditional,auto,member,False,industrial,auto_vehicle,auto_vehicle__small_mid,small_mid,703,0.6892430278884463,45360444.5,55889438.8,120.0,2026-06-18,221.5,4050415.0,trade_group_exact,high,False,legacy_subindustry_rule,medium,official_code_fallback,497.0,cap_251_500,0.7487335359675785,15843093475.0,15.843093475,115222498.0,2026-06-10,TWSE basic issued common shares * TWSE latest close
1522.TW,1522,TWSE,堤維西,12,汽車工業,auto_vehicle,industrial,traditional,auto,member,False,industrial,auto_vehicle,auto_vehicle__small_mid,small_mid,718,0.6826029216467464,41843087.96419716,65610119.97625591,120.0,2026-06-18,32.099998474121094,1427432.0,trade_group_exact,high,False,legacy_subindustry_rule,medium,official_code_fallback,713.0,cap_501_1000,0.6393110435663627,9652899628.85,9.65289962885,312897881.0,2026-06-10,TWSE basic issued common shares * TWSE latest close
2236.TW,2236,TWSE,百達-KY,12,汽車工業,auto_vehicle,industrial,traditional,auto,member,False,industrial,auto_vehicle,auto_vehicle__small_mid,small_mid,737,0.6741921204072598,38674878.212654114,51649815.5754818,120.0,2026-06-18,136.5,317166.0,trade_group_exact,high,False,legacy_subindustry_rule,medium,official_code_fallback,787.0,cap_501_1000,0.6018237082066868,8325550784.0,8.325550784,62130976.0,2026-06-10,TWSE basic issued common shares * TWSE latest close
1587.TW,1587,TWSE,吉茂,12,汽車工業,auto_vehicle,industrial,traditional,auto,member,False,industrial,auto_vehicle,auto_vehicle__small_mid,small_mid,785,0.6529437804338203,32233095.271562576,61586477.10308027,120.0,2026-06-18,28.049999237060547,231160.0,trade_group_exact,high,False,legacy_subindustry_rule,medium,official_code_fallback,1470.0,cap_1001_plus,0.2558257345491388,2233553248.8,2.2335532488,80055672.0,2026-06-10,TWSE basic issued common shares * TWSE latest close
2228.TW,2228,TWSE,劍麟,12,汽車工業,auto_vehicle,industrial,traditional,auto,member,False,industrial,auto_vehicle,auto_vehicle__small,small,830,0.6330234617087207,28784469.745666504,90415414.85718612,120.0,2026-06-18,89.0,211006.0,trade_group_exact,high,False,legacy_subindustry_rule,medium,official_code_fallback,890.0,cap_501_1000,0.549645390070922,6709472097.2,6.7094720972,79779692.0,2026-06-10,TWSE basic issued common shares * TWSE latest close
2258.TW,2258,TWSE,鴻華先進-創,12,汽車工業,auto_vehicle,industrial,traditional,auto,member,False,industrial,auto_vehicle,auto_vehicle__small,small,884,0.6091190792386012,24734766.33920479,29998039.17082666,120.0,2026-06-18,33.0,978150.0,trade_group_exact,high,False,legacy_subindustry_rule,medium,official_code_fallback,222.0,cap_101_250,0.8880445795339412,52619857840.0,52.61985784,1751076800.0,2026-06-10,TWSE basic issued common shares * TWSE latest close
1524.TW,1524,TWSE,耿鼎,12,汽車工業,auto_vehicle,industrial,traditional,auto,member,False,industrial,auto_vehicle,auto_vehicle__small,small,892,0.6055776892430279,24442353.49846077,51231408.67546327,120.0,2026-06-18,29.950000762939453,817100.0,trade_group_exact,high,False,legacy_subindustry_rule,medium,official_code_fallback,1024.0,cap_1001_plus,0.4817629179331307,4975842949.7,4.9758429497,165310397.0,2026-06-10,TWSE basic issued common shares * TWSE latest close
7821.TW,7821,TWSE,神數,12,汽車工業,auto_vehicle,industrial,traditional,auto,member,False,industrial,auto_vehicle,auto_vehicle__inactive,inactive,939,0.584772023019035,20920363.962558743,33639199.39139276,19.0,2026-06-18,43.900001525878906,150000.0,trade_group_exact,high,False,legacy_subindustry_rule,medium,official_code_fallback,993.0,cap_501_1000,0.497467071935157,5351993870.0,5.35199387,121913300.0,2026-06-10,TWSE basic issued common shares * TWSE latest close
1563.TW,1563,TWSE,巧新,12,汽車工業,auto_vehicle,industrial,traditional,auto,member,False,industrial,auto_vehicle,auto_vehicle__small,small,954,0.5781319167773351,20093277.21215439,25338820.79845852,120.0,2026-06-18,67.69999694824219,6669108.0,trade_group_exact,high,False,legacy_subindustry_rule,medium,official_code_fallback,582.0,cap_501_1000,0.7056737588652482,13085272120.0,13.08527212,225608140.0,2026-06-10,TWSE basic issued common shares * TWSE latest close
2247.TW,2247,TWSE,汎德永業,12,汽車工業,auto_vehicle,industrial,traditional,auto,member,False,industrial,auto_vehicle,auto_vehicle__small,small,999,0.5582115980522355,17696280.0,28718444.245833334,120.0,2026-06-18,238.0,77000.0,trade_group_exact,high,False,legacy_subindustry_rule,medium,official_code_fallback,451.0,cap_251_500,0.7720364741641337,18643717785.0,18.643717785,80708735.0,2026-06-10,TWSE basic issued common shares * TWSE latest close
2497.TW,2497,TWSE,怡利電,12,汽車工業,auto_vehicle,industrial,traditional,auto,member,False,industrial,auto_vehicle,auto_vehicle__small,small,1044,0.5382912793271359,15637785.05610466,28696514.49518381,120.0,2026-06-18,60.20000076293945,951239.0,trade_group_exact,high,False,legacy_subindustry_rule,medium,official_code_fallback,785.0,cap_501_1000,0.6028368794326241,8337544961.200001,8.3375449612,130887676.0,2026-06-10,TWSE basic issued common shares * TWSE latest close
2241.TW,2241,TWSE,艾姆勒,12,汽車工業,auto_vehicle,industrial,traditional,auto,member,False,industrial,auto_vehicle,auto_vehicle__small,small,1058,0.5320938468348827,15384729.492020609,23381048.669691388,120.0,2026-06-18,50.59999847412109,8315438.0,trade_group_exact,high,False,legacy_subindustry_rule,medium,official_code_fallback,1102.0,cap_1001_plus,0.4422492401215805,4346225814.299999,4.346225814299999,104602306.0,2026-06-10,TWSE basic issued common shares * TWSE latest close
3717.TW,3717,TWSE,聯嘉投控,12,汽車工業,auto_vehicle,industrial,traditional,auto,member,False,industrial,auto_vehicle,auto_vehicle__small,small,1185,0.4758742806551571,10073998.459787369,19815577.233288493,120.0,2026-06-18,22.549999237060547,8566207.0,trade_group_exact,high,False,legacy_subindustry_rule,medium,official_code_fallback,1123.0,cap_1001_plus,0.4316109422492401,4198477989.0,4.198477989,207845445.0,2026-06-10,TWSE basic issued common shares * TWSE latest close
4557.TW,4557,TWSE,永新-KY,12,汽車工業,auto_vehicle,industrial,traditional,auto,member,False,industrial,auto_vehicle,auto_vehicle__small,small,1239,0.4519698981850376,8381416.131477356,10743653.379727554,120.0,2026-06-18,49.70000076293945,84010.0,trade_group_exact,high,False,legacy_subindustry_rule,medium,official_code_fallback,1486.0,cap_1001_plus,0.2477203647416413,2177921536.0,2.177921536,47971840.0,2026-06-10,TWSE basic issued common shares * TWSE latest close
4569.TW,4569,TWSE,六方科-KY,12,汽車工業,auto_vehicle,industrial,traditional,auto,member,False,industrial,auto_vehicle,auto_vehicle__small,small,1258,0.4435590969455512,7956000.0,19387596.620833334,120.0,2026-06-18,190.5,268400.0,trade_group_exact,high,False,legacy_subindustry_rule,medium,official_code_fallback,1036.0,cap_1001_plus,0.4756838905775076,4850100000.0,4.8501,30600000.0,2026-06-10,TWSE basic issued common shares * TWSE latest close
2250.TW,2250,TWSE,IKKA-KY,12,汽車工業,auto_vehicle,industrial,traditional,auto,member,False,industrial,auto_vehicle,auto_vehicle__small,small,1399,0.3811420982735723,5602072.10092926,7396527.245871861,120.0,2026-06-18,61.70000076293945,93018.0,trade_group_exact,high,False,legacy_subindustry_rule,medium,official_code_fallback,1480.0,cap_1001_plus,0.2507598784194529,2201487673.0,2.201487673,36388226.0,2026-06-10,TWSE basic issued common shares * TWSE latest close
3346.TW,3346,TWSE,麗清,12,汽車工業,auto_vehicle,industrial,traditional,auto,member,False,industrial,auto_vehicle,auto_vehicle__small,small,1456,0.3559096945551129,4840287.75,7762477.017948421,120.0,2026-06-18,23.700000762939453,1700297.0,trade_group_exact,high,False,legacy_subindustry_rule,medium,official_code_fallback,1306.0,cap_1001_plus,0.3389057750759878,2945848953.6,2.9458489536,121228352.0,2026-06-10,TWSE basic issued common shares * TWSE latest close
2239.TW,2239,TWSE,英利-KY,12,汽車工業,auto_vehicle,industrial,traditional,auto,member,False,industrial,auto_vehicle,auto_vehicle__small,small,1571,0.3050022133687472,3517424.982070923,4240325.749034754,120.0,2026-06-18,22.700000762939453,31000.0,trade_group_exact,high,False,legacy_subindustry_rule,medium,official_code_fallback,1360.0,cap_1001_plus,0.3115501519756839,2701504009.35,2.70150400935,117712593.0,2026-06-10,TWSE basic issued common shares * TWSE latest close
1533.TW,1533,TWSE,車王電,12,汽車工業,auto_vehicle,industrial,traditional,auto,member,False,industrial,auto_vehicle,auto_vehicle__small,small,1608,0.2886232846392209,3169154.500150681,6351328.011369546,120.0,2026-06-18,38.20000076293945,179500.0,trade_group_exact,high,False,legacy_subindustry_rule,medium,official_code_fallback,1173.0,cap_1001_plus,0.4062816616008106,3769441339.5,3.7694413395,98547486.0,2026-06-10,TWSE basic issued common shares * TWSE latest close
2243.TW,2243,TWSE,宏旭-KY,12,汽車工業,auto_vehicle,industrial,traditional,auto,member,False,industrial,auto_vehicle,auto_vehicle__small,small,1635,0.2766710934041612,2934799.97587204,13414898.167180669,120.0,2026-06-18,51.70000076293945,1602365.0,trade_group_exact,high,False,legacy_subindustry_rule,medium,official_code_fallback,1499.0,cap_1001_plus,0.2411347517730496,2136706756.8,2.1367067568,69373596.0,2026-06-10,TWSE basic issued common shares * TWSE latest close
1568.TW,1568,TWSE,倉佑,12,汽車工業,auto_vehicle,industrial,traditional,auto,member,False,industrial,auto_vehicle,auto_vehicle__small,small,1694,0.2505533421868083,2461352.2275304794,6542419.028043223,120.0,2026-06-18,46.04999923706055,4166466.0,trade_group_exact,high,False,legacy_subindustry_rule,medium,official_code_fallback,1152.0,cap_1001_plus,0.4169199594731509,3917289242.0,3.917289242,103086559.0,2026-06-10,TWSE basic issued common shares * TWSE latest close
1339.TW,1339,TWSE,昭輝,12,汽車工業,auto_vehicle,industrial,traditional,auto,member,False,industrial,auto_vehicle,auto_vehicle__small,small,1747,0.2270916334661354,2055770.4267501829,2728954.1225865684,120.0,2026-06-18,43.95000076293945,247013.0,trade_group_exact,high,False,legacy_subindustry_rule,medium,official_code_fallback,1262.0,cap_1001_plus,0.3611955420466058,3224388562.5,3.2243885625,74123875.0,2026-06-10,TWSE basic issued common shares * TWSE latest close
2227.TW,2227,TWSE,裕日車,12,汽車工業,auto_vehicle,industrial,traditional,auto,member,False,industrial,auto_vehicle,auto_vehicle__small,small,1754,0.2239929172200088,1997227.7274665835,2503418.085430304,120.0,2026-06-18,49.29999923706055,51071.0,trade_group_exact,high,False,legacy_subindustry_rule,medium,official_code_fallback,534.0,cap_501_1000,0.7299898682877406,14670000000.0,14.67,300000000.0,2026-06-10,TWSE basic issued common shares * TWSE latest close
1338.TW,1338,TWSE,廣華-KY,12,汽車工業,auto_vehicle,industrial,traditional,auto,member,False,industrial,auto_vehicle,auto_vehicle__small,small,1772,0.2160247897299689,1901512.3017025,2607886.9667230207,120.0,2026-06-18,17.200000762939453,86001.0,trade_group_exact,high,False,legacy_subindustry_rule,medium,official_code_fallback,1671.0,cap_1001_plus,0.1540020263424518,1395936000.0,1.395936,83840000.0,2026-06-10,TWSE basic issued common shares * TWSE latest close
7736.TW,7736,TWSE,虎山,12,汽車工業,auto_vehicle,industrial,traditional,auto,member,False,industrial,auto_vehicle,auto_vehicle__small,small,1774,0.2151394422310757,1878950.0160217285,4604089.531469981,120.0,2026-06-18,72.69999694824219,16000.0,trade_group_exact,high,False,legacy_subindustry_rule,medium,official_code_fallback,986.0,cap_501_1000,0.5010131712259371,5434000000.0,5.434,76000000.0,2026-06-10,TWSE basic issued common shares * TWSE latest close
2254.TW,2254,TWSE,巨鎧精密-創,12,汽車工業,auto_vehicle,industrial,traditional,auto,member,False,industrial,auto_vehicle,auto_vehicle__small,small,1797,0.2049579459938025,1722064.180809021,3187680.536681461,120.0,2026-06-18,62.20000076293945,1000.0,trade_group_exact,high,False,legacy_subindustry_rule,medium,official_code_fallback,1160.0,cap_1001_plus,0.4128672745694022,3847242336.0,3.847242336,63907680.0,2026-06-10,TWSE basic issued common shares * TWSE latest close
1525.TW,1525,TWSE,江申,12,汽車工業,auto_vehicle,industrial,traditional,auto,member,False,industrial,auto_vehicle,auto_vehicle__small,small,1837,0.1872509960159362,1498800.0259399414,1815993.2430724464,120.0,2026-06-18,66.0,15000.0,trade_group_exact,high,False,legacy_subindustry_rule,medium,official_code_fallback,1022.0,cap_1001_plus,0.4827760891590679,4983869166.5,4.9838691665,73400135.0,2026-06-10,TWSE basic issued common shares * TWSE latest close
2115.TW,2115,TWSE,六暉-KY,12,汽車工業,auto_vehicle,industrial,traditional,auto,member,False,industrial,auto_vehicle,auto_vehicle__small,small,1846,0.1832669322709162,1467331.761253357,2434237.7143362206,120.0,2026-06-18,20.600000381469727,185287.0,trade_group_exact,high,False,legacy_subindustry_rule,medium,official_code_fallback,1457.0,cap_1001_plus,0.2624113475177305,2290990927.85,2.29099092785,104373163.0,2026-06-10,TWSE basic issued common shares * TWSE latest close
2248.TW,2248,TWSE,華勝-KY,12,汽車工業,auto_vehicle,industrial,traditional,auto,member,False,industrial,auto_vehicle,auto_vehicle__small,small,1862,0.1761841522797698,1373865.979309082,2501543.2952276547,120.0,2026-06-18,56.29999923706055,10003.0,trade_group_exact,high,False,legacy_subindustry_rule,medium,official_code_fallback,1363.0,cap_1001_plus,0.3100303951367781,2684640000.0,2.68464,47600000.0,2026-06-10,TWSE basic issued common shares * TWSE latest close
4581.TW,4581,TWSE,光隆精密-KY,12,汽車工業,auto_vehicle,industrial,traditional,auto,member,False,industrial,auto_vehicle,auto_vehicle__small,small,2009,0.1111111111111111,747625.0,975205.114528052,120.0,2026-06-18,49.95000076293945,8010.0,trade_group_exact,high,False,legacy_subindustry_rule,medium,official_code_fallback,1604.0,cap_1001_plus,0.1879432624113475,1684780300.0,1.6847803,33899000.0,2026-06-10,TWSE basic issued common shares * TWSE latest close
1512.TW,1512,TWSE,瑞利,12,汽車工業,auto_vehicle,industrial,traditional,auto,member,False,industrial,auto_vehicle,auto_vehicle__small,small,2052,0.0920761398849048,617233.7144091129,961924.7352516254,120.0,2026-06-18,7.25,203684.0,trade_group_exact,high,False,legacy_subindustry_rule,medium,official_code_fallback,1914.0,cap_1001_plus,0.0309017223910841,669611456.36,0.66961145636,98183498.0,2026-06-10,TWSE basic issued common shares * TWSE latest close
1521.TW,1521,TWSE,大億,12,汽車工業,auto_vehicle,industrial,traditional,auto,member,False,industrial,auto_vehicle,auto_vehicle__small,small,2076,0.081451969898185,556787.4746189117,1149679.118508323,120.0,2026-06-18,26.600000381469727,71004.0,trade_group_exact,high,False,legacy_subindustry_rule,medium,official_code_fallback,1536.0,cap_1001_plus,0.2223910840932117,1981980000.0,1.98198,76230000.0,2026-06-10,TWSE basic issued common shares * TWSE latest close
7732.TW,7732,TWSE,金興精密,12,汽車工業,auto_vehicle,industrial,traditional,auto,member,False,industrial,auto_vehicle,auto_vehicle__small,small,2101,0.0703851261620186,492087.5,848565.2607092857,120.0,2026-06-18,36.0,40000.0,trade_group_exact,high,False,legacy_subindustry_rule,medium,official_code_fallback,1456.0,cap_1001_plus,0.2629179331306991,2296140000.0,2.29614,64680000.0,2026-06-10,TWSE basic issued common shares * TWSE latest close
6988.TW,6988,TWSE,威力暘-創,12,汽車工業,auto_vehicle,industrial,traditional,auto,member,False,industrial,auto_vehicle,auto_vehicle__small,small,2109,0.0668437361664453,461074.99074935913,788495.9609766721,120.0,2026-06-18,14.0,66009.0,trade_group_exact,high,False,legacy_subindustry_rule,medium,official_code_fallback,1908.0,cap_1001_plus,0.0339412360688956,694960000.0,0.69496,47600000.0,2026-06-10,TWSE basic issued common shares * TWSE latest close
8996.TW,8996,TWSE,高力,5,電機機械,machinery,industrial,traditional,machinery,member,False,industrial,machinery,machinery__large,large,65,0.971668880035414,2310127039.0,2526781355.6666665,120.0,2026-06-18,1590.0,5844151.0,trade_group_exact,high,False,legacy_subindustry_rule,medium,official_code_fallback,127.0,cap_101_250,0.9361702127659576,113932663380.0,113.93266338,93387429.0,2026-06-10,TWSE basic issued common shares * TWSE latest close
3167.TW,3167,TWSE,大量,5,電機機械,machinery,industrial,traditional,machinery,member,False,industrial,machinery,machinery__mid_large,mid_large,96,0.9579459938025676,1420805832.75,2025342077.7458327,120.0,2026-06-18,820.0,384385.0,trade_group_exact,high,False,legacy_subindustry_rule,medium,official_code_fallback,174.0,cap_101_250,0.9123606889564336,75937437576.0,75.937437576,88505172.0,2026-06-10,TWSE basic issued common shares * TWSE latest close
1504.TW,1504,TWSE,東元,5,電機機械,machinery,industrial,traditional,machinery,member,False,industrial,machinery,machinery__mid_large,mid_large,116,0.9490925188136344,1154141794.0,1834418796.1683075,120.0,2026-06-18,70.0,19646064.0,trade_group_exact,high,False,legacy_subindustry_rule,medium,official_code_fallback,101.0,cap_101_250,0.9493414387031408,165162627538.0,165.162627538,2376440684.0,2026-06-10,TWSE basic issued common shares * TWSE latest close
1560.TW,1560,TWSE,中砂,5,電機機械,machinery,industrial,traditional,machinery,member,False,industrial,machinery,machinery__mid_large,mid_large,129,0.9433377600708278,1008731019.0,1214994851.4791667,120.0,2026-06-18,700.0,866312.0,trade_group_exact,high,False,legacy_subindustry_rule,medium,official_code_fallback,156.0,cap_101_250,0.9214792299898684,90695490039.0,90.695490039,148925271.0,2026-06-10,TWSE basic issued common shares * TWSE latest close
2049.TW,2049,TWSE,上銀,5,電機機械,machinery,industrial,traditional,machinery,member,False,industrial,machinery,machinery__mid_large,mid_large,150,0.934041611332448,835839506.25,1325007842.15,120.0,2026-06-18,335.0,4479510.0,trade_group_exact,high,False,legacy_subindustry_rule,medium,official_code_fallback,124.0,cap_101_250,0.9376899696048632,115336270240.0,115.33627024,353792240.0,2026-06-10,TWSE basic issued common shares * TWSE latest close
1590.TW,1590,TWSE,亞德客-KY,5,電機機械,machinery,industrial,traditional,machinery,member,False,industrial,machinery,machinery__mid_large,mid_large,171,0.9247454625940682,678201558.5,961959595.9916668,120.0,2026-06-18,1380.0,1190191.0,trade_group_exact,high,False,legacy_subindustry_rule,medium,official_code_fallback,71.0,cap_051_100,0.9645390070921984,256999997430.0,256.99999743,199999998.0,2026-06-10,TWSE basic issued common shares * TWSE latest close
2371.TW,2371,TWSE,大同,5,電機機械,machinery,industrial,traditional,machinery,member,False,industrial,machinery,machinery__mid_large,mid_large,199,0.9123505976095616,562084050.8691387,1007117846.7862585,120.0,2026-06-18,28.299999237060547,15318222.0,trade_group_exact,high,False,legacy_subindustry_rule,medium,official_code_fallback,203.0,cap_101_250,0.8976697061803445,60761084540.75,60.76108454075,2150834851.0,2026-06-10,TWSE basic issued common shares * TWSE latest close
8027.TWO,8027,TPEX,鈦昇,5,電機機械,machinery,industrial,traditional,machinery,member,False,industrial,machinery,machinery__mid,mid,251,0.8893315626383356,394148971.5,649234215.9822747,120.0,2026-06-18,241.0,1449418.0,trade_group_exact,high,False,legacy_subindustry_rule,medium,official_code_fallback,365.0,cap_251_500,0.8156028368794326,25135539488.5,25.1355394885,110002361.0,2026-06-10,TPEX daily market value shares * close; API MarketValue retained for audit
7750.TW,7750,TWSE,新代,5,電機機械,machinery,industrial,traditional,machinery,member,False,industrial,machinery,machinery__mid,mid,301,0.8671978751660027,298031987.5,503239454.03333336,120.0,2026-06-18,2370.0,292644.0,trade_group_exact,high,False,legacy_subindustry_rule,medium,official_code_fallback,106.0,cap_101_250,0.946808510638298,153384805000.0,153.384805,71843000.0,2026-06-10,TWSE basic issued common shares * TWSE latest close
4583.TW,4583,TWSE,台灣精銳,5,電機機械,machinery,industrial,traditional,machinery,member,False,industrial,machinery,machinery__mid,mid,445,0.8034528552456839,137261457.5,200212607.86666667,120.0,2026-06-18,630.0,74005.0,trade_group_exact,high,False,legacy_subindustry_rule,medium,official_code_fallback,230.0,cap_101_250,0.8839918946301925,49786408971.0,49.786408971,80171351.0,2026-06-10,TWSE basic issued common shares * TWSE latest close
3162.TWO,3162,TPEX,精確,5,電機機械,machinery,industrial,traditional,machinery,member,False,industrial,machinery,machinery__mid,mid,454,0.799468791500664,130317562.88483238,414703657.9135526,120.0,2026-06-18,85.5,2032301.0,trade_group_exact,high,False,legacy_subindustry_rule,medium,official_code_fallback,575.0,cap_501_1000,0.7092198581560284,13198730076.0,13.198730076,154371112.0,2026-06-10,TPEX daily market value shares * close; API MarketValue retained for audit
1528.TW,1528,TWSE,恩德,5,電機機械,machinery,industrial,traditional,machinery,member,False,industrial,machinery,machinery__mid,mid,475,0.7901726427622842,120232859.30795003,321436016.0013214,120.0,2026-06-18,25.399999618530277,3108531.0,trade_group_exact,high,False,legacy_subindustry_rule,medium,official_code_fallback,1038.0,cap_1001_plus,0.4746707193515704,4840674300.0,4.8406743,191331000.0,2026-06-10,TWSE basic issued common shares * TWSE latest close
4526.TW,4526,TWSE,東台,5,電機機械,machinery,industrial,traditional,machinery,member,False,industrial,machinery,machinery__mid,mid,518,0.7711376715360779,104025552.55885506,164867742.2045937,120.0,2026-06-18,39.150001525878906,5797816.0,trade_group_exact,high,False,legacy_subindustry_rule,medium,official_code_fallback,711.0,cap_501_1000,0.6403242147922998,9683405518.0,9.683405518,254826461.0,2026-06-10,TWSE basic issued common shares * TWSE latest close
4576.TW,4576,TWSE,大銀微系統,5,電機機械,machinery,industrial,traditional,machinery,member,False,industrial,machinery,machinery__small_mid,small_mid,532,0.7649402390438247,98173290.0,307106195.8213145,120.0,2026-06-18,221.0,2127191.0,trade_group_exact,high,False,legacy_subindustry_rule,medium,official_code_fallback,377.0,cap_251_500,0.8095238095238095,24080171448.0,24.080171448,119801848.0,2026-06-10,TWSE basic issued common shares * TWSE latest close
4540.TW,4540,TWSE,全球傳動,5,電機機械,machinery,industrial,traditional,machinery,member,False,industrial,machinery,machinery__small_mid,small_mid,647,0.714032757857459,57596661.997535706,195698397.45919216,120.0,2026-06-18,61.20000076293945,1971624.0,trade_group_exact,high,False,legacy_subindustry_rule,medium,official_code_fallback,858.0,cap_501_1000,0.5658561296859169,7130058215.599999,7.130058215599999,115186724.0,2026-06-10,TWSE basic issued common shares * TWSE latest close
4510.TWO,4510,TPEX,高鋒,5,電機機械,machinery,industrial,traditional,machinery,member,False,industrial,machinery,machinery__small_mid,small_mid,666,0.7056219566179726,52851594.25,114925102.52313012,120.0,2026-06-18,45.29999923706055,1097020.0,trade_group_exact,high,False,legacy_subindustry_rule,medium,official_code_fallback,1032.0,cap_1001_plus,0.477710233029382,4893099807.599999,4.8930998076,108977724.0,2026-06-10,TPEX daily market value shares * close; API MarketValue retained for audit
6425.TWO,6425,TPEX,易發,5,電機機械,machinery,industrial,traditional,machinery,member,False,industrial,machinery,machinery__small_mid,small_mid,669,0.7042939353696326,52298874.36439514,122689575.01273392,120.0,2026-06-18,79.5999984741211,1043150.0,trade_group_exact,high,False,legacy_subindustry_rule,medium,official_code_fallback,1153.0,cap_1001_plus,0.4164133738601824,3915921178.8,3.9159211788,50922252.0,2026-06-10,TPEX daily market value shares * close; API MarketValue retained for audit
4533.TWO,4533,TPEX,協易機,5,電機機械,machinery,industrial,traditional,machinery,member,False,industrial,machinery,machinery__small_mid,small_mid,684,0.6976538291279327,50335066.54932404,188044873.05721435,120.0,2026-06-18,30.200000762939453,1098510.0,trade_group_exact,high,False,legacy_subindustry_rule,medium,official_code_fallback,1051.0,cap_1001_plus,0.4680851063829787,4729258183.5,4.7292581835,158434110.0,2026-06-10,TPEX daily market value shares * close; API MarketValue retained for audit
6603.TWO,6603,TPEX,富強鑫,5,電機機械,machinery,industrial,traditional,machinery,member,False,industrial,machinery,machinery__small_mid,small_mid,715,0.6839309428950864,42363727.24351408,86618096.59485842,120.0,2026-06-18,24.200000762939453,4524943.0,trade_group_exact,high,False,legacy_subindustry_rule,medium,official_code_fallback,1189.0,cap_1001_plus,0.398176291793313,3667000517.4,3.6670005174,167442946.0,2026-06-10,TPEX daily market value shares * close; API MarketValue retained for audit
4571.TW,4571,TWSE,鈞興-KY,5,電機機械,machinery,industrial,traditional,machinery,member,False,industrial,machinery,machinery__small_mid,small_mid,729,0.6777335104028331,40235975.0,85888198.5125,120.0,2026-06-18,181.5,263031.0,trade_group_exact,high,False,legacy_subindustry_rule,medium,official_code_fallback,717.0,cap_501_1000,0.6372847011144884,9569589257.5,9.5695892575,53017115.0,2026-06-10,TWSE basic issued common shares * TWSE latest close
8255.TWO,8255,TPEX,朋程,5,電機機械,machinery,industrial,traditional,machinery,member,False,industrial,machinery,machinery__small_mid,small_mid,733,0.6759628154050465,39365575.75,55249546.425,120.0,2026-06-18,195.0,2745984.0,trade_group_exact,high,False,legacy_subindustry_rule,medium,official_code_fallback,486.0,cap_251_500,0.754305977710233,16542090500.0,16.5420905,101797480.0,2026-06-10,TPEX daily market value shares * close; API MarketValue retained for audit
1597.TW,1597,TWSE,直得,5,電機機械,machinery,industrial,traditional,machinery,member,False,industrial,machinery,machinery__small_mid,small_mid,768,0.6604692341744134,34024586.36713028,132644692.32229678,120.0,2026-06-18,158.0,2448378.0,trade_group_exact,high,False,legacy_subindustry_rule,medium,official_code_fallback,578.0,cap_501_1000,0.7077001013171226,13166116090.0,13.16611609,89261804.0,2026-06-10,TWSE basic issued common shares * TWSE latest close
4566.TW,4566,TWSE,時碩工業,5,電機機械,machinery,industrial,traditional,machinery,member,False,industrial,machinery,machinery__small,small,850,0.6241699867197875,27427159.455818176,60788022.45821158,120.0,2026-06-18,64.80000305175781,630049.0,trade_group_exact,high,False,legacy_subindustry_rule,medium,official_code_fallback,888.0,cap_501_1000,0.5506585612968592,6731574476.400001,6.7315744764000005,109993047.0,2026-06-10,TWSE basic issued common shares * TWSE latest close
4532.TW,4532,TWSE,瑞智,5,電機機械,machinery,industrial,traditional,machinery,member,False,industrial,machinery,machinery__small,small,854,0.6223992917220009,27257619.11986828,30180034.968048435,120.0,2026-06-18,23.75,1937460.0,trade_group_exact,high,False,legacy_subindustry_rule,medium,official_code_fallback,622.0,cap_501_1000,0.6854103343465046,11926972030.5,11.9269720305,494895105.0,2026-06-10,TWSE basic issued common shares * TWSE latest close
8374.TW,8374,TWSE,羅昇,5,電機機械,machinery,industrial,traditional,machinery,member,False,industrial,machinery,machinery__small,small,862,0.6188579017264276,26867237.63481903,64364014.7172446,120.0,2026-06-18,91.0,514031.0,trade_group_exact,high,False,legacy_subindustry_rule,medium,official_code_fallback,688.0,cap_501_1000,0.6519756838905775,10046418586.5,10.0464185865,112250487.0,2026-06-10,TWSE basic issued common shares * TWSE latest close
1529.TW,1529,TWSE,樂事綠能,5,電機機械,machinery,industrial,traditional,machinery,member,False,industrial,machinery,machinery__small,small,934,0.5869853917662682,21225958.763652805,53847777.62891977,120.0,2026-06-18,22.899999618530277,814058.0,trade_group_exact,high,False,legacy_subindustry_rule,medium,official_code_fallback,1226.0,cap_1001_plus,0.3794326241134752,3412091628.0,3.412091628,155095074.0,2026-06-10,TWSE basic issued common shares * TWSE latest close
5288.TW,5288,TWSE,豐祥-KY,5,電機機械,machinery,industrial,traditional,machinery,member,False,industrial,machinery,machinery__small,small,946,0.5816733067729083,20639642.0,30573894.454166666,120.0,2026-06-18,189.0,194055.0,trade_group_exact,high,False,legacy_subindustry_rule,medium,official_code_fallback,588.0,cap_501_1000,0.7026342451874367,12859414209.0,12.859414209,69698722.0,2026-06-10,TWSE basic issued common shares * TWSE latest close
2230.TWO,2230,TPEX,泰茂,5,電機機械,machinery,industrial,traditional,machinery,member,False,industrial,machinery,machinery__small,small,990,0.5621956617972554,17971587.907230377,24773152.667307924,120.0,2026-06-18,27.100000381469727,195002.0,trade_group_exact,high,False,legacy_subindustry_rule,medium,official_code_fallback,1568.0,cap_1001_plus,0.2061803444782168,1836799335.0,1.836799335,68029605.0,2026-06-10,TPEX daily market value shares * close; API MarketValue retained for audit
4534.TWO,4534,TPEX,慶騰,5,電機機械,machinery,industrial,traditional,machinery,member,False,industrial,machinery,machinery__small,small,993,0.5608676405489155,17919919.55,25879485.63793074,120.0,2026-06-18,33.650001525878906,1115211.0,trade_group_exact,high,False,legacy_subindustry_rule,medium,official_code_fallback,1350.0,cap_1001_plus,0.3166160081053698,2733851862.0,2.733851862,86788948.0,2026-06-10,TPEX daily market value shares * close; API MarketValue retained for audit
4549.TWO,4549,TPEX,桓達,5,電機機械,machinery,industrial,traditional,machinery,member,False,industrial,machinery,machinery__small,small,1029,0.5449313855688358,16317103.75,27918767.088788733,120.0,2026-06-18,106.5,149047.0,trade_group_exact,high,False,legacy_subindustry_rule,medium,official_code_fallback,931.0,cap_501_1000,0.5288753799392097,6127762837.5,6.1277628375,57002445.0,2026-06-10,TPEX daily market value shares * close; API MarketValue retained for audit
6122.TWO,6122,TPEX,擎邦,5,電機機械,machinery,industrial,traditional,machinery,member,False,industrial,machinery,machinery__small,small,1040,0.5400619743249225,15775234.500603102,30279834.072463468,120.0,2026-06-18,46.900001525878906,164595.0,trade_group_exact,high,False,legacy_subindustry_rule,medium,official_code_fallback,1180.0,cap_1001_plus,0.4027355623100304,3732780009.6,3.7327800096,78091632.0,2026-06-10,TPEX daily market value shares * close; API MarketValue retained for audit
3685.TWO,3685,TPEX,元創精密,5,電機機械,machinery,industrial,traditional,machinery,member,False,industrial,machinery,machinery__small,small,1041,0.5396193005754759,15697150.161743164,19241240.734788097,120.0,2026-06-18,30.25,550000.0,trade_group_exact,high,False,legacy_subindustry_rule,medium,official_code_fallback,1468.0,cap_1001_plus,0.2568389057750759,2247965500.0,2.2479655,79574000.0,2026-06-10,TPEX daily market value shares * close; API MarketValue retained for audit
8222.TW,8222,TWSE,寶一,5,電機機械,machinery,industrial,traditional,machinery,member,False,industrial,machinery,machinery__small,small,1049,0.5360779105799026,15539189.097194672,29772323.80232954,120.0,2026-06-18,35.25,270500.0,trade_group_exact,high,False,legacy_subindustry_rule,medium,official_code_fallback,1445.0,cap_1001_plus,0.2684903748733536,2358928400.0,2.3589284,68573500.0,2026-06-10,TWSE basic issued common shares * TWSE latest close
1532.TW,1532,TWSE,勤美,5,電機機械,machinery,industrial,traditional,machinery,member,False,industrial,machinery,machinery__small,small,1074,0.5250110668437362,14411273.37945938,15860702.179751856,120.0,2026-06-18,24.0,1211150.0,trade_group_exact,high,False,legacy_subindustry_rule,medium,official_code_fallback,710.0,cap_501_1000,0.6408308004052685,9698768019.45,9.698768019449998,422604271.0,2026-06-10,TWSE basic issued common shares * TWSE latest close
4564.TW,4564,TWSE,元翎,5,電機機械,machinery,industrial,traditional,machinery,member,False,industrial,machinery,machinery__small,small,1078,0.5232403718459495,14315139.435897827,20560329.28191097,120.0,2026-06-18,15.800000190734863,525297.0,trade_group_exact,high,False,legacy_subindustry_rule,medium,official_code_fallback,1209.0,cap_1001_plus,0.3880445795339412,3526742790.4500003,3.52674279045,232788303.0,2026-06-10,TWSE basic issued common shares * TWSE latest close
8083.TWO,8083,TPEX,瑞穎,5,電機機械,machinery,industrial,traditional,machinery,member,False,industrial,machinery,machinery__small,small,1124,0.5028773793714032,12139291.25,13241338.570833333,120.0,2026-06-18,172.0,78000.0,trade_group_exact,high,False,legacy_subindustry_rule,medium,official_code_fallback,942.0,cap_501_1000,0.5233029381965553,6042909196.0,6.042909196,35133193.0,2026-06-10,TPEX daily market value shares * close; API MarketValue retained for audit
4590.TW,4590,TWSE,富田-創,5,電機機械,machinery,industrial,traditional,machinery,member,False,industrial,machinery,machinery__small,small,1136,0.4975652943780434,11677920.097240448,17844938.60442206,120.0,2026-06-18,78.0,167020.0,trade_group_exact,high,False,legacy_subindustry_rule,medium,official_code_fallback,1137.0,cap_1001_plus,0.4245187436676798,4085460800.0,4.0854608,54838400.0,2026-06-10,TWSE basic issued common shares * TWSE latest close
4543.TWO,4543,TPEX,萬在,5,電機機械,machinery,industrial,traditional,machinery,member,False,industrial,machinery,machinery__small,small,1137,0.4971226206285967,11668429.852478027,22032794.795399427,120.0,2026-06-18,37.95000076293945,309212.0,trade_group_exact,high,False,legacy_subindustry_rule,medium,official_code_fallback,1464.0,cap_1001_plus,0.2588652482269503,2259392940.0,2.25939294,59772300.0,2026-06-10,TPEX daily market value shares * close; API MarketValue retained for audit
3379.TWO,3379,TPEX,彬台,5,電機機械,machinery,industrial,traditional,machinery,member,False,industrial,machinery,machinery__small,small,1140,0.4957945993802567,11547105.3,18479531.15164548,120.0,2026-06-18,35.54999923706055,188100.0,trade_group_exact,high,False,legacy_subindustry_rule,medium,official_code_fallback,1675.0,cap_1001_plus,0.1519756838905774,1384719627.2,1.3847196272,38041748.0,2026-06-10,TPEX daily market value shares * close; API MarketValue retained for audit
1589.TW,1589,TWSE,永冠-KY,5,電機機械,machinery,industrial,traditional,machinery,member,False,industrial,machinery,machinery__small,small,1150,0.4913678618857902,11052131.622114182,14663204.296495205,120.0,2026-06-18,5.539999961853027,0.0,trade_group_exact,high,False,legacy_subindustry_rule,medium,official_code_fallback,,,,,,,,
4562.TW,4562,TWSE,穎漢,5,電機機械,machinery,industrial,traditional,machinery,member,False,industrial,machinery,machinery__small,small,1155,0.4891544931385568,11011447.75554657,31736266.2759655,120.0,2026-06-18,35.25,392020.0,trade_group_exact,high,False,legacy_subindustry_rule,medium,official_code_fallback,1273.0,cap_1001_plus,0.3556231003039514,3177919799.9999995,3.1779198,87546000.0,2026-06-10,TWSE basic issued common shares * TWSE latest close
1591.TWO,1591,TPEX,駿吉-KY,5,電機機械,machinery,industrial,traditional,machinery,member,False,industrial,machinery,machinery__small,small,1166,0.4842850818946437,10663116.8928051,25308473.3055302,120.0,2026-06-18,31.149999618530277,0.0,trade_group_exact,high,False,legacy_subindustry_rule,medium,official_code_fallback,1752.0,cap_1001_plus,0.1129685916919959,1185196664.05,1.18519666405,38048047.0,2026-06-10,TPEX daily market value shares * close; API MarketValue retained for audit
1586.TWO,1586,TPEX,和勤,5,電機機械,machinery,industrial,traditional,machinery,member,False,industrial,machinery,machinery__small,small,1232,0.4550686144311642,8676109.830314636,15033179.926747572,120.0,2026-06-18,21.299999237060547,703877.0,trade_group_exact,high,False,legacy_subindustry_rule,medium,official_code_fallback,1455.0,cap_1001_plus,0.2634245187436677,2302606013.85,2.30260601385,106849467.0,2026-06-10,TPEX daily market value shares * close; API MarketValue retained for audit
4506.TWO,4506,TPEX,崇友,5,電機機械,machinery,industrial,traditional,machinery,member,False,industrial,machinery,machinery__small,small,1242,0.4506418769366976,8312049.0,8570696.45,120.0,2026-06-18,118.5,105594.0,trade_group_exact,high,False,legacy_subindustry_rule,medium,official_code_fallback,420.0,cap_251_500,0.7877406281661601,20798910000.0,20.79891,177012000.0,2026-06-10,TPEX daily market value shares * close; API MarketValue retained for audit
6609.TWO,6609,TPEX,瀧澤科,5,電機機械,machinery,industrial,traditional,machinery,member,False,industrial,machinery,machinery__small,small,1252,0.4462151394422311,8112611.168609619,21979230.479934875,120.0,2026-06-18,41.34999847412109,381228.0,trade_group_exact,high,False,legacy_subindustry_rule,medium,official_code_fallback,1283.0,cap_1001_plus,0.3505572441742655,3115618578.0,3.115618578,72456246.0,2026-06-10,TPEX daily market value shares * close; API MarketValue retained for audit
4563.TWO,4563,TPEX,百德,5,電機機械,machinery,industrial,traditional,machinery,member,False,industrial,machinery,machinery__small,small,1262,0.4417884019477645,7853376.504631042,19347952.11314089,120.0,2026-06-18,42.79999923706055,84000.0,trade_group_exact,high,False,legacy_subindustry_rule,medium,official_code_fallback,1422.0,cap_1001_plus,0.2801418439716312,2434285000.0,2.434285,54950000.0,2026-06-10,TPEX daily market value shares * close; API MarketValue retained for audit
4523.TWO,4523,TPEX,永彰,5,電機機械,machinery,industrial,traditional,machinery,member,False,industrial,machinery,machinery__small,small,1277,0.4351482957060646,7643760.436729431,13661565.775295217,120.0,2026-06-18,30.5,257811.0,trade_group_exact,high,False,legacy_subindustry_rule,medium,official_code_fallback,1563.0,cap_1001_plus,0.2087132725430598,1860788850.0,1.86078885,64949000.0,2026-06-10,TPEX daily market value shares * close; API MarketValue retained for audit
7709.TWO,7709,TPEX,榮田,5,電機機械,machinery,industrial,traditional,machinery,member,False,industrial,machinery,machinery__small,small,1311,0.4200973882248783,7023205.106884003,32429295.31144124,120.0,2026-06-18,104.5,834400.0,trade_group_exact,high,False,legacy_subindustry_rule,medium,official_code_fallback,1076.0,cap_1001_plus,0.4554204660587639,4535917840.0,4.53591784,39102740.0,2026-06-10,TPEX daily market value shares * close; API MarketValue retained for audit
4503.TWO,4503,TPEX,金雨,5,電機機械,machinery,industrial,traditional,machinery,member,False,industrial,machinery,machinery__small,small,1313,0.4192120407259849,7009007.262283325,8611718.328398997,120.0,2026-06-18,38.400001525878906,80000.0,trade_group_exact,high,False,legacy_subindustry_rule,medium,official_code_fallback,1316.0,cap_1001_plus,0.3338399189463019,2897593062.0,2.897593062,78313326.0,2026-06-10,TPEX daily market value shares * close; API MarketValue retained for audit
2070.TWO,2070,TPEX,精湛,5,電機機械,machinery,industrial,traditional,machinery,member,False,industrial,machinery,machinery__small,small,1328,0.4125719344842851,6776085.0,42215003.54784104,120.0,2026-06-18,68.19999694824219,386250.0,trade_group_exact,high,False,legacy_subindustry_rule,medium,official_code_fallback,1380.0,cap_1001_plus,0.3014184397163121,2619781560.0,2.61978156,41782800.0,2026-06-10,TPEX daily market value shares * close; API MarketValue retained for audit
1537.TW,1537,TWSE,廣隆,5,電機機械,machinery,industrial,traditional,machinery,member,False,industrial,machinery,machinery__small,small,1341,0.4068171757414786,6606622.0,7310753.020833333,120.0,2026-06-18,127.5,59000.0,trade_group_exact,high,False,legacy_subindustry_rule,medium,official_code_fallback,677.0,cap_501_1000,0.6575481256332321,10380943441.0,10.380943441,82062794.0,2026-06-10,TWSE basic issued common shares * TWSE latest close
1515.TW,1515,TWSE,力山,5,電機機械,machinery,industrial,traditional,machinery,member,False,industrial,machinery,machinery__small,small,1356,0.4001770694997787,6311470.412965776,7871098.721807909,120.0,2026-06-18,25.899999618530277,3308500.0,trade_group_exact,high,False,legacy_subindustry_rule,medium,official_code_fallback,1116.0,cap_1001_plus,0.4351570415400202,4237406225.000001,4.237406225000001,181473500.0,2026-06-10,TWSE basic issued common shares * TWSE latest close
1527.TW,1527,TWSE,鑽全,5,電機機械,machinery,industrial,traditional,machinery,member,False,industrial,machinery,machinery__small,small,1382,0.3886675520141656,5826013.66866684,11126064.762378406,120.0,2026-06-18,33.29999923706055,209000.0,trade_group_exact,high,False,legacy_subindustry_rule,medium,official_code_fallback,1069.0,cap_1001_plus,0.458966565349544,4607473780.0,4.60747378,138570640.0,2026-06-10,TWSE basic issued common shares * TWSE latest close
4572.TW,4572,TWSE,駐龍,5,電機機械,machinery,industrial,traditional,machinery,member,False,industrial,machinery,machinery__small,small,1384,0.3877822045152722,5809674.0,7408324.470833333,120.0,2026-06-18,144.5,34140.0,trade_group_exact,high,False,legacy_subindustry_rule,medium,official_code_fallback,963.0,cap_501_1000,0.5126646403242148,5700000000.0,5.7,40000000.0,2026-06-10,TWSE basic issued common shares * TWSE latest close
1540.TW,1540,TWSE,喬福,5,電機機械,machinery,industrial,traditional,machinery,member,False,industrial,machinery,machinery__small,small,1403,0.3793714032757858,5527796.978024484,12740724.374209436,120.0,2026-06-18,21.899999618530277,253000.0,trade_group_exact,high,False,legacy_subindustry_rule,medium,official_code_fallback,1567.0,cap_1001_plus,0.2066869300911854,1841956338.6,1.8419563386,85473612.0,2026-06-10,TWSE basic issued common shares * TWSE latest close
4560.TW,4560,TWSE,強信-KY,5,電機機械,machinery,industrial,traditional,machinery,member,False,industrial,machinery,machinery__small,small,1414,0.3745019920318725,5367609.967384338,7597212.163637956,120.0,2026-06-18,33.099998474121094,315100.0,trade_group_exact,high,False,legacy_subindustry_rule,medium,official_code_fallback,1478.0,cap_1001_plus,0.25177304964539,2209755438.0,2.209755438,68097240.0,2026-06-10,TWSE basic issued common shares * TWSE latest close
4561.TWO,4561,TPEX,健椿,5,電機機械,machinery,industrial,traditional,machinery,member,False,industrial,machinery,machinery__small,small,1417,0.3731739707835325,5267746.338459015,24030139.950859103,120.0,2026-06-18,42.5,219021.0,trade_group_exact,high,False,legacy_subindustry_rule,medium,official_code_fallback,1416.0,cap_1001_plus,0.2831813576494427,2449129755.15,2.44912975515,58521619.0,2026-06-10,TPEX daily market value shares * close; API MarketValue retained for audit
4555.TW,4555,TWSE,氣立,5,電機機械,machinery,industrial,traditional,machinery,member,False,industrial,machinery,machinery__small,small,1431,0.3669765382912793,5147861.746994019,7894394.048453713,120.0,2026-06-18,47.84999847412109,319014.0,trade_group_exact,high,False,legacy_subindustry_rule,medium,official_code_fallback,1256.0,cap_1001_plus,0.3642350557244174,3250926481.8500004,3.2509264818500005,69987653.0,2026-06-10,TWSE basic issued common shares * TWSE latest close
4513.TWO,4513,TPEX,福裕,5,電機機械,machinery,industrial,traditional,machinery,member,False,industrial,machinery,machinery__small,small,1444,0.3612217795484728,4947112.9,8567121.435382193,120.0,2026-06-18,17.450000762939453,876101.0,trade_group_exact,high,False,legacy_subindustry_rule,medium,official_code_fallback,1479.0,cap_1001_plus,0.2512664640324215,2203535504.4,2.2035355044,134361921.0,2026-06-10,TPEX daily market value shares * close; API MarketValue retained for audit
1580.TWO,1580,TPEX,新麥,5,電機機械,machinery,industrial,traditional,machinery,member,False,industrial,machinery,machinery__small,small,1446,0.3603364320495794,4940403.5,6758225.5375,120.0,2026-06-18,124.0,82000.0,trade_group_exact,high,False,legacy_subindustry_rule,medium,official_code_fallback,934.0,cap_501_1000,0.5273556231003039,6118066008.0,6.118066008,49339242.0,2026-06-10,TPEX daily market value shares * close; API MarketValue retained for audit
1558.TW,1558,TWSE,伸興,5,電機機械,machinery,industrial,traditional,machinery,member,False,industrial,machinery,machinery__small,small,1515,0.3297919433377601,4113477.333583832,7089563.518102518,120.0,2026-06-18,91.5,57062.0,trade_group_exact,high,False,legacy_subindustry_rule,medium,official_code_fallback,952.0,cap_501_1000,0.5182370820668694,5846928168.599999,5.8469281686,64535631.0,2026-06-10,TWSE basic issued common shares * TWSE latest close
4580.TWO,4580,TPEX,捷流閥業,5,電機機械,machinery,industrial,traditional,machinery,member,False,industrial,machinery,machinery__small,small,1547,0.315626383355467,3760500.0,4349051.022690087,120.0,2026-06-18,82.5,61000.0,trade_group_exact,high,False,legacy_subindustry_rule,medium,official_code_fallback,1171.0,cap_1001_plus,0.4072948328267477,3772330585.4,3.7723305854,46803109.0,2026-06-10,TPEX daily market value shares * close; API MarketValue retained for audit
9951.TWO,9951,TPEX,皇田,5,電機機械,machinery,industrial,traditional,machinery,member,False,industrial,machinery,machinery__small,small,1554,0.3125276671093404,3727594.25,4670786.344391327,120.0,2026-06-18,53.400001525878906,63001.0,trade_group_exact,high,False,legacy_subindustry_rule,medium,official_code_fallback,1156.0,cap_1001_plus,0.4148936170212766,3877570000.0,3.87757,73300000.0,2026-06-10,TPEX daily market value shares * close; API MarketValue retained for audit
1570.TWO,1570,TPEX,力肯,5,電機機械,machinery,industrial,traditional,machinery,member,False,industrial,machinery,machinery__small,small,1555,0.3120849933598937,3706351.350416184,8573985.204476817,120.0,2026-06-18,41.900001525878906,303000.0,trade_group_exact,high,False,legacy_subindustry_rule,medium,official_code_fallback,1501.0,cap_1001_plus,0.2401215805471124,2134709776.55,2.1347097765500003,51500839.0,2026-06-10,TPEX daily market value shares * close; API MarketValue retained for audit
6982.TWO,6982,TPEX,大井泵浦,5,電機機械,machinery,industrial,traditional,machinery,member,False,industrial,machinery,machinery__small,small,1600,0.2921646746347941,3285407.480545044,4093026.611890418,120.0,2026-06-18,58.5,44000.0,trade_group_exact,high,False,legacy_subindustry_rule,medium,official_code_fallback,1444.0,cap_1001_plus,0.2689969604863221,2359375495.5,2.3593754955,40749145.0,2026-06-10,TPEX daily market value shares * close; API MarketValue retained for audit
1535.TW,1535,TWSE,中宇,5,電機機械,machinery,industrial,traditional,machinery,member,False,industrial,machinery,machinery__small,small,1660,0.2656042496679947,2692799.961090088,3999501.016320864,120.0,2026-06-18,50.400001525878906,100150.0,trade_group_exact,high,False,legacy_subindustry_rule,medium,official_code_fallback,936.0,cap_501_1000,0.5263424518743668,6112882068.8,6.1128820688,123742552.0,2026-06-10,TWSE basic issued common shares * TWSE latest close
1517.TW,1517,TWSE,利奇,5,電機機械,machinery,industrial,traditional,machinery,member,False,industrial,machinery,machinery__small,small,1686,0.2540947321823815,2484188.7335376744,4052079.751962232,120.0,2026-06-18,10.5,314098.0,trade_group_exact,high,False,legacy_subindustry_rule,medium,official_code_fallback,1471.0,cap_1001_plus,0.2553191489361702,2233000071.05,2.23300007105,220000007.0,2026-06-10,TWSE basic issued common shares * TWSE latest close
7642.TWO,7642,TPEX,昶瑞機電,5,電機機械,machinery,industrial,traditional,machinery,member,False,industrial,machinery,machinery__small,small,1716,0.2408145196989818,2344643.4900283813,4432530.016569112,120.0,2026-06-18,71.80000305175781,22150.0,trade_group_exact,high,False,legacy_subindustry_rule,medium,official_code_fallback,1484.0,cap_1001_plus,0.2487335359675785,2185875000.0,2.185875,30150000.0,2026-06-10,TPEX daily market value shares * close; API MarketValue retained for audit
4552.TW,4552,TWSE,力達-KY,5,電機機械,machinery,industrial,traditional,machinery,member,False,industrial,machinery,machinery__small,small,1745,0.2279769809650287,2064960.8620815284,2471909.2284466582,120.0,2026-06-18,21.549999237060547,130100.0,trade_group_exact,high,False,legacy_subindustry_rule,medium,official_code_fallback,1430.0,cap_1001_plus,0.2760891590678824,2418600000.0,2.4186,116000000.0,2026-06-10,TWSE basic issued common shares * TWSE latest close
2066.TWO,2066,TPEX,世德,5,電機機械,machinery,industrial,traditional,machinery,member,False,industrial,machinery,machinery__small,small,1769,0.2173528109783089,1942570.335565567,2749255.279873823,120.0,2026-06-18,64.69999694824219,176078.0,trade_group_exact,high,False,legacy_subindustry_rule,medium,official_code_fallback,1361.0,cap_1001_plus,0.3110435663627153,2689196383.5,2.6891963835,44449527.0,2026-06-10,TPEX daily market value shares * close; API MarketValue retained for audit
1526.TW,1526,TWSE,日馳,5,電機機械,machinery,industrial,traditional,machinery,member,False,industrial,machinery,machinery__small,small,1775,0.214696768481629,1877125.7684898376,4374506.748274104,120.0,2026-06-18,14.550000190734863,107001.0,trade_group_exact,high,False,legacy_subindustry_rule,medium,official_code_fallback,1858.0,cap_1001_plus,0.0592705167173251,870000000.0,0.87,60000000.0,2026-06-10,TWSE basic issued common shares * TWSE latest close
1506.TW,1506,TWSE,正道,5,電機機械,machinery,industrial,traditional,machinery,member,False,industrial,machinery,machinery__small,small,1802,0.2027445772465692,1686607.0788030624,2415736.057928697,120.0,2026-06-18,10.300000190734863,250030.0,trade_group_exact,high,False,legacy_subindustry_rule,medium,official_code_fallback,1297.0,cap_1001_plus,0.3434650455927052,3003885010.0,3.00388501,300388501.0,2026-06-10,TWSE basic issued common shares * TWSE latest close
6606.TW,6606,TWSE,建德工業,5,電機機械,machinery,industrial,traditional,machinery,member,False,industrial,machinery,machinery__small,small,1832,0.1894643647631695,1521525.127111435,2013742.7884842395,120.0,2026-06-18,25.0,129000.0,trade_group_exact,high,False,legacy_subindustry_rule,medium,official_code_fallback,1324.0,cap_1001_plus,0.3297872340425531,2867898358.0,2.867898358,110303783.0,2026-06-10,TWSE basic issued common shares * TWSE latest close
8107.TWO,8107,TPEX,大億金茂,5,電機機械,machinery,industrial,traditional,machinery,member,False,industrial,machinery,machinery__small,small,1908,0.1558211598052236,1128088.6678423882,2001279.8040698369,120.0,2026-06-18,12.100000381469728,76020.0,trade_group_exact,high,False,legacy_subindustry_rule,medium,official_code_fallback,1838.0,cap_1001_plus,0.069402228976697,930000000.0,0.93,75000000.0,2026-06-10,TPEX daily market value shares * close; API MarketValue retained for audit
4527.TWO,4527,TPEX,方方土霖,5,電機機械,machinery,industrial,traditional,machinery,member,False,industrial,machinery,machinery__small,small,1912,0.1540504648074369,1121231.168334961,1252659.74886947,120.0,2026-06-18,40.84999847412109,25010.0,trade_group_exact,high,False,legacy_subindustry_rule,medium,official_code_fallback,1282.0,cap_1001_plus,0.351063829787234,3122247170.0,3.12224717,76152370.0,2026-06-10,TPEX daily market value shares * close; API MarketValue retained for audit
1539.TW,1539,TWSE,巨庭,5,電機機械,machinery,industrial,traditional,machinery,member,False,industrial,machinery,machinery__small,small,1928,0.1469676848162904,1062618.263021469,2644830.4960065605,120.0,2026-06-18,15.699999809265137,89067.0,trade_group_exact,high,False,legacy_subindustry_rule,medium,official_code_fallback,1813.0,cap_1001_plus,0.0820668693009119,1023040500.0,1.0230405,65370000.0,2026-06-10,TWSE basic issued common shares * TWSE latest close
1531.TW,1531,TWSE,高林股,5,電機機械,machinery,industrial,traditional,machinery,member,False,industrial,machinery,machinery__small,small,1939,0.1420982735723771,1013966.1441202164,1482988.3677884182,120.0,2026-06-18,12.899999618530272,81000.0,trade_group_exact,high,False,legacy_subindustry_rule,medium,official_code_fallback,1449.0,cap_1001_plus,0.2664640324214792,2340088828.0,2.340088828,182108080.0,2026-06-10,TWSE basic issued common shares * TWSE latest close
4558.TWO,4558,TPEX,寶緯,5,電機機械,machinery,industrial,traditional,machinery,member,False,industrial,machinery,machinery__small,small,1946,0.1389995573262505,988019.0,1659093.393904686,120.0,2026-06-18,18.649999618530277,50000.0,trade_group_exact,high,False,legacy_subindustry_rule,medium,official_code_fallback,1841.0,cap_1001_plus,0.0678824721377913,925000000.0,0.925,50000000.0,2026-06-10,TPEX daily market value shares * close; API MarketValue retained for audit
1583.TW,1583,TWSE,程泰,5,電機機械,machinery,industrial,traditional,machinery,member,False,industrial,machinery,machinery__small,small,1965,0.130588756086764,883499.9847412109,1144085.4891313235,120.0,2026-06-18,50.29999923706055,29000.0,trade_group_exact,high,False,legacy_subindustry_rule,medium,official_code_fallback,990.0,cap_501_1000,0.4989868287740628,5393438339.599999,5.393438339599999,109400372.0,2026-06-10,TWSE basic issued common shares * TWSE latest close
1541.TW,1541,TWSE,錩泰,5,電機機械,machinery,industrial,traditional,machinery,member,False,industrial,machinery,machinery__small,small,1972,0.1274900398406374,861500.0133514404,1904858.071455272,120.0,2026-06-18,22.0,19000.0,trade_group_exact,high,False,legacy_subindustry_rule,medium,official_code_fallback,1623.0,cap_1001_plus,0.1783181357649442,1631160000.0,1.63116,78800000.0,2026-06-10,TWSE basic issued common shares * TWSE latest close
6843.TWO,6843,TPEX,進典,5,電機機械,machinery,industrial,traditional,machinery,member,False,industrial,machinery,machinery__small,small,1974,0.1266046923417441,856368.625,1162197.369671758,120.0,2026-06-18,40.5,89000.0,trade_group_exact,high,False,legacy_subindustry_rule,medium,official_code_fallback,1694.0,cap_1001_plus,0.1423505572441742,1340486000.0,1.340486,33304000.0,2026-06-10,TPEX daily market value shares * close; API MarketValue retained for audit
3426.TWO,3426,TPEX,台興,5,電機機械,machinery,industrial,traditional,machinery,member,False,industrial,machinery,machinery__small,small,1998,0.1159805223550243,769025.0072479248,1810583.970591405,120.0,2026-06-18,47.79999923706055,0.0,trade_group_exact,high,False,legacy_subindustry_rule,medium,official_code_fallback,,,,,,,,
2067.TWO,2067,TPEX,嘉鋼,5,電機機械,machinery,industrial,traditional,machinery,member,False,industrial,machinery,machinery__small,small,2004,0.1133244798583443,756838.4088134766,1088770.8861434883,120.0,2026-06-18,6.599999904632568,69000.0,trade_group_exact,high,False,legacy_subindustry_rule,medium,official_code_fallback,1970.0,cap_1001_plus,0.0025329280648429,283467751.56,0.28346775156,45138177.0,2026-06-10,TPEX daily market value shares * close; API MarketValue retained for audit
1599.TWO,1599,TPEX,宏佳騰,5,電機機械,machinery,industrial,traditional,machinery,member,False,industrial,machinery,machinery__small,small,2043,0.0960602036299247,654457.2501516342,1104630.9572014809,120.0,2026-06-18,23.399999618530277,113275.0,trade_group_exact,high,False,legacy_subindustry_rule,medium,official_code_fallback,1600.0,cap_1001_plus,0.1899696048632219,1697918763.0,1.697918763,73028764.0,2026-06-10,TPEX daily market value shares * close; API MarketValue retained for audit
1530.TW,1530,TWSE,亞崴,5,電機機械,machinery,industrial,traditional,machinery,member,False,industrial,machinery,machinery__small,small,2050,0.0929614873837981,627371.4133834839,868682.2823148569,120.0,2026-06-18,30.549999237060547,127000.0,trade_group_exact,high,False,legacy_subindustry_rule,medium,official_code_fallback,1301.0,cap_1001_plus,0.3414387031408308,2989175803.6,2.9891758036,94594171.0,2026-06-10,TWSE basic issued common shares * TWSE latest close
4502.TWO,4502,TPEX,健信,5,電機機械,machinery,industrial,traditional,machinery,member,False,industrial,machinery,machinery__small,small,2087,0.0765825586542717,529249.9904632568,778977.4103790999,120.0,2026-06-18,15.800000190734863,34000.0,trade_group_exact,high,False,legacy_subindustry_rule,medium,official_code_fallback,1844.0,cap_1001_plus,0.0663627152988854,908021038.8,0.9080210388,57469686.0,2026-06-10,TPEX daily market value shares * close; API MarketValue retained for audit
4538.TWO,4538,TPEX,大詠城,5,電機機械,machinery,industrial,traditional,machinery,member,False,industrial,machinery,machinery__small,small,2115,0.0641876936697654,444208.8200408935,537871.4320920181,120.0,2026-06-18,18.850000381469727,114041.0,trade_group_exact,high,False,legacy_subindustry_rule,medium,official_code_fallback,1786.0,cap_1001_plus,0.0957446808510638,1094240713.6,1.0942407136,59469604.0,2026-06-10,TPEX daily market value shares * close; API MarketValue retained for audit
4550.TWO,4550,TPEX,長佳,5,電機機械,machinery,industrial,traditional,machinery,member,False,industrial,machinery,machinery__small,small,2117,0.063302346170872,441383.0137729645,749128.6519922925,120.0,2026-06-18,24.799999237060547,80123.0,trade_group_exact,high,False,legacy_subindustry_rule,medium,official_code_fallback,1832.0,cap_1001_plus,0.0724417426545086,957321209.9,0.9573212099,37838783.0,2026-06-10,TPEX daily market value shares * close; API MarketValue retained for audit
4528.TWO,4528,TPEX,江興鍛,5,電機機械,machinery,industrial,traditional,machinery,member,False,industrial,machinery,machinery__small,small,2128,0.0584329349269587,407294.5709810258,763514.7254283301,120.0,2026-06-18,15.850000381469728,38265.0,trade_group_exact,high,False,legacy_subindustry_rule,medium,official_code_fallback,1692.0,cap_1001_plus,0.1433637284701114,1342442835.25,1.34244283525,84165695.0,2026-06-10,TPEX daily market value shares * close; API MarketValue retained for audit
4535.TWO,4535,TPEX,至興,5,電機機械,machinery,industrial,traditional,machinery,member,False,industrial,machinery,machinery__small,small,2139,0.0535635236830456,341414.2977113724,403487.04936557455,120.0,2026-06-18,27.5,18600.0,trade_group_exact,high,False,legacy_subindustry_rule,medium,official_code_fallback,1517.0,cap_1001_plus,0.2320162107396149,2050433154.0,2.050433154,75661740.0,2026-06-10,TPEX daily market value shares * close; API MarketValue retained for audit
4568.TWO,4568,TPEX,科際精密,5,電機機械,machinery,industrial,traditional,machinery,member,False,industrial,machinery,machinery__small,small,2146,0.0504648074369189,309554.0,467794.4054891141,120.0,2026-06-18,40.5,37002.0,trade_group_exact,high,False,legacy_subindustry_rule,medium,official_code_fallback,1714.0,cap_1001_plus,0.1322188449848024,1278724037.5,1.2787240375,31730125.0,2026-06-10,TPEX daily market value shares * close; API MarketValue retained for audit
3226.TWO,3226,TPEX,龍鋒,5,電機機械,machinery,industrial,traditional,machinery,member,False,industrial,machinery,machinery__small,small,2155,0.046480743691899,286099.9984741211,955456.1771061706,120.0,2026-06-18,48.95000076293945,9000.0,trade_group_exact,high,False,legacy_subindustry_rule,medium,official_code_fallback,1281.0,cap_1001_plus,0.3515704154002026,3124882790.5,3.1248827905,64430573.0,2026-06-10,TPEX daily market value shares * close; API MarketValue retained for audit
4584.TWO,4584,TPEX,君帆,5,電機機械,machinery,industrial,traditional,machinery,member,False,industrial,machinery,machinery__small,small,2188,0.0318725099601593,194364.5514965057,373370.1861739095,120.0,2026-06-18,40.20000076293945,4002.0,trade_group_exact,high,False,legacy_subindustry_rule,medium,official_code_fallback,1729.0,cap_1001_plus,0.1246200607902735,1243599480.0,1.24359948,30002400.0,2026-06-10,TPEX daily market value shares * close; API MarketValue retained for audit
1538.TW,1538,TWSE,正峰,5,電機機械,machinery,industrial,traditional,machinery,member,False,industrial,machinery,machinery__small,small,2190,0.030987162461266,187842.5284833908,290516.8296688397,120.0,2026-06-18,11.800000190734863,0.0,trade_group_exact,high,False,legacy_subindustry_rule,medium,official_code_fallback,,,,,,,,
2235.TWO,2235,TPEX,謚源,5,電機機械,machinery,industrial,traditional,machinery,member,False,industrial,machinery,machinery__small,small,2224,0.0159362549800796,101550.00114440918,175103.0374219767,120.0,2026-06-18,30.0,0.0,trade_group_exact,high,False,legacy_subindustry_rule,medium,official_code_fallback,1790.0,cap_1001_plus,0.0937183383991894,1076340000.0,1.07634,35878000.0,2026-06-10,TPEX daily market value shares * close; API MarketValue retained for audit
1101.TW,1101,TWSE,台泥,1,水泥工業,cement,materials,traditional,cement,member,False,materials,cement,cement__mid_large,mid_large,177,0.9220894200973884,647263185.4034252,744262083.7953408,120.0,2026-06-18,24.5,32266383.0,trade_group_exact,high,False,legacy_subindustry_rule,medium,official_code_fallback,94.0,cap_051_100,0.952887537993921,179804043633.8,179.80404363379998,7523181742.0,2026-06-10,TWSE basic issued common shares * TWSE latest close
1102.TW,1102,TWSE,亞泥,1,水泥工業,cement,materials,traditional,cement,member,False,materials,cement,cement__mid,mid,296,0.869411243913236,302198973.4477234,336254220.22146004,120.0,2026-06-18,35.79999923706055,19549919.0,trade_group_exact,high,False,legacy_subindustry_rule,medium,official_code_fallback,118.0,cap_101_250,0.9407294832826748,122001763106.4,122.0017631064,3546562881.0,2026-06-10,TWSE basic issued common shares * TWSE latest close
1104.TW,1104,TWSE,環泥,1,水泥工業,cement,materials,traditional,cement,member,False,materials,cement,cement__small,small,1013,0.5520141655599823,16930645.039627075,19173600.700023662,120.0,2026-06-18,29.100000381469727,1594492.0,trade_group_exact,high,False,legacy_subindustry_rule,medium,official_code_fallback,432.0,cap_251_500,0.781661600810537,19913772664.0,19.913772664,686681816.0,2026-06-10,TWSE basic issued common shares * TWSE latest close
1103.TW,1103,TWSE,嘉泥,1,水泥工業,cement,materials,traditional,cement,member,False,materials,cement,cement__small,small,1526,0.3249225320938468,3986618.8679151535,4477783.860364977,120.0,2026-06-18,13.800000190734863,226645.0,trade_group_exact,high,False,legacy_subindustry_rule,medium,official_code_fallback,668.0,cap_501_1000,0.6621073961499493,10628828323.55,10.62882832355,790247459.0,2026-06-10,TWSE basic issued common shares * TWSE latest close
1110.TW,1110,TWSE,東泥,1,水泥工業,cement,materials,traditional,cement,member,False,materials,cement,cement__small,small,1670,0.2611775121735281,2615250.7249383926,3378130.026431799,120.0,2026-06-18,15.550000190734863,264000.0,trade_group_exact,high,False,legacy_subindustry_rule,medium,official_code_fallback,758.0,cap_501_1000,0.6165146909827761,8808812273.800001,8.808812273800001,572000797.0,2026-06-10,TWSE basic issued common shares * TWSE latest close
1108.TW,1108,TWSE,幸福,1,水泥工業,cement,materials,traditional,cement,member,False,materials,cement,cement__small,small,1717,0.2403718459495352,2334512.194507122,3220589.6975105125,120.0,2026-06-18,13.899999618530272,148505.0,trade_group_exact,high,False,legacy_subindustry_rule,medium,official_code_fallback,977.0,cap_501_1000,0.5055724417426546,5504437466.4,5.5044374664,404738049.0,2026-06-10,TWSE basic issued common shares * TWSE latest close
1109.TW,1109,TWSE,信大,1,水泥工業,cement,materials,traditional,cement,member,False,materials,cement,cement__small,small,1830,0.1903497122620628,1543006.7566576004,1785153.9154684306,120.0,2026-06-18,14.649999618530272,252420.0,trade_group_exact,high,False,legacy_subindustry_rule,medium,official_code_fallback,1023.0,cap_1001_plus,0.4822695035460993,4980919472.8,4.9809194728,341158868.0,2026-06-10,TWSE basic issued common shares * TWSE latest close
1717.TW,1717,TWSE,長興,21,化學工業,chemical_material,materials,traditional,chemical,member,False,materials,chemical,chemical__mid_large,mid_large,103,0.9548472775564408,1318542449.956892,2515354705.334233,120.0,2026-06-18,72.4000015258789,10774063.0,trade_group_exact,high,False,legacy_subindustry_rule,medium,official_code_fallback,167.0,cap_101_250,0.9159067882472138,79478243747.4,79.4782437474,1172245483.0,2026-06-10,TWSE basic issued common shares * TWSE latest close
4772.TWO,4772,TPEX,台特化,21,化學工業,chemical_material,materials,traditional,chemical,member,False,materials,chemical,chemical__mid,mid,218,0.9039397963700752,478828032.25,697500323.1833333,120.0,2026-06-18,281.0,964694.0,trade_group_exact,high,False,legacy_subindustry_rule,medium,official_code_fallback,272.0,cap_251_500,0.8627152988855117,40095541368.0,40.095541368,147681552.0,2026-06-10,TPEX daily market value shares * close; API MarketValue retained for audit
4768.TWO,4768,TPEX,晶呈科技,21,化學工業,chemical_material,materials,traditional,chemical,member,False,materials,chemical,chemical__mid,mid,231,0.8981850376272686,432052022.5,625867007.425,120.0,2026-06-18,382.0,583444.0,trade_group_exact,high,False,legacy_subindustry_rule,medium,official_code_fallback,462.0,cap_251_500,0.7664640324214792,18045428220.0,18.04542822,47487969.0,2026-06-10,TPEX daily market value shares * close; API MarketValue retained for audit
4722.TW,4722,TWSE,國精化,21,化學工業,chemical_material,materials,traditional,chemical,member,False,materials,chemical,chemical__mid,mid,248,0.8906595838866755,400848990.0,527175998.8041667,120.0,2026-06-18,277.5,5232453.0,trade_group_exact,high,False,legacy_subindustry_rule,medium,official_code_fallback,396.0,cap_251_500,0.7998986828774063,22533591559.5,22.5335915595,102193159.0,2026-06-10,TWSE basic issued common shares * TWSE latest close
1727.TW,1727,TWSE,中華化,21,化學工業,chemical_material,materials,traditional,chemical,member,False,materials,chemical,chemical__mid,mid,325,0.8565737051792829,252595119.46475217,463859456.8538876,120.0,2026-06-18,94.0999984741211,10925470.0,trade_group_exact,high,False,legacy_subindustry_rule,medium,official_code_fallback,657.0,cap_501_1000,0.6676798378926039,11150503588.9,11.1505035889,128019559.0,2026-06-10,TWSE basic issued common shares * TWSE latest close
4764.TW,4764,TWSE,雙鍵,21,化學工業,chemical_material,materials,traditional,chemical,member,False,materials,chemical,chemical__mid,mid,328,0.8552456839309429,250378430.25,392173705.6951208,120.0,2026-06-18,338.5,4593797.0,trade_group_exact,high,False,legacy_subindustry_rule,medium,official_code_fallback,403.0,cap_251_500,0.7963525835866261,22069851996.0,22.069851996,85542062.0,2026-06-10,TWSE basic issued common shares * TWSE latest close
1711.TW,1711,TWSE,永光,21,化學工業,chemical_material,materials,traditional,chemical,member,False,materials,chemical,chemical__mid,mid,339,0.8503762726870296,227937940.5,725257263.8920337,120.0,2026-06-18,45.29999923706055,8183569.0,trade_group_exact,high,False,legacy_subindustry_rule,medium,official_code_fallback,387.0,cap_251_500,0.8044579533941236,23169919159.8,23.1699191598,547752226.0,2026-06-10,TWSE basic issued common shares * TWSE latest close
4766.TW,4766,TWSE,南寶,21,化學工業,chemical_material,materials,traditional,chemical,member,False,materials,chemical,chemical__mid,mid,488,0.7844178840194777,116322896.0,174970797.43333334,120.0,2026-06-18,372.0,491028.0,trade_group_exact,high,False,legacy_subindustry_rule,medium,official_code_fallback,255.0,cap_251_500,0.8713272543059777,44128905480.0,44.12890548,120570780.0,2026-06-10,TWSE basic issued common shares * TWSE latest close
1773.TW,1773,TWSE,勝一,21,化學工業,chemical_material,materials,traditional,chemical,member,False,materials,chemical,chemical__mid,mid,497,0.7804338202744577,112558458.75,181481931.025,120.0,2026-06-18,180.0,1178503.0,trade_group_exact,high,False,legacy_subindustry_rule,medium,official_code_fallback,228.0,cap_101_250,0.8850050658561297,50550000000.0,50.55,300000000.0,2026-06-10,TWSE basic issued common shares * TWSE latest close
1722.TW,1722,TWSE,台肥,21,化學工業,chemical_material,materials,traditional,chemical,member,False,materials,chemical,chemical__mid,mid,523,0.7689243027888446,101601714.25354004,162636978.62611094,120.0,2026-06-18,48.150001525878906,3616806.0,trade_group_exact,high,False,legacy_subindustry_rule,medium,official_code_fallback,246.0,cap_101_250,0.875886524822695,46354000000.0,46.354,980000000.0,2026-06-10,TWSE basic issued common shares * TWSE latest close
1708.TW,1708,TWSE,東鹼,21,化學工業,chemical_material,materials,traditional,chemical,member,False,materials,chemical,chemical__small_mid,small_mid,627,0.7228862328463922,63718087.88804054,165298518.04015008,120.0,2026-06-18,50.29999923706055,21037842.0,trade_group_exact,high,False,legacy_subindustry_rule,medium,official_code_fallback,636.0,cap_501_1000,0.6783181357649443,11578576771.5,11.5785767715,249001651.0,2026-06-10,TWSE basic issued common shares * TWSE latest close
3430.TWO,3430,TPEX,奇鈦科,21,化學工業,chemical_material,materials,traditional,chemical,member,False,materials,chemical,chemical__small_mid,small_mid,693,0.6936697653829128,47116942.0,121109005.09431238,120.0,2026-06-18,142.5,1240207.0,trade_group_exact,high,False,legacy_subindustry_rule,medium,official_code_fallback,1093.0,cap_1001_plus,0.4468085106382978,4383091050.0,4.38309105,33716085.0,2026-06-10,TPEX daily market value shares * close; API MarketValue retained for audit
4755.TW,4755,TWSE,三福化,21,化學工業,chemical_material,materials,traditional,chemical,member,False,materials,chemical,chemical__small_mid,small_mid,694,0.6932270916334662,46866342.0,105572464.68928222,120.0,2026-06-18,145.5,247105.0,trade_group_exact,high,False,legacy_subindustry_rule,medium,official_code_fallback,569.0,cap_501_1000,0.7122593718338399,13444251000.0,13.444251,100706000.0,2026-06-10,TWSE basic issued common shares * TWSE latest close
1723.TW,1723,TWSE,中碳,21,化學工業,chemical_material,materials,traditional,chemical,member,False,materials,chemical,chemical__small_mid,small_mid,749,0.6688800354139,36886596.26981354,70396645.91353473,120.0,2026-06-18,87.0,672535.0,trade_group_exact,high,False,legacy_subindustry_rule,medium,official_code_fallback,433.0,cap_251_500,0.7811550151975684,19876285872.0,19.876285872,236904480.0,2026-06-10,TWSE basic issued common shares * TWSE latest close
1721.TW,1721,TWSE,三晃,21,化學工業,chemical_material,materials,traditional,chemical,member,False,materials,chemical,chemical__small_mid,small_mid,779,0.6555998229305002,32739358.798518185,66420994.27293956,120.0,2026-06-18,23.799999237060547,2125151.0,trade_group_exact,high,False,legacy_subindustry_rule,medium,official_code_fallback,1103.0,cap_1001_plus,0.4417426545086119,4344776162.0,4.344776162,184884092.0,2026-06-10,TWSE basic issued common shares * TWSE latest close
6509.TWO,6509,TPEX,聚和,21,化學工業,chemical_material,materials,traditional,chemical,member,False,materials,chemical,chemical__small_mid,small_mid,799,0.646746347941567,31007786.65883255,106002351.03607136,120.0,2026-06-18,47.95000076293945,2528781.0,trade_group_exact,high,False,legacy_subindustry_rule,medium,official_code_fallback,718.0,cap_501_1000,0.6367781155015197,9522524144.7,9.5225241447,196543326.0,2026-06-10,TPEX daily market value shares * close; API MarketValue retained for audit
1710.TW,1710,TWSE,東聯,21,化學工業,chemical_material,materials,traditional,chemical,member,False,materials,chemical,chemical__small,small,811,0.6414342629482072,29981971.890655994,67998496.49572359,120.0,2026-06-18,13.649999618530272,5317905.0,trade_group_exact,high,False,legacy_subindustry_rule,medium,official_code_fallback,595.0,cap_501_1000,0.6990881458966565,12621268163.25,12.62126816325,885703029.0,2026-06-10,TWSE basic issued common shares * TWSE latest close
1718.TW,1718,TWSE,中纖,21,化學工業,chemical_material,materials,traditional,chemical,member,False,materials,chemical,chemical__small,small,817,0.6387782204515272,29533200.80467105,43459777.96941079,120.0,2026-06-18,9.859999656677246,13987763.0,trade_group_exact,high,False,legacy_subindustry_rule,medium,official_code_fallback,526.0,cap_501_1000,0.7340425531914894,15004561130.5,15.0045611305,1685905745.0,2026-06-10,TWSE basic issued common shares * TWSE latest close
4721.TWO,4721,TPEX,美琪瑪,21,化學工業,chemical_material,materials,traditional,chemical,member,False,materials,chemical,chemical__small,small,818,0.6383355467020806,29529808.12638092,95861360.45768024,120.0,2026-06-18,100.5,2375077.0,trade_group_exact,high,False,legacy_subindustry_rule,medium,official_code_fallback,870.0,cap_501_1000,0.5597771023302938,7011219424.0,7.011219424,74986304.0,2026-06-10,TPEX daily market value shares * close; API MarketValue retained for audit
1714.TW,1714,TWSE,和桐,21,化學工業,chemical_material,materials,traditional,chemical,member,False,materials,chemical,chemical__small,small,859,0.6201859229747676,26999523.12823057,40467684.26582053,120.0,2026-06-18,20.350000381469727,31708216.0,trade_group_exact,high,False,legacy_subindustry_rule,medium,official_code_fallback,585.0,cap_501_1000,0.7041540020263424,12992904984.8,12.9929049848,991824808.0,2026-06-10,TWSE basic issued common shares * TWSE latest close
1712.TW,1712,TWSE,興農,21,化學工業,chemical_material,materials,traditional,chemical,member,False,materials,chemical,chemical__small,small,947,0.5812306330234618,20594235.691928864,26842574.10288305,120.0,2026-06-18,39.29999923706055,908779.0,trade_group_exact,high,False,legacy_subindustry_rule,medium,official_code_fallback,488.0,cap_251_500,0.7532928064842959,16462284702.75,16.46228470275,420492585.0,2026-06-10,TWSE basic issued common shares * TWSE latest close
4714.TWO,4714,TPEX,永捷,21,化學工業,chemical_material,materials,traditional,chemical,member,False,materials,chemical,chemical__small,small,1001,0.5573262505533422,17586802.168610573,26169159.613196336,120.0,2026-06-18,13.050000190734863,1532249.0,trade_group_exact,high,False,legacy_subindustry_rule,medium,official_code_fallback,1431.0,cap_1001_plus,0.2755825734549139,2404190538.0,2.404190538,178088188.0,2026-06-10,TPEX daily market value shares * close; API MarketValue retained for audit
4720.TW,4720,TWSE,德淵,21,化學工業,chemical_material,materials,traditional,chemical,member,False,materials,chemical,chemical__small,small,1118,0.5055334218680831,12446424.375,57080496.81036016,120.0,2026-06-18,24.200000762939453,1255324.0,trade_group_exact,high,False,legacy_subindustry_rule,medium,official_code_fallback,1355.0,cap_1001_plus,0.3140830800405269,2714030076.9,2.7140300769000003,114516037.0,2026-06-10,TWSE basic issued common shares * TWSE latest close
1713.TW,1713,TWSE,國化,21,化學工業,chemical_material,materials,traditional,chemical,member,False,materials,chemical,chemical__small,small,1253,0.4457724656927844,8054382.500076294,21821353.964496423,120.0,2026-06-18,50.0,198000.0,trade_group_exact,high,False,legacy_subindustry_rule,medium,official_code_fallback,850.0,cap_501_1000,0.5699088145896656,7275871940.0,7.27587194,150951700.0,2026-06-10,TWSE basic issued common shares * TWSE latest close
1735.TW,1735,TWSE,日勝化,21,化學工業,chemical_material,materials,traditional,chemical,member,False,materials,chemical,chemical__small,small,1340,0.4072598494909252,6639443.57591629,24625608.17611707,120.0,2026-06-18,23.149999618530277,327000.0,trade_group_exact,high,False,legacy_subindustry_rule,medium,official_code_fallback,1459.0,cap_1001_plus,0.2613981762917933,2280954600.0,2.2809546,99388000.0,2026-06-10,TWSE basic issued common shares * TWSE latest close
1709.TW,1709,TWSE,和益,21,化學工業,chemical_material,materials,traditional,chemical,member,False,materials,chemical,chemical__small,small,1381,0.3891102257636122,5868257.875,9438886.695657492,120.0,2026-06-18,21.25,1560699.0,trade_group_exact,high,False,legacy_subindustry_rule,medium,official_code_fallback,686.0,cap_501_1000,0.6529888551165146,10088894152.8,10.0888941528,477016272.0,2026-06-10,TWSE basic issued common shares * TWSE latest close
4716.TWO,4716,TPEX,大立,21,化學工業,chemical_material,materials,traditional,chemical,member,False,materials,chemical,chemical__small,small,1405,0.3784860557768924,5466308.996102333,8809890.063828668,120.0,2026-06-18,18.25,2681797.0,trade_group_exact,high,False,legacy_subindustry_rule,medium,official_code_fallback,1634.0,cap_1001_plus,0.1727456940222898,1553327291.95,1.55332729195,94427191.0,2026-06-10,TPEX daily market value shares * close; API MarketValue retained for audit
4707.TWO,4707,TPEX,磐亞,21,化學工業,chemical_material,materials,traditional,chemical,member,False,materials,chemical,chemical__small,small,1410,0.3762726870296591,5419472.063750267,23745838.045991465,120.0,2026-06-18,23.0,3728898.0,trade_group_exact,high,False,legacy_subindustry_rule,medium,official_code_fallback,818.0,cap_501_1000,0.5861195542046607,7670590130.0,7.67059013,403715270.0,2026-06-10,TPEX daily market value shares * close; API MarketValue retained for audit
1732.TW,1732,TWSE,毛寶,21,化學工業,chemical_material,materials,traditional,chemical,member,False,materials,chemical,chemical__small,small,1553,0.312970340858787,3735198.278227806,9424547.69797465,120.0,2026-06-18,26.299999237060547,55000.0,trade_group_exact,high,False,legacy_subindustry_rule,medium,official_code_fallback,1778.0,cap_1001_plus,0.0997973657548125,1116276069.1,1.1162760691000002,42443957.0,2026-06-10,TWSE basic issued common shares * TWSE latest close
4741.TWO,4741,TPEX,泓瀚,21,化學工業,chemical_material,materials,traditional,chemical,member,False,materials,chemical,chemical__small,small,1664,0.2638335546702081,2666005.946544647,41674091.93637047,120.0,2026-06-18,64.5999984741211,4097697.0,trade_group_exact,high,False,legacy_subindustry_rule,medium,official_code_fallback,1336.0,cap_1001_plus,0.3237082066869301,2816297191.1000004,2.8162971911000003,34812079.0,2026-06-10,TPEX daily market value shares * close; API MarketValue retained for audit
1725.TW,1725,TWSE,元禎,21,化學工業,chemical_material,materials,traditional,chemical,member,False,materials,chemical,chemical__small,small,1672,0.2602921646746348,2605675.037384033,6791758.172657267,120.0,2026-06-18,37.45000076293945,756050.0,trade_group_exact,high,False,legacy_subindustry_rule,medium,official_code_fallback,966.0,cap_501_1000,0.511144883485309,5627637819.099999,5.627637819099999,181829978.0,2026-06-10,TWSE basic issued common shares * TWSE latest close
1730.TW,1730,TWSE,花仙子,21,化學工業,chemical_material,materials,traditional,chemical,member,False,materials,chemical,chemical__small,small,1790,0.2080566622399291,1749303.737865448,2014143.7082917213,120.0,2026-06-18,53.0,56000.0,trade_group_exact,high,False,legacy_subindustry_rule,medium,official_code_fallback,1240.0,cap_1001_plus,0.3723404255319149,3326100562.6,3.3261005626,63233851.0,2026-06-10,TWSE basic issued common shares * TWSE latest close
1726.TW,1726,TWSE,永記,21,化學工業,chemical_material,materials,traditional,chemical,member,False,materials,chemical,chemical__small,small,1894,0.1620185922974767,1215958.0122375488,1469077.1326316197,120.0,2026-06-18,78.4000015258789,48000.0,trade_group_exact,high,False,legacy_subindustry_rule,medium,official_code_fallback,592.0,cap_501_1000,0.7006079027355623,12668400000.0,12.6684,162000000.0,2026-06-10,TWSE basic issued common shares * TWSE latest close
4711.TWO,4711,TPEX,永純,21,化學工業,chemical_material,materials,traditional,chemical,member,False,materials,chemical,chemical__small,small,1990,0.1195219123505976,793209.9953269958,2493809.0935428194,120.0,2026-06-18,16.899999618530273,234000.0,trade_group_exact,high,False,legacy_subindustry_rule,medium,official_code_fallback,1812.0,cap_1001_plus,0.0825734549138804,1028793600.0,1.0287936000000002,61056000.0,2026-06-10,TPEX daily market value shares * close; API MarketValue retained for audit
4754.TWO,4754,TPEX,國碳科,21,化學工業,chemical_material,materials,traditional,chemical,member,False,materials,chemical,chemical__small,small,2016,0.1080123948649844,728741.7677516937,884443.4303248978,120.0,2026-06-18,37.45000076293945,112010.0,trade_group_exact,high,False,legacy_subindustry_rule,medium,official_code_fallback,1754.0,cap_1001_plus,0.1119554204660587,1176502902.75,1.17650290275,30283215.0,2026-06-10,TPEX daily market value shares * close; API MarketValue retained for audit
1776.TW,1776,TWSE,展宇,21,化學工業,chemical_material,materials,traditional,chemical,member,False,materials,chemical,chemical__small,small,2064,0.0867640548915449,576825.0036239624,1109478.2141051292,120.0,2026-06-18,18.75,208100.0,trade_group_exact,high,False,legacy_subindustry_rule,medium,official_code_fallback,1791.0,cap_1001_plus,0.0932117527862208,1075914440.8,1.0759144408,60106952.0,2026-06-10,TWSE basic issued common shares * TWSE latest close
1742.TWO,1742,TPEX,台蠟,21,化學工業,chemical_material,materials,traditional,chemical,member,False,materials,chemical,chemical__small,small,2123,0.0606463036741921,415282.4999809265,882146.3910150289,120.0,2026-06-18,15.600000381469728,75000.0,trade_group_exact,high,False,legacy_subindustry_rule,medium,official_code_fallback,1689.0,cap_1001_plus,0.1448834853090171,1353000980.0,1.35300098,92671300.0,2026-06-10,TPEX daily market value shares * close; API MarketValue retained for audit
4767.TWO,4767,TPEX,誠泰科技,21,化學工業,chemical_material,materials,traditional,chemical,member,False,materials,chemical,chemical__small,small,2159,0.0447100486941124,282499.99809265137,361630.4909943136,120.0,2026-06-18,26.950000762939453,34000.0,trade_group_exact,high,False,legacy_subindustry_rule,medium,official_code_fallback,1863.0,cap_1001_plus,0.0567375886524822,851346500.0,0.8513465,31415000.0,2026-06-10,TPEX daily market value shares * close; API MarketValue retained for audit
4706.TWO,4706,TPEX,大恭,21,化學工業,chemical_material,materials,traditional,chemical,member,False,materials,chemical,chemical__small,small,2171,0.0393979637007525,251836.325,484170.3172767162,120.0,2026-06-18,32.099998474121094,20000.0,trade_group_exact,high,False,legacy_subindustry_rule,medium,official_code_fallback,1411.0,cap_1001_plus,0.2857142857142857,2481544920.2,2.4815449202,79030093.0,2026-06-10,TPEX daily market value shares * close; API MarketValue retained for audit
1802.TW,1802,TWSE,台玻,8,玻璃陶瓷,glass_ceramic,materials,traditional,glass_ceramic,member,False,materials,glass_ceramic,glass_ceramic__large,large,44,0.9809650287737935,3689224625.4473248,5888610718.635265,120.0,2026-06-18,71.30000305175781,120575049.0,trade_group_exact,high,False,legacy_subindustry_rule,medium,official_code_fallback,96.0,cap_051_100,0.9518743667679838,174774454080.0,174.77445408,2908060800.0,2026-06-10,TWSE basic issued common shares * TWSE latest close
1809.TW,1809,TWSE,中釉,8,玻璃陶瓷,glass_ceramic,materials,traditional,glass_ceramic,member,False,materials,glass_ceramic,glass_ceramic__small_mid,small_mid,643,0.7158034528552457,58962882.43010521,115170256.19800784,120.0,2026-06-18,51.400001525878906,5621651.0,trade_group_exact,high,False,legacy_subindustry_rule,medium,official_code_fallback,775.0,cap_501_1000,0.60790273556231,8469026205.900001,8.4690262059,167041937.0,2026-06-10,TWSE basic issued common shares * TWSE latest close
1810.TW,1810,TWSE,和成,8,玻璃陶瓷,glass_ceramic,materials,traditional,glass_ceramic,member,False,materials,glass_ceramic,glass_ceramic__small,small,1050,0.535635236830456,15501300.209321022,31754715.691049147,120.0,2026-06-18,19.899999618530277,2157000.0,trade_group_exact,high,False,legacy_subindustry_rule,medium,official_code_fallback,905.0,cap_501_1000,0.5420466058763931,6378608470.900001,6.378608470900001,302303719.0,2026-06-10,TWSE basic issued common shares * TWSE latest close
1806.TW,1806,TWSE,冠軍,8,玻璃陶瓷,glass_ceramic,materials,traditional,glass_ceramic,member,False,materials,glass_ceramic,glass_ceramic__small,small,1613,0.2864099158919876,3118679.9134874344,4840231.526512702,120.0,2026-06-18,8.220000267028809,484008.0,trade_group_exact,high,False,legacy_subindustry_rule,medium,official_code_fallback,1270.0,cap_1001_plus,0.3571428571428571,3197407695.3,3.1974076953,390403870.0,2026-06-10,TWSE basic issued common shares * TWSE latest close
1817.TW,1817,TWSE,凱撒衛,8,玻璃陶瓷,glass_ceramic,materials,traditional,glass_ceramic,member,False,materials,glass_ceramic,glass_ceramic__small,small,1886,0.16555998229305,1237754.6366271973,1541422.2192496934,120.0,2026-06-18,40.59999847412109,86110.0,trade_group_exact,high,False,legacy_subindustry_rule,medium,official_code_fallback,1327.0,cap_1001_plus,0.3282674772036474,2845920000.0,2.84592,72600000.0,2026-06-10,TWSE basic issued common shares * TWSE latest close
1342.TW,1342,TWSE,八貫,20,其他,industrial_material_composite,materials,other,industrial_material_composite,member,False,materials,industrial_composite,industrial_composite__small,small,986,0.563966356795042,18085246.34925461,32085591.4844478,120.0,2026-06-18,116.0,1216422.0,trade_group_exact,high,False,legacy_subindustry_rule,medium,exact_symbol,778.0,cap_501_1000,0.6063829787234043,8424097416.0,8.424097416,78000902.0,2026-06-10,TWSE basic issued common shares * TWSE latest close
1907.TW,1907,TWSE,永豐餘,9,造紙工業,paper,materials,traditional,paper,member,False,materials,paper,paper__small,small,851,0.6237273129703409,27420335.243165016,31981176.07044293,120.0,2026-06-18,28.200000762939453,6001706.0,trade_group_exact,high,False,legacy_subindustry_rule,medium,official_code_fallback,259.0,cap_251_500,0.8693009118541033,43335696019.5,43.3356960195,1660371495.0,2026-06-10,TWSE basic issued common shares * TWSE latest close
1905.TW,1905,TWSE,華紙,9,造紙工業,paper,materials,traditional,paper,member,False,materials,paper,paper__small,small,883,0.6095617529880478,24768665.25,58205226.98459902,120.0,2026-06-18,17.100000381469727,44083135.0,trade_group_exact,high,False,legacy_subindustry_rule,medium,official_code_fallback,543.0,cap_501_1000,0.7254305977710234,14281717342.2,14.2817173422,1102835316.0,2026-06-10,TWSE basic issued common shares * TWSE latest close
1909.TW,1909,TWSE,榮成,9,造紙工業,paper,materials,traditional,paper,member,False,materials,paper,paper__small,small,924,0.5914121292607348,21669459.935713768,32808222.74434509,120.0,2026-06-18,10.199999809265137,5177000.0,trade_group_exact,high,False,legacy_subindustry_rule,medium,official_code_fallback,583.0,cap_501_1000,0.7051671732522796,13011320124.6,13.0113201246,1327685727.0,2026-06-10,TWSE basic issued common shares * TWSE latest close
1904.TW,1904,TWSE,正隆,9,造紙工業,paper,materials,traditional,paper,member,False,materials,paper,paper__small,small,967,0.5723771580345285,19379077.70754624,29453458.07944224,120.0,2026-06-18,23.100000381469727,4364249.0,trade_group_exact,high,False,legacy_subindustry_rule,medium,official_code_fallback,358.0,cap_251_500,0.8191489361702128,25656555184.3,25.6565551843,1108274522.0,2026-06-10,TWSE basic issued common shares * TWSE latest close
1903.TW,1903,TWSE,士紙,9,造紙工業,paper,materials,traditional,paper,member,False,materials,paper,paper__small,small,1170,0.482514386896857,10499950.639873505,15361145.772650529,120.0,2026-06-18,48.09999847412109,133002.0,trade_group_exact,high,False,legacy_subindustry_rule,medium,official_code_fallback,605.0,cap_501_1000,0.6940222897669706,12390864115.65,12.39086411565,260039121.0,2026-06-10,TWSE basic issued common shares * TWSE latest close
6790.TW,6790,TWSE,永豐實,9,造紙工業,paper,materials,traditional,paper,member,False,materials,paper,paper__small,small,1436,0.3647631695440461,5086257.876468658,6492107.178528246,120.0,2026-06-18,40.04999923706055,199100.0,trade_group_exact,high,False,legacy_subindustry_rule,medium,official_code_fallback,669.0,cap_501_1000,0.6616008105369808,10591665682.65,10.59166568265,267129021.0,2026-06-10,TWSE basic issued common shares * TWSE latest close
1906.TW,1906,TWSE,寶隆,9,造紙工業,paper,materials,traditional,paper,member,False,materials,paper,paper__small,small,2014,0.1088977423638778,729313.7677907944,2193610.6540633994,120.0,2026-06-18,11.449999809265137,129045.0,trade_group_exact,high,False,legacy_subindustry_rule,medium,official_code_fallback,1605.0,cap_1001_plus,0.1874366767983789,1683650000.0,1.68365,151000000.0,2026-06-10,TWSE basic issued common shares * TWSE latest close
1326.TW,1326,TWSE,台化,3,塑膠工業,petrochemical,materials,traditional,plastics,leader,True,materials,petrochemical,petrochemical__mid_large,mid_large,123,0.9459938025675078,1100263295.25,1543906231.6664004,120.0,2026-06-18,54.20000076293945,31132363.0,trade_group_exact,high,False,exact_symbol,high,official_code_fallback,68.0,cap_051_100,0.9660587639311043,270786806644.2,270.7868066442,5861186291.0,2026-06-10,TWSE basic issued common shares * TWSE latest close
1303.TW,1303,TWSE,南亞,3,塑膠工業,plastics,materials,traditional,plastics,leader,True,materials,plastics,plastics__large,large,17,0.9929172200088536,6674270545.128517,8006651695.602607,120.0,2026-06-18,139.0,133378866.0,trade_group_exact,high,False,exact_symbol,high,official_code_fallback,22.0,cap_001_050,0.9893617021276596,751841886637.2,751.8418866372,7930821589.0,2026-06-10,TWSE basic issued common shares * TWSE latest close
1301.TW,1301,TWSE,台塑,3,塑膠工業,plastics,materials,traditional,plastics,core_leader,True,materials,plastics,plastics__mid_large,mid_large,111,0.9513058875608676,1202418025.6786308,1609384890.8058076,120.0,2026-06-18,51.70000076293945,188065545.0,trade_group_exact,high,False,exact_symbol,high,official_code_fallback,65.0,cap_051_100,0.9675785207700102,282638890676.4,282.6388906764,6365740781.0,2026-06-10,TWSE basic issued common shares * TWSE latest close
1314.TW,1314,TWSE,中石化,3,塑膠工業,plastics,materials,traditional,plastics,member,False,materials,plastics,plastics__mid,mid,384,0.8304559539619301,184398112.0490837,353906600.52121735,120.0,2026-06-18,7.78000020980835,23763849.0,trade_group_exact,high,False,legacy_subindustry_rule,medium,official_code_fallback,324.0,cap_251_500,0.8363728470111449,29256891504.9,29.2568915049,3784850130.0,2026-06-10,TWSE basic issued common shares * TWSE latest close
1312.TW,1312,TWSE,國喬,3,塑膠工業,plastics,materials,traditional,plastics,member,False,materials,plastics,plastics__small_mid,small_mid,536,0.7631695440460381,97018408.00620604,157580711.94461936,120.0,2026-06-18,13.5,10623654.0,trade_group_exact,high,False,legacy_subindustry_rule,medium,official_code_fallback,535.0,cap_501_1000,0.729483282674772,14607388329.599998,14.6073883296,1106620328.0,2026-06-10,TWSE basic issued common shares * TWSE latest close
1304.TW,1304,TWSE,台聚,3,塑膠工業,plastics,materials,traditional,plastics,member,False,materials,plastics,plastics__small_mid,small_mid,596,0.7366091190792385,73705236.13790703,196986683.07679543,120.0,2026-06-18,13.550000190734863,9343172.0,trade_group_exact,high,False,legacy_subindustry_rule,medium,official_code_fallback,518.0,cap_501_1000,0.7380952380952381,15156734625.0,15.156734625,1188763500.0,2026-06-10,TWSE basic issued common shares * TWSE latest close
4303.TWO,4303,TPEX,信立,3,塑膠工業,plastics,materials,traditional,plastics,member,False,materials,plastics,plastics__small_mid,small_mid,672,0.7029659141212926,51923438.68239975,76284541.20108409,120.0,2026-06-18,47.5,416300.0,trade_group_exact,high,False,legacy_subindustry_rule,medium,official_code_fallback,1100.0,cap_1001_plus,0.4432624113475177,4366035379.55,4.36603537955,94605317.0,2026-06-10,TPEX daily market value shares * close; API MarketValue retained for audit
1313.TW,1313,TWSE,聯成,3,塑膠工業,plastics,materials,traditional,plastics,member,False,materials,plastics,plastics__small_mid,small_mid,702,0.6896857016378929,45446882.85336304,92084257.96614592,120.0,2026-06-18,11.600000381469728,5466915.0,trade_group_exact,high,False,legacy_subindustry_rule,medium,official_code_fallback,533.0,cap_501_1000,0.7304964539007093,14705849482.35,14.70584948235,1330846107.0,2026-06-10,TWSE basic issued common shares * TWSE latest close
1305.TW,1305,TWSE,華夏,3,塑膠工業,plastics,materials,traditional,plastics,member,False,materials,plastics,plastics__small_mid,small_mid,743,0.6715360779105799,38026519.57211304,125538948.07505745,120.0,2026-06-18,13.25,4709326.0,trade_group_exact,high,False,legacy_subindustry_rule,medium,official_code_fallback,847.0,cap_501_1000,0.5714285714285714,7292183699.700001,7.292183699700001,581050494.0,2026-06-10,TWSE basic issued common shares * TWSE latest close
1308.TW,1308,TWSE,亞聚,3,塑膠工業,plastics,materials,traditional,plastics,member,False,materials,plastics,plastics__small_mid,small_mid,777,0.6564851704293935,32792651.092262268,107137837.85709997,120.0,2026-06-18,13.949999809265137,3461184.0,trade_group_exact,high,False,legacy_subindustry_rule,medium,official_code_fallback,804.0,cap_501_1000,0.5932117527862208,7985855710.549999,7.985855710549999,593743919.0,2026-06-10,TWSE basic issued common shares * TWSE latest close
1307.TW,1307,TWSE,三芳,3,塑膠工業,plastics,materials,traditional,plastics,member,False,materials,plastics,plastics__small_mid,small_mid,805,0.6440903054448871,30780280.09355736,42284517.21613347,120.0,2026-06-18,36.400001525878906,871629.0,trade_group_exact,high,False,legacy_subindustry_rule,medium,official_code_fallback,557.0,cap_501_1000,0.718338399189463,13923634410.0,13.92363441,397818126.0,2026-06-10,TWSE basic issued common shares * TWSE latest close
1310.TW,1310,TWSE,台苯,3,塑膠工業,plastics,materials,traditional,plastics,member,False,materials,plastics,plastics__small,small,877,0.6122177954847278,25433269.425936226,70285483.4677959,120.0,2026-06-18,9.260000228881836,12908409.0,trade_group_exact,high,False,legacy_subindustry_rule,medium,official_code_fallback,1078.0,cap_1001_plus,0.4544072948328267,4523843877.4800005,4.52384387748,527869764.0,2026-06-10,TWSE basic issued common shares * TWSE latest close
1309.TW,1309,TWSE,台達化,3,塑膠工業,plastics,materials,traditional,plastics,member,False,materials,plastics,plastics__small,small,942,0.583444001770695,20839174.69552708,175284307.41312408,120.0,2026-06-18,14.75,4191540.0,trade_group_exact,high,False,legacy_subindustry_rule,medium,official_code_fallback,947.0,cap_501_1000,0.5207700101317123,5963802720.0,5.96380272,397586848.0,2026-06-10,TWSE basic issued common shares * TWSE latest close
4306.TW,4306,TWSE,炎洲,3,塑膠工業,plastics,materials,traditional,plastics,member,False,materials,plastics,plastics__small,small,1130,0.5002213368747233,11809749.03382492,13961530.12163229,120.0,2026-06-18,15.850000381469728,2362656.0,trade_group_exact,high,False,legacy_subindustry_rule,medium,official_code_fallback,678.0,cap_501_1000,0.6570415400202634,10354385404.8,10.3543854048,676757216.0,2026-06-10,TWSE basic issued common shares * TWSE latest close
1325.TW,1325,TWSE,恆大,3,塑膠工業,plastics,materials,traditional,plastics,member,False,materials,plastics,plastics__small,small,1156,0.4887118193891102,10977120.741566658,16183987.59194994,120.0,2026-06-18,26.100000381469727,242000.0,trade_group_exact,high,False,legacy_subindustry_rule,medium,official_code_fallback,1474.0,cap_1001_plus,0.2537993920972644,2221575207.9,2.2215752079,85281198.0,2026-06-10,TWSE basic issued common shares * TWSE latest close
1321.TW,1321,TWSE,大洋,3,塑膠工業,plastics,materials,traditional,plastics,member,False,materials,plastics,plastics__small,small,1468,0.350597609561753,4676299.949645996,5639253.503431415,120.0,2026-06-18,32.150001525878906,445000.0,trade_group_exact,high,False,legacy_subindustry_rule,medium,official_code_fallback,867.0,cap_501_1000,0.5612968591691996,7078160548.2,7.0781605482,227228268.0,2026-06-10,TWSE basic issued common shares * TWSE latest close
1337.TW,1337,TWSE,再生-KY,3,塑膠工業,plastics,materials,traditional,plastics,member,False,materials,plastics,plastics__small,small,1658,0.266489597166888,2703125.9835557938,4923755.344793602,120.0,2026-06-18,5.070000171661377,801009.0,trade_group_exact,high,False,legacy_subindustry_rule,medium,official_code_fallback,1697.0,cap_1001_plus,0.1408308004052685,1328636361.26,1.32863636126,268954729.0,2026-06-10,TWSE basic issued common shares * TWSE latest close
1340.TW,1340,TWSE,勝悅-KY,3,塑膠工業,plastics,materials,traditional,plastics,member,False,materials,plastics,plastics__small,small,1804,0.201859229747676,1668046.1101961136,2292442.0595388054,120.0,2026-06-18,5.71999979019165,192001.0,trade_group_exact,high,False,legacy_subindustry_rule,medium,official_code_fallback,1862.0,cap_1001_plus,0.0572441742654508,859426445.1,0.8594264451,152922855.0,2026-06-10,TWSE basic issued common shares * TWSE latest close
4304.TWO,4304,TPEX,勝昱,3,塑膠工業,plastics,materials,traditional,plastics,member,False,materials,plastics,plastics__small,small,1934,0.1443116423196104,1028974.9851226808,1846926.6046028105,120.0,2026-06-18,23.100000381469727,58000.0,trade_group_exact,high,False,legacy_subindustry_rule,medium,official_code_fallback,1646.0,cap_1001_plus,0.1666666666666666,1507640205.5,1.5076402055,61038065.0,2026-06-10,TPEX daily market value shares * close; API MarketValue retained for audit
1315.TW,1315,TWSE,達新,3,塑膠工業,plastics,materials,traditional,plastics,member,False,materials,plastics,plastics__small,small,1936,0.1434262948207171,1022399.9938964844,1669013.9985740026,120.0,2026-06-18,62.29999923706055,128000.0,trade_group_exact,high,False,legacy_subindustry_rule,medium,official_code_fallback,938.0,cap_501_1000,0.5253292806484295,6064858800.0,6.0648588,99099000.0,2026-06-10,TWSE basic issued common shares * TWSE latest close
1323.TW,1323,TWSE,永裕,3,塑膠工業,plastics,materials,traditional,plastics,member,False,materials,plastics,plastics__small,small,1954,0.1354581673306772,926287.3902721404,2985535.0801962377,120.0,2026-06-18,19.799999237060547,102000.0,trade_group_exact,high,False,legacy_subindustry_rule,medium,official_code_fallback,1580.0,cap_1001_plus,0.2001013171225937,1784417530.7,1.7844175307,91274554.0,2026-06-10,TWSE basic issued common shares * TWSE latest close
9950.TWO,9950,TPEX,萬國通,3,塑膠工業,plastics,materials,traditional,plastics,member,False,materials,plastics,plastics__small,small,2013,0.1093404161133244,735000.0,1741445.8834238688,120.0,2026-06-18,10.550000190734863,148000.0,trade_group_exact,high,False,legacy_subindustry_rule,medium,official_code_fallback,1575.0,cap_1001_plus,0.2026342451874366,1794561200.0,1.7945612,167716000.0,2026-06-10,TPEX daily market value shares * close; API MarketValue retained for audit
1324.TW,1324,TWSE,地球,3,塑膠工業,plastics,materials,traditional,plastics,member,False,materials,plastics,plastics__small,small,2021,0.1057990261177512,720297.5130081177,1711978.258436195,120.0,2026-06-18,10.399999618530272,205000.0,trade_group_exact,high,False,legacy_subindustry_rule,medium,official_code_fallback,1883.0,cap_1001_plus,0.0466058763931104,781267572.8000001,0.7812675728,75121882.0,2026-06-10,TWSE basic issued common shares * TWSE latest close
1341.TW,1341,TWSE,富林-KY,3,塑膠工業,plastics,materials,traditional,plastics,member,False,materials,plastics,plastics__small,small,2153,0.0473660911907923,291250.0,471160.1265742302,120.0,2026-06-18,62.0,21000.0,trade_group_exact,high,False,legacy_subindustry_rule,medium,official_code_fallback,1255.0,cap_1001_plus,0.364741641337386,3255599054.4,3.2555990544,52850634.0,2026-06-10,TWSE basic issued common shares * TWSE latest close
4305.TWO,4305,TPEX,世坤,3,塑膠工業,plastics,materials,traditional,plastics,member,False,materials,plastics,plastics__small,small,2228,0.014165559982293,97306.498336792,214677.35456139248,120.0,2026-06-18,43.900001525878906,3000.0,trade_group_exact,high,False,legacy_subindustry_rule,medium,official_code_fallback,1428.0,cap_1001_plus,0.2771023302938197,2420616000.0,2.420616,55014000.0,2026-06-10,TPEX daily market value shares * close; API MarketValue retained for audit
2105.TW,2105,TWSE,正新,11,橡膠工業,rubber,materials,traditional,rubber,member,False,materials,rubber,rubber__mid,mid,308,0.8640991589198761,286576167.63788986,394928012.78402215,120.0,2026-06-18,29.649999618530277,38406616.0,trade_group_exact,high,False,legacy_subindustry_rule,medium,official_code_fallback,130.0,cap_101_250,0.9346504559270516,111990906768.8,111.9909067688,3241415536.0,2026-06-10,TWSE basic issued common shares * TWSE latest close
2103.TW,2103,TWSE,台橡,11,橡膠工業,rubber,materials,traditional,rubber,member,False,materials,rubber,rubber__small_mid,small_mid,658,0.7091633466135459,55486857.69719267,104710033.4806967,120.0,2026-06-18,21.399999618530277,4934122.0,trade_group_exact,high,False,legacy_subindustry_rule,medium,official_code_fallback,472.0,cap_251_500,0.7613981762917933,17381195036.9,17.381195036900003,825709978.0,2026-06-10,TWSE basic issued common shares * TWSE latest close
2101.TW,2101,TWSE,南港,11,橡膠工業,rubber,materials,traditional,rubber,member,False,materials,rubber,rubber__small_mid,small_mid,690,0.6949977866312528,48295665.0326519,54459856.54497392,120.0,2026-06-18,32.45000076293945,2562047.0,trade_group_exact,high,False,legacy_subindustry_rule,medium,official_code_fallback,378.0,cap_251_500,0.809017223910841,24036368106.0,24.036368106,733934904.0,2026-06-10,TWSE basic issued common shares * TWSE latest close
2104.TW,2104,TWSE,國際中橡,11,橡膠工業,rubber,materials,traditional,rubber,member,False,materials,rubber,rubber__small_mid,small_mid,750,0.6684373616644532,36729210.82770586,53918295.55176331,120.0,2026-06-18,10.350000381469728,3684975.0,trade_group_exact,high,False,legacy_subindustry_rule,medium,official_code_fallback,676.0,cap_501_1000,0.6580547112462006,10388939743.75,10.38893974375,984733625.0,2026-06-10,TWSE basic issued common shares * TWSE latest close
2108.TW,2108,TWSE,南帝,11,橡膠工業,rubber,materials,traditional,rubber,member,False,materials,rubber,rubber__small,small,1019,0.5493581230633023,16828917.5,28952898.828689,120.0,2026-06-18,28.700000762939453,1431120.0,trade_group_exact,high,False,legacy_subindustry_rule,medium,official_code_fallback,559.0,cap_501_1000,0.7173252279635258,13910770616.75,13.91077061675,492416659.0,2026-06-10,TWSE basic issued common shares * TWSE latest close
2106.TW,2106,TWSE,建大,11,橡膠工業,rubber,materials,traditional,rubber,member,False,materials,rubber,rubber__small,small,1120,0.5046480743691899,12403612.330168728,14197229.227314295,120.0,2026-06-18,17.850000381469727,799969.0,trade_group_exact,high,False,legacy_subindustry_rule,medium,official_code_fallback,473.0,cap_251_500,0.7608915906788247,17331253500.0,17.3312535,954890000.0,2026-06-10,TWSE basic issued common shares * TWSE latest close
2102.TW,2102,TWSE,泰豐,11,橡膠工業,rubber,materials,traditional,rubber,member,False,materials,rubber,rubber__small,small,1196,0.4710048694112438,9486260.187312126,10340085.344816033,120.0,2026-06-18,18.350000381469727,218399.0,trade_group_exact,high,False,legacy_subindustry_rule,medium,official_code_fallback,771.0,cap_501_1000,0.6099290780141844,8614591567.4,8.6145915674,473329207.0,2026-06-10,TWSE basic issued common shares * TWSE latest close
2107.TW,2107,TWSE,厚生,11,橡膠工業,rubber,materials,traditional,rubber,member,False,materials,rubber,rubber__small,small,1449,0.3590084108012394,4905909.159422874,5774644.051912785,120.0,2026-06-18,25.399999618530277,417015.0,trade_group_exact,high,False,legacy_subindustry_rule,medium,official_code_fallback,810.0,cap_501_1000,0.5901722391084093,7847889390.0,7.84788939,303593400.0,2026-06-10,TWSE basic issued common shares * TWSE latest close
2114.TW,2114,TWSE,鑫永銓,11,橡膠工業,rubber,materials,traditional,rubber,member,False,materials,rubber,rubber__small,small,1705,0.2456839309428951,2403044.049999237,2810245.7660642625,120.0,2026-06-18,89.0,145000.0,trade_group_exact,high,False,legacy_subindustry_rule,medium,official_code_fallback,875.0,cap_501_1000,0.5572441742654508,6910065240.2,6.9100652402,77991707.0,2026-06-10,TWSE basic issued common shares * TWSE latest close
2109.TW,2109,TWSE,華豐,11,橡膠工業,rubber,materials,traditional,rubber,member,False,materials,rubber,rubber__small,small,1808,0.2000885347498893,1653754.5396904943,1811128.604468751,120.0,2026-06-18,14.649999618530272,116383.0,trade_group_exact,high,False,legacy_subindustry_rule,medium,official_code_fallback,1150.0,cap_1001_plus,0.4179331306990881,3952790246.1,3.9527902461,279349134.0,2026-06-10,TWSE basic issued common shares * TWSE latest close
6582.TW,6582,TWSE,申豐,11,橡膠工業,rubber,materials,traditional,rubber,member,False,materials,rubber,rubber__small,small,1810,0.199203187250996,1645699.7998552325,3386799.681535276,120.0,2026-06-18,31.450000762939453,60132.0,trade_group_exact,high,False,legacy_subindustry_rule,medium,official_code_fallback,1241.0,cap_1001_plus,0.3718338399189462,3317941906.25,3.31794190625,106174141.0,2026-06-10,TWSE basic issued common shares * TWSE latest close
2002.TW,2002,TWSE,中鋼,10,鋼鐵工業,steel,materials,traditional,steel,core_leader,True,materials,steel,steel__mid_large,mid_large,168,0.9260734838424082,689998609.3102304,915756060.7468672,120.0,2026-06-18,19.100000381469727,382434690.0,trade_group_exact,high,False,exact_symbol,high,official_code_fallback,61.0,cap_051_100,0.9696048632218844,294241900643.9,294.24190064389995,15734860997.0,2026-06-10,TWSE basic issued common shares * TWSE latest close
2027.TW,2027,TWSE,大成鋼,10,鋼鐵工業,steel,materials,traditional,steel,leader,True,materials,steel,steel__mid_large,mid_large,184,0.9189907038512616,611980852.296341,796859356.0998712,120.0,2026-06-18,41.0,22351721.0,trade_group_exact,high,False,exact_symbol,high,official_code_fallback,134.0,cap_101_250,0.9326241134751772,109831076137.5,109.8310761375,2584260615.0,2026-06-10,TWSE basic issued common shares * TWSE latest close
2006.TW,2006,TWSE,東和鋼鐵,10,鋼鐵工業,steel,materials,traditional,steel,member,False,materials,steel,steel__mid,mid,417,0.8158477202301904,155881365.6933365,192877988.5770675,120.0,2026-06-18,69.5,8481031.0,trade_group_exact,high,False,legacy_subindustry_rule,medium,official_code_fallback,236.0,cap_101_250,0.8809523809523809,48632240278.8,48.6322402788,730213818.0,2026-06-10,TWSE basic issued common shares * TWSE latest close
2009.TW,2009,TWSE,第一銅,10,鋼鐵工業,steel,materials,traditional,steel,member,False,materials,steel,steel__mid,mid,498,0.7799911465250111,112096805.21542358,323886957.45173424,120.0,2026-06-18,39.5,2712160.0,trade_group_exact,high,False,legacy_subindustry_rule,medium,official_code_fallback,552.0,cap_501_1000,0.7208713272543059,14025264435.0,14.025264435,359622165.0,2026-06-10,TWSE basic issued common shares * TWSE latest close
2211.TW,2211,TWSE,長榮鋼,10,鋼鐵工業,steel,materials,traditional,steel,member,False,materials,steel,steel__mid,mid,521,0.769809650287738,102666357.5,146317407.9175005,120.0,2026-06-18,95.5,565147.0,trade_group_exact,high,False,legacy_subindustry_rule,medium,official_code_fallback,281.0,cap_251_500,0.8581560283687943,38539251181.200005,38.53925118120001,417091463.0,2026-06-10,TWSE basic issued common shares * TWSE latest close
2014.TW,2014,TWSE,中鴻,10,鋼鐵工業,steel,materials,traditional,steel,member,False,materials,steel,steel__mid,mid,524,0.768481629039398,100966844.74932577,170557807.7093073,120.0,2026-06-18,17.700000762939453,4664966.0,trade_group_exact,high,False,legacy_subindustry_rule,medium,official_code_fallback,366.0,cap_251_500,0.815096251266464,25122027805.0,25.122027805,1435544446.0,2026-06-10,TWSE basic issued common shares * TWSE latest close
5009.TWO,5009,TPEX,榮剛,10,鋼鐵工業,steel,materials,traditional,steel,member,False,materials,steel,steel__small_mid,small_mid,578,0.7445772465692784,81413247.89660072,117143271.41596694,120.0,2026-06-18,34.75,2183336.0,trade_group_exact,high,False,legacy_subindustry_rule,medium,official_code_fallback,414.0,cap_251_500,0.7907801418439716,21357603933.65,21.35760393365,602471197.0,2026-06-10,TPEX daily market value shares * close; API MarketValue retained for audit
3004.TW,3004,TWSE,豐達科,10,鋼鐵工業,steel,materials,traditional,steel,member,False,materials,steel,steel__small_mid,small_mid,707,0.6874723328906596,44830671.0,59070459.16142356,120.0,2026-06-18,134.5,496467.0,trade_group_exact,high,False,legacy_subindustry_rule,medium,official_code_fallback,777.0,cap_501_1000,0.6068895643363729,8449973682.5,8.4499736825,64258355.0,2026-06-10,TWSE basic issued common shares * TWSE latest close
2034.TW,2034,TWSE,允強,10,鋼鐵工業,steel,materials,traditional,steel,member,False,materials,steel,steel__small_mid,small_mid,810,0.6418769366976538,30076451.76344109,39847041.69917436,120.0,2026-06-18,20.850000381469727,1348529.0,trade_group_exact,high,False,legacy_subindustry_rule,medium,official_code_fallback,673.0,cap_501_1000,0.6595744680851063,10553462000.55,10.55346200055,528995589.0,2026-06-10,TWSE basic issued common shares * TWSE latest close
2010.TW,2010,TWSE,春源,10,鋼鐵工業,steel,materials,traditional,steel,member,False,materials,steel,steel__small,small,828,0.6339088092076139,28891065.041151047,34267013.93651362,120.0,2026-06-18,24.850000381469727,2633688.0,trade_group_exact,high,False,legacy_subindustry_rule,medium,official_code_fallback,508.0,cap_501_1000,0.743161094224924,15543729360.0,15.54372936,647655390.0,2026-06-10,TWSE basic issued common shares * TWSE latest close
2031.TW,2031,TWSE,新光鋼,10,鋼鐵工業,steel,materials,traditional,steel,member,False,materials,steel,steel__small,small,833,0.6316954404603807,28603975.92561721,35364571.00452022,120.0,2026-06-18,39.04999923706055,756049.0,trade_group_exact,high,False,legacy_subindustry_rule,medium,official_code_fallback,570.0,cap_501_1000,0.7117527862208713,13375745102.65,13.37574510265,321146341.0,2026-06-10,TWSE basic issued common shares * TWSE latest close
2023.TW,2023,TWSE,燁輝,10,鋼鐵工業,steel,materials,traditional,steel,member,False,materials,steel,steel__small,small,910,0.5976095617529881,22881636.4316454,28986807.10848333,120.0,2026-06-18,13.949999809265137,2214254.0,trade_group_exact,high,False,legacy_subindustry_rule,medium,official_code_fallback,357.0,cap_251_500,0.8196555217831814,25704490931.8,25.7044909318,1876240214.0,2026-06-10,TWSE basic issued common shares * TWSE latest close
2015.TW,2015,TWSE,豐興,10,鋼鐵工業,steel,materials,traditional,steel,member,False,materials,steel,steel__small,small,973,0.5697211155378485,19074971.390155792,22300115.469602108,120.0,2026-06-18,60.70000076293945,627635.0,trade_group_exact,high,False,legacy_subindustry_rule,medium,official_code_fallback,287.0,cap_251_500,0.8551165146909827,36001004345.6,36.0010043456,581599424.0,2026-06-10,TWSE basic issued common shares * TWSE latest close
8415.TWO,8415,TPEX,大國鋼,10,鋼鐵工業,steel,materials,traditional,steel,member,False,materials,steel,steel__small,small,1141,0.4953519256308101,11534677.385187147,13997871.552404989,120.0,2026-06-18,34.45000076293945,1203384.0,trade_group_exact,high,False,legacy_subindustry_rule,medium,official_code_fallback,286.0,cap_251_500,0.8556231003039514,36154075000.0,36.154075,1031500000.0,2026-06-10,TPEX daily market value shares * close; API MarketValue retained for audit
2030.TW,2030,TWSE,彰源,10,鋼鐵工業,steel,materials,traditional,steel,member,False,materials,steel,steel__small,small,1218,0.4612660469234174,9017262.554912567,15540702.21296347,120.0,2026-06-18,18.549999237060547,1259297.0,trade_group_exact,high,False,legacy_subindustry_rule,medium,official_code_fallback,1005.0,cap_1001_plus,0.4913880445795339,5231810403.549999,5.231810403549999,280526027.0,2026-06-10,TWSE basic issued common shares * TWSE latest close
2020.TW,2020,TWSE,美亞,10,鋼鐵工業,steel,materials,traditional,steel,member,False,materials,steel,steel__small,small,1286,0.4311642319610447,7420471.648788452,10173245.41578668,120.0,2026-06-18,21.75,503201.0,trade_group_exact,high,False,legacy_subindustry_rule,medium,official_code_fallback,961.0,cap_501_1000,0.5136778115501519,5741173380.0,5.74117338,267031320.0,2026-06-10,TWSE basic issued common shares * TWSE latest close
2032.TW,2032,TWSE,新鋼,10,鋼鐵工業,steel,materials,traditional,steel,member,False,materials,steel,steel__small,small,1335,0.4094732182381585,6691673.685157776,12527136.95791176,120.0,2026-06-18,17.600000381469727,422000.0,trade_group_exact,high,False,legacy_subindustry_rule,medium,official_code_fallback,1467.0,cap_1001_plus,0.2573454913880446,2251496651.25,2.25149665125,130521545.0,2026-06-10,TWSE basic issued common shares * TWSE latest close
2017.TW,2017,TWSE,官田鋼,10,鋼鐵工業,steel,materials,traditional,steel,member,False,materials,steel,steel__small,small,1357,0.399734395750332,6294636.080582619,9257389.235130738,120.0,2026-06-18,9.329999923706056,574236.0,trade_group_exact,high,False,legacy_subindustry_rule,medium,official_code_fallback,1136.0,cap_1001_plus,0.4250253292806484,4120184651.020001,4.120184651020001,446874691.0,2026-06-10,TWSE basic issued common shares * TWSE latest close
8349.TWO,8349,TPEX,恒耀國際,10,鋼鐵工業,steel,materials,traditional,steel,member,False,materials,steel,steel__small,small,1392,0.3842408145196989,5707273.6509075165,7922470.309532356,120.0,2026-06-18,40.95000076293945,181084.0,trade_group_exact,high,False,legacy_subindustry_rule,medium,official_code_fallback,757.0,cap_501_1000,0.6170212765957447,8812262700.2,8.812262700200002,208821391.0,2026-06-10,TPEX daily market value shares * close; API MarketValue retained for audit
2038.TW,2038,TWSE,海光,10,鋼鐵工業,steel,materials,traditional,steel,member,False,materials,steel,steel__small,small,1398,0.381584772023019,5605366.366047382,13685845.847654885,120.0,2026-06-18,13.850000381469728,425142.0,trade_group_exact,high,False,legacy_subindustry_rule,medium,official_code_fallback,1377.0,cap_1001_plus,0.3029381965552178,2630519805.65,2.63051980565,194134303.0,2026-06-10,TWSE basic issued common shares * TWSE latest close
2022.TW,2022,TWSE,聚亨,10,鋼鐵工業,steel,materials,traditional,steel,member,False,materials,steel,steel__small,small,1428,0.3683045595396192,5187634.464430332,6615358.247611872,120.0,2026-06-18,7.71999979019165,701237.0,trade_group_exact,high,False,legacy_subindustry_rule,medium,official_code_fallback,1378.0,cap_1001_plus,0.3024316109422492,2626539795.02,2.62653979502,337168138.0,2026-06-10,TWSE basic issued common shares * TWSE latest close
2013.TW,2013,TWSE,中鋼構,10,鋼鐵工業,steel,materials,traditional,steel,member,False,materials,steel,steel__small,small,1454,0.3567950420540062,4854364.733062744,6418334.046701272,120.0,2026-06-18,42.900001525878906,202020.0,trade_group_exact,high,False,legacy_subindustry_rule,medium,official_code_fallback,773.0,cap_501_1000,0.6089159067882473,8520000000.0,8.52,200000000.0,2026-06-10,TWSE basic issued common shares * TWSE latest close
2069.TW,2069,TWSE,運錩,10,鋼鐵工業,steel,materials,traditional,steel,member,False,materials,steel,steel__small,small,1477,0.3466135458167331,4540833.5,6431200.24319067,120.0,2026-06-18,18.799999237060547,447031.0,trade_group_exact,high,False,legacy_subindustry_rule,medium,official_code_fallback,1250.0,cap_1001_plus,0.367274569402229,3269501327.4,3.2695013273999995,166386836.0,2026-06-10,TWSE basic issued common shares * TWSE latest close
5011.TWO,5011,TPEX,久陽,10,鋼鐵工業,steel,materials,traditional,steel,member,False,materials,steel,steel__small,small,1589,0.2970340858787074,3408016.198542595,5979349.869452296,120.0,2026-06-18,21.600000381469727,2775100.0,trade_group_exact,high,False,legacy_subindustry_rule,medium,official_code_fallback,1584.0,cap_1001_plus,0.1980749746707193,1761793635.0,1.761793635,100673922.0,2026-06-10,TPEX daily market value shares * close; API MarketValue retained for audit
2029.TW,2029,TWSE,盛餘,10,鋼鐵工業,steel,materials,traditional,steel,member,False,materials,steel,steel__small,small,1614,0.285967242142541,3102000.0305175786,3711457.5643576784,120.0,2026-06-18,20.600000381469727,356100.0,trade_group_exact,high,False,legacy_subindustry_rule,medium,official_code_fallback,894.0,cap_501_1000,0.5476190476190477,6648426000.0,6.648426,321180000.0,2026-06-10,TWSE basic issued common shares * TWSE latest close
5007.TW,5007,TWSE,三星,10,鋼鐵工業,steel,materials,traditional,steel,member,False,materials,steel,steel__small,small,1685,0.2545374059318283,2485454.332530976,4567744.469882583,120.0,2026-06-18,56.0,16000.0,trade_group_exact,high,False,legacy_subindustry_rule,medium,official_code_fallback,490.0,cap_251_500,0.7522796352583587,16398672562.4,16.398672562399998,294940154.0,2026-06-10,TWSE basic issued common shares * TWSE latest close
2007.TW,2007,TWSE,燁興,10,鋼鐵工業,steel,materials,traditional,steel,member,False,materials,steel,steel__small,small,1691,0.2518813634351483,2470838.000936985,3865042.9383992553,120.0,2026-06-18,7.389999866485596,482033.0,trade_group_exact,high,False,legacy_subindustry_rule,medium,official_code_fallback,1159.0,cap_1001_plus,0.4133738601823707,3873756774.9,3.8737567749,530651613.0,2026-06-10,TWSE basic issued common shares * TWSE latest close
5014.TWO,5014,TPEX,建錩,10,鋼鐵工業,steel,materials,traditional,steel,member,False,materials,steel,steel__small,small,1699,0.248339973439575,2433477.3505630493,3250975.499170305,120.0,2026-06-18,11.199999809265137,226000.0,trade_group_exact,high,False,legacy_subindustry_rule,medium,official_code_fallback,1528.0,cap_1001_plus,0.2264437689969605,2006752341.3,2.0067523413,183265054.0,2026-06-10,TPEX daily market value shares * close; API MarketValue retained for audit
6248.TWO,6248,TPEX,沛波,10,鋼鐵工業,steel,materials,traditional,steel,member,False,materials,steel,steel__small,small,1714,0.2416998671978751,2361408.0,3932743.106722213,120.0,2026-06-18,18.350000381469727,99000.0,trade_group_exact,high,False,legacy_subindustry_rule,medium,official_code_fallback,1570.0,cap_1001_plus,0.2051671732522796,1834195334.15,1.83419533415,99956149.0,2026-06-10,TPEX daily market value shares * close; API MarketValue retained for audit
8930.TWO,8930,TPEX,青鋼,10,鋼鐵工業,steel,materials,traditional,steel,member,False,materials,steel,steel__small,small,1728,0.2355024347056219,2219975.01373291,2889898.2736041103,120.0,2026-06-18,27.649999618530277,72000.0,trade_group_exact,high,False,legacy_subindustry_rule,medium,official_code_fallback,1465.0,cap_1001_plus,0.2583586626139817,2257939605.6,2.2579396056,81809406.0,2026-06-10,TPEX daily market value shares * close; API MarketValue retained for audit
2033.TW,2033,TWSE,佳大,10,鋼鐵工業,steel,materials,traditional,steel,member,False,materials,steel,steel__small,small,1730,0.2346170872067287,2208105.651702881,3167600.5758758145,120.0,2026-06-18,15.75,148219.0,trade_group_exact,high,False,legacy_subindustry_rule,medium,official_code_fallback,1720.0,cap_1001_plus,0.1291793313069908,1262869488.4,1.2628694884,80694536.0,2026-06-10,TWSE basic issued common shares * TWSE latest close
2028.TW,2028,TWSE,威致,10,鋼鐵工業,steel,materials,traditional,steel,member,False,materials,steel,steel__small,small,1752,0.2248782647189021,2019075.1510791776,4305770.048196944,120.0,2026-06-18,16.600000381469727,176473.0,trade_group_exact,high,False,legacy_subindustry_rule,medium,official_code_fallback,992.0,cap_501_1000,0.4979736575481256,5358008460.0,5.35800846,325714800.0,2026-06-10,TWSE basic issued common shares * TWSE latest close
2065.TWO,2065,TPEX,世豐,10,鋼鐵工業,steel,materials,traditional,steel,member,False,materials,steel,steel__small,small,1759,0.2217795484727756,1981847.0,2740435.985886784,120.0,2026-06-18,34.5,61101.0,trade_group_exact,high,False,legacy_subindustry_rule,medium,official_code_fallback,1493.0,cap_1001_plus,0.2441742654508611,2153216367.3,2.1532163673,63516707.0,2026-06-10,TPEX daily market value shares * close; API MarketValue retained for audit
2025.TW,2025,TWSE,千興,10,鋼鐵工業,steel,materials,traditional,steel,member,False,materials,steel,steel__small,small,1834,0.1885790172642762,1510412.63668108,3706102.142989365,120.0,2026-06-18,14.100000381469728,672414.0,trade_group_exact,high,False,legacy_subindustry_rule,medium,official_code_fallback,1407.0,cap_1001_plus,0.2877406281661601,2494944745.2,2.4949447452,172660536.0,2026-06-10,TWSE basic issued common shares * TWSE latest close
5015.TWO,5015,TPEX,華祺,10,鋼鐵工業,steel,materials,traditional,steel,member,False,materials,steel,steel__small,small,1976,0.1257193448428508,849327.6116352081,1167878.8841077136,120.0,2026-06-18,23.850000381469727,23161.0,trade_group_exact,high,False,legacy_subindustry_rule,medium,official_code_fallback,1660.0,cap_1001_plus,0.1595744680851063,1431084860.4,1.4310848604000002,60639189.0,2026-06-10,TPEX daily market value shares * close; API MarketValue retained for audit
2012.TW,2012,TWSE,春雨,10,鋼鐵工業,steel,materials,traditional,steel,member,False,materials,steel,steel__small,small,1983,0.1226206285967241,829111.0099105835,1109490.053987861,120.0,2026-06-18,14.600000381469728,175233.0,trade_group_exact,high,False,legacy_subindustry_rule,medium,official_code_fallback,1108.0,cap_1001_plus,0.439209726443769,4275602205.0,4.275602205,302162700.0,2026-06-10,TWSE basic issued common shares * TWSE latest close
5538.TW,5538,TWSE,東明-KY,10,鋼鐵工業,steel,materials,traditional,steel,member,False,materials,steel,steel__small,small,2018,0.1071270473660912,727398.556684494,883372.1532457193,120.0,2026-06-18,32.0,53014.0,trade_group_exact,high,False,legacy_subindustry_rule,medium,official_code_fallback,906.0,cap_501_1000,0.5415400202634245,6378145656.099999,6.378145656099999,201203333.0,2026-06-10,TWSE basic issued common shares * TWSE latest close
9962.TWO,9962,TPEX,有益,10,鋼鐵工業,steel,materials,traditional,steel,member,False,materials,steel,steel__small,small,2042,0.0965028773793713,658043.7125587463,1020751.1407094392,120.0,2026-06-18,9.800000190734863,110001.0,trade_group_exact,high,False,legacy_subindustry_rule,medium,official_code_fallback,1849.0,cap_1001_plus,0.0638297872340425,888669561.0,0.888669561,90220260.0,2026-06-10,TPEX daily market value shares * close; API MarketValue retained for audit
7718.TWO,7718,TPEX,友鋮,10,鋼鐵工業,steel,materials,traditional,steel,member,False,materials,steel,steel__small,small,2049,0.0934041611332447,629164.5839233398,1909049.3947170768,120.0,2026-06-18,47.900001525878906,0.0,trade_group_exact,high,False,legacy_subindustry_rule,medium,official_code_fallback,1485.0,cap_1001_plus,0.2482269503546099,2183390396.4,2.1833903964,46356484.0,2026-06-10,TPEX daily market value shares * close; API MarketValue retained for audit
4950.TWO,4950,TPEX,金耘國際,10,鋼鐵工業,steel,materials,traditional,steel,member,False,materials,steel,steel__small,small,2060,0.0885347498893315,584786.2193937303,1117218.3699936024,120.0,2026-06-18,16.200000762939453,23119.0,trade_group_exact,high,False,legacy_subindustry_rule,medium,official_code_fallback,1839.0,cap_1001_plus,0.0688956433637284,929438622.7,0.9294386227,57729107.0,2026-06-10,TPEX daily market value shares * close; API MarketValue retained for audit
2063.TWO,2063,TPEX,世鎧精密,10,鋼鐵工業,steel,materials,traditional,steel,member,False,materials,steel,steel__small,small,2073,0.082779991146525,560326.6078205109,913021.245803372,120.0,2026-06-18,24.950000762939453,53000.0,trade_group_exact,high,False,legacy_subindustry_rule,medium,official_code_fallback,1742.0,cap_1001_plus,0.1180344478216818,1212156615.6,1.2121566156,48101453.0,2026-06-10,TPEX daily market value shares * close; API MarketValue retained for audit
2008.TW,2008,TWSE,高興昌,10,鋼鐵工業,steel,materials,traditional,steel,member,False,materials,steel,steel__small,small,2093,0.0739265161575918,504947.1896209717,713434.9309081396,120.0,2026-06-18,30.799999237060547,13200.0,trade_group_exact,high,False,legacy_subindustry_rule,medium,official_code_fallback,968.0,cap_501_1000,0.5101317122593718,5620600028.849999,5.620600028849999,190852293.0,2026-06-10,TWSE basic issued common shares * TWSE latest close
5013.TWO,5013,TPEX,強新,10,鋼鐵工業,steel,materials,traditional,steel,member,False,materials,steel,steel__small,small,2168,0.0407259849490925,261298.20515155792,447334.33432633406,120.0,2026-06-18,27.799999237060547,1000.0,trade_group_exact,high,False,legacy_subindustry_rule,medium,official_code_fallback,1191.0,cap_1001_plus,0.3971631205673759,3655598400.0,3.6555984,133416000.0,2026-06-10,TPEX daily market value shares * close; API MarketValue retained for audit
5016.TWO,5016,TPEX,松和,10,鋼鐵工業,steel,materials,traditional,steel,member,False,materials,steel,steel__small,small,2178,0.0362992474546259,234629.9945831299,3665397.292382171,120.0,2026-06-18,25.100000381469727,49000.0,trade_group_exact,high,False,legacy_subindustry_rule,medium,official_code_fallback,1728.0,cap_1001_plus,0.1251266464032421,1245514107.6,1.2455141076000005,49622076.0,2026-06-10,TPEX daily market value shares * close; API MarketValue retained for audit
2035.TWO,2035,TPEX,唐榮公司,10,鋼鐵工業,steel,materials,traditional,steel,member,False,materials,steel,steel__small,small,2185,0.0332005312084993,201103.7209939957,292187.9722832521,120.0,2026-06-18,28.200000762939453,26100.0,trade_group_exact,high,False,legacy_subindustry_rule,medium,official_code_fallback,702.0,cap_501_1000,0.6448834853090173,9800000000.0,9.8,350000000.0,2026-06-10,TPEX daily market value shares * close; API MarketValue retained for audit
2024.TW,2024,TWSE,志聯,10,鋼鐵工業,steel,materials,traditional,steel,member,False,materials,steel,steel__small,small,2191,0.0305444887118193,187222.5739865303,228238.38360642592,120.0,2026-06-18,14.100000381469728,9705.0,trade_group_exact,high,False,legacy_subindustry_rule,medium,official_code_fallback,1684.0,cap_1001_plus,0.1474164133738601,1355250000.0,1.35525,97500000.0,2026-06-10,TWSE basic issued common shares * TWSE latest close
2064.TWO,2064,TPEX,晉椿,10,鋼鐵工業,steel,materials,traditional,steel,member,False,materials,steel,steel__small,small,2206,0.0239043824701195,141600.00228881836,750635.453372302,120.0,2026-06-18,13.399999618530272,253000.0,trade_group_exact,high,False,legacy_subindustry_rule,medium,official_code_fallback,1796.0,cap_1001_plus,0.0906788247213779,1067682000.0,1.067682,69330000.0,2026-06-10,TPEX daily market value shares * close; API MarketValue retained for audit
2073.TWO,2073,TPEX,雄順,10,鋼鐵工業,steel,materials,traditional,steel,member,False,materials,steel,steel__small,small,2250,0.0044267374944665,27275.00057220459,2574371.121714951,120.0,2026-06-18,25.5,4000.0,trade_group_exact,high,False,legacy_subindustry_rule,medium,official_code_fallback,1902.0,cap_1001_plus,0.0369807497467071,715000000.0,0.715,27500000.0,2026-06-10,TPEX daily market value shares * close; API MarketValue retained for audit
2408.TW,2408,TWSE,南亞科,24,半導體業,memory_dram_nand,memory,semi,semi_memory,core_leader,True,memory_storage,dram_nand,dram_nand__large,large,2,0.9995573262505534,22965530576.0,23076987322.620834,120.0,2026-06-18,459.5,178589022.0,trade_group_exact,high,False,exact_symbol,high,exact_symbol,16.0,cap_001_050,0.9924012158054712,1148918562702.0,1148.918562702,3450205894.0,2026-06-10,TWSE basic issued common shares * TWSE latest close
2344.TW,2344,TWSE,華邦電,24,半導體業,memory_dram_nand,memory,semi,semi_memory,leader,True,memory_storage,dram_nand,dram_nand__large,large,3,0.9991146525011066,16781573717.14838,17667230818.856144,120.0,2026-06-18,218.5,334192828.0,trade_group_exact,high,False,exact_symbol,high,exact_symbol,25.0,cap_001_050,0.9878419452887538,670500028757.0,670.500028757,4500000193.0,2026-06-10,TWSE basic issued common shares * TWSE latest close
2337.TW,2337,TWSE,旺宏,24,半導體業,memory_dram_nand,memory,semi,semi_memory,leader,True,memory_storage,dram_nand,dram_nand__large,large,11,0.9955732625055336,8850795761.875,13571269798.967,120.0,2026-06-18,169.0,124602424.0,trade_group_exact,high,False,exact_symbol,high,exact_symbol,69.0,cap_051_100,0.9655521783181358,267476690700.0,267.4766907,1981308820.0,2026-06-10,TWSE basic issued common shares * TWSE latest close
3006.TW,3006,TWSE,晶豪科,24,半導體業,memory_dram_nand,memory,semi,semi_memory,member,False,memory_storage,dram_nand,dram_nand__mid_large,mid_large,78,0.9659141212926072,1886123520.0,2782506702.0669794,120.0,2026-06-18,237.5,14128717.0,trade_group_exact,high,False,exact_symbol,high,exact_symbol,206.0,cap_101_250,0.8961499493414387,60143780576.0,60.143780576,297741488.0,2026-06-10,TWSE basic issued common shares * TWSE latest close
3260.TWO,3260,TPEX,威剛,24,半導體業,memory_module,memory,semi,semi_memory,leader,True,memory_storage,memory_module,memory_module__large,large,32,0.9862771137671535,5132474627.0,7397830902.270833,120.0,2026-06-18,423.0,12164345.0,trade_group_exact,high,False,exact_symbol,high,exact_symbol,116.0,cap_101_250,0.941742654508612,128467781130.0,128.46778113,329404567.0,2026-06-10,TPEX daily market value shares * close; API MarketValue retained for audit
2451.TW,2451,TWSE,創見,24,半導體業,memory_module,memory,semi,semi_memory,member,False,memory_storage,memory_module,memory_module__mid_large,mid_large,91,0.9601593625498008,1565262313.0,2256428410.5875,120.0,2026-06-18,311.5,5715075.0,trade_group_exact,high,False,exact_symbol,high,exact_symbol,117.0,cap_101_250,0.9412360688956434,126384282775.0,126.384282775,431345675.0,2026-06-10,TWSE basic issued common shares * TWSE latest close
8299.TWO,8299,TPEX,群聯,24,半導體業,storage_controller,memory,semi,semi_ic_design,leader,True,memory_storage,storage_controller,storage_controller__large,large,8,0.9969012837538734,12032566110.0,13885909592.0,120.0,2026-06-18,2530.0,7524171.0,trade_group_exact,high,False,exact_symbol,high,exact_symbol,44.0,cap_001_050,0.9782168186423504,476439784785.0,476.439784785,221085747.0,2026-06-10,TPEX daily market value shares * close; API MarketValue retained for audit
2495.TW,2495,TWSE,普安,25,電腦及週邊設備業,storage_device,computer,computer,computer_storage,member,False,memory_storage,storage_device,storage_device__mid,mid,326,0.8561310314298363,252481852.3813496,357951410.34077084,120.0,2026-06-18,52.09999847412109,12629020.0,trade_group_exact,high,False,legacy_subindustry_rule,medium,exact_symbol,579.0,cap_501_1000,0.707193515704154,13157828977.8,13.1578289778,273551538.0,2026-06-10,TWSE basic issued common shares * TWSE latest close
6235.TW,6235,TWSE,華孚,25,電腦及週邊設備業,storage_device,computer,computer,computer_storage,member,False,memory_storage,storage_device,storage_device__small_mid,small_mid,722,0.6808322266489597,41515078.33238983,54948098.42651335,120.0,2026-06-18,40.54999923706055,552251.0,trade_group_exact,high,False,legacy_subindustry_rule,medium,exact_symbol,796.0,cap_501_1000,0.5972644376899696,8196158546.0,8.196158546,199906306.0,2026-06-10,TWSE basic issued common shares * TWSE latest close
6166.TW,6166,TWSE,凌華,25,電腦及週邊設備業,storage_device,computer,computer,computer_storage,member,False,memory_storage,storage_device,storage_device__small,small,815,0.6396635679504206,29751082.41028595,55132898.59844306,120.0,2026-06-18,155.5,5637980.0,trade_group_exact,high,False,legacy_subindustry_rule,medium,exact_symbol,340.0,cap_251_500,0.8282674772036474,27321256753.5,27.3212567535,217699257.0,2026-06-10,TWSE basic issued common shares * TWSE latest close
3518.TW,3518,TWSE,柏騰,31,其他電子業,storage_device,computer,computer,computer_storage,member,False,memory_storage,storage_device,storage_device__small,small,1415,0.3740593182824259,5366240.273910522,13219045.162343675,120.0,2026-06-18,28.350000381469727,467360.0,trade_group_exact,high,False,legacy_subindustry_rule,medium,exact_symbol,1332.0,cap_1001_plus,0.3257345491388045,2833218909.5,2.8332189095,102467230.0,2026-06-10,TWSE basic issued common shares * TWSE latest close
3057.TW,3057,TWSE,喬鼎,25,電腦及週邊設備業,storage_device,computer,computer,computer_storage,member,False,memory_storage,storage_device,storage_device__small,small,1480,0.3452855245683931,4503042.649737358,10496185.075601617,120.0,2026-06-18,19.700000762939453,258289.0,trade_group_exact,high,False,legacy_subindustry_rule,medium,exact_symbol,1666.0,cap_1001_plus,0.1565349544072948,1408191051.75,1.40819105175,67864629.0,2026-06-10,TWSE basic issued common shares * TWSE latest close
3138.TW,3138,TWSE,耀登,27,通信網路業,netcom_antenna_rf,networking,opto_comm,netcom_antenna_rf,member,False,networking,antenna_rf,antenna_rf__mid,mid,293,0.870739265161576,308858419.25,531529742.7671377,120.0,2026-06-18,136.5,443300.0,trade_group_exact,high,False,legacy_subindustry_rule,medium,exact_symbol,839.0,cap_501_1000,0.5754812563323202,7372412205.0,7.372412205,51736226.0,2026-06-10,TWSE basic issued common shares * TWSE latest close
2498.TW,2498,TWSE,宏達電,27,通信網路業,consumer_electronics_mobile,networking,opto_comm,consumer_electronics_mobile,member,False,networking,mobile_device,mobile_device__mid,mid,297,0.8689685701637893,301464618.0716362,391549986.1311195,120.0,2026-06-18,46.400001525878906,9413800.0,trade_group_exact,high,False,legacy_subindustry_rule,medium,exact_symbol,291.0,cap_251_500,0.8530901722391084,34947520594.799995,34.9475205948,836065086.0,2026-06-10,TWSE basic issued common shares * TWSE latest close
3081.TWO,3081,TPEX,聯亞,27,通信網路業,networking_general,networking,opto_comm,netcom_general,member,False,networking,networking_general,networking_general__large,large,67,0.9707835325365206,2254942767.5,4214888089.616667,120.0,2026-06-18,2440.0,2395273.0,trade_group_exact,high,False,legacy_subindustry_rule,medium,official_code_fallback,85.0,cap_051_100,0.9574468085106383,207701286865.0,207.701286865,92517277.0,2026-06-10,TPEX daily market value shares * close; API MarketValue retained for audit
6163.TWO,6163,TPEX,華電網,27,通信網路業,networking_general,networking,opto_comm,netcom_general,member,False,networking,networking_general,networking_general__mid,mid,278,0.8773793714032758,337765981.738369,568507071.294302,120.0,2026-06-18,49.95000076293945,1796500.0,trade_group_exact,high,False,legacy_subindustry_rule,medium,official_code_fallback,837.0,cap_501_1000,0.5764944275582573,7407109443.3,7.4071094433,148439067.0,2026-06-10,TPEX daily market value shares * close; API MarketValue retained for audit
7717.TWO,7717,TPEX,萊德光電-KY,27,通信網路業,networking_general,networking,opto_comm,netcom_general,member,False,networking,networking_general,networking_general__mid,mid,359,0.8415227976980966,208458250.0,362642810.5652174,115.0,2026-06-18,546.0,239000.0,trade_group_exact,high,False,legacy_subindustry_rule,medium,official_code_fallback,494.0,cap_251_500,0.7502532928064842,16204614492.0,16.204614492,24777698.0,2026-06-10,TPEX daily market value shares * close; API MarketValue retained for audit
6530.TWO,6530,TPEX,創威,27,通信網路業,networking_general,networking,opto_comm,netcom_general,member,False,networking,networking_general,networking_general__mid,mid,360,0.8410801239486498,205687738.2500763,295389815.8431707,120.0,2026-06-18,97.9000015258789,740022.0,trade_group_exact,high,False,legacy_subindustry_rule,medium,official_code_fallback,1235.0,cap_1001_plus,0.3748733535967579,3351375000.0,3.351375,33750000.0,2026-06-10,TPEX daily market value shares * close; API MarketValue retained for audit
3234.TWO,3234,TPEX,光環,27,通信網路業,networking_general,networking,opto_comm,netcom_general,member,False,networking,networking_general,networking_general__mid,mid,364,0.8393094289508632,201709955.0,260079524.89290047,120.0,2026-06-18,145.0,8423665.0,trade_group_exact,high,False,legacy_subindustry_rule,medium,official_code_fallback,599.0,cap_501_1000,0.6970618034447822,12596640196.0,12.596640196,111474692.0,2026-06-10,TPEX daily market value shares * close; API MarketValue retained for audit
4903.TWO,4903,TPEX,聯光通,27,通信網路業,networking_general,networking,opto_comm,netcom_general,member,False,networking,networking_general,networking_general__mid,mid,369,0.8370960602036299,196481797.41832733,336702005.235296,120.0,2026-06-18,38.79999923706055,897042.0,trade_group_exact,high,False,legacy_subindustry_rule,medium,official_code_fallback,1134.0,cap_1001_plus,0.4260385005065856,4129473588.8,4.1294735888,105343714.0,2026-06-10,TPEX daily market value shares * close; API MarketValue retained for audit
6426.TW,6426,TWSE,統新,27,通信網路業,networking_general,networking,opto_comm,netcom_general,member,False,networking,networking_general,networking_general__mid,mid,396,0.8251438689685702,177031348.25,393059721.0757758,120.0,2026-06-18,210.5,1090125.0,trade_group_exact,high,False,legacy_subindustry_rule,medium,official_code_fallback,802.0,cap_501_1000,0.594224924012158,8009872000.0,8.009872,38509000.0,2026-06-10,TWSE basic issued common shares * TWSE latest close
3152.TWO,3152,TPEX,璟德,27,通信網路業,networking_general,networking,opto_comm,netcom_general,member,False,networking,networking_general,networking_general__mid,mid,456,0.7985834440017707,128340225.5,160367505.92916667,120.0,2026-06-18,204.0,1256676.0,trade_group_exact,high,False,legacy_subindustry_rule,medium,official_code_fallback,544.0,cap_501_1000,0.7249240121580547,14251845300.0,14.2518453,69016200.0,2026-06-10,TPEX daily market value shares * close; API MarketValue retained for audit
6588.TWO,6588,TPEX,東典光電,27,通信網路業,networking_general,networking,opto_comm,netcom_general,member,False,networking,networking_general,networking_general__mid,mid,496,0.7808764940239044,112825265.9549942,267552526.06055373,120.0,2026-06-18,107.5,511005.0,trade_group_exact,high,False,legacy_subindustry_rule,medium,official_code_fallback,1221.0,cap_1001_plus,0.3819655521783182,3470082500.0,3.4700825,34700825.0,2026-06-10,TPEX daily market value shares * close; API MarketValue retained for audit
4909.TWO,4909,TPEX,新復興,27,通信網路業,networking_general,networking,opto_comm,netcom_general,member,False,networking,networking_general,networking_general__mid,mid,501,0.7786631252766711,110927586.415699,217126411.7367572,120.0,2026-06-18,49.84999847412109,554110.0,trade_group_exact,high,False,legacy_subindustry_rule,medium,official_code_fallback,1079.0,cap_1001_plus,0.4539007092198581,4518472217.599999,4.518472217599999,93356864.0,2026-06-10,TPEX daily market value shares * close; API MarketValue retained for audit
3380.TW,3380,TWSE,明泰,27,通信網路業,networking_general,networking,opto_comm,netcom_general,member,False,networking,networking_general,networking_general__mid,mid,507,0.7760070827799912,109336446.586895,177761208.74295893,120.0,2026-06-18,34.95000076293945,3993666.0,trade_group_exact,high,False,legacy_subindustry_rule,medium,official_code_fallback,463.0,cap_251_500,0.7659574468085106,18039224718.0,18.039224718,541718460.0,2026-06-10,TWSE basic issued common shares * TWSE latest close
6143.TWO,6143,TPEX,振曜,27,通信網路業,networking_general,networking,opto_comm,netcom_general,member,False,networking,networking_general,networking_general__small_mid,small_mid,573,0.7467906153165118,81839007.75,88910063.23153295,120.0,2026-06-18,89.19999694824219,348150.0,trade_group_exact,high,False,legacy_subindustry_rule,medium,official_code_fallback,815.0,cap_501_1000,0.5876393110435664,7728088950.599999,7.728088950599999,86058897.0,2026-06-10,TPEX daily market value shares * close; API MarketValue retained for audit
3221.TWO,3221,TPEX,台嘉碩,27,通信網路業,networking_general,networking,opto_comm,netcom_general,member,False,networking,networking_general,networking_general__small_mid,small_mid,588,0.740150509074812,76692499.47379875,187167233.0226532,120.0,2026-06-18,60.5,6180010.0,trade_group_exact,high,False,legacy_subindustry_rule,medium,official_code_fallback,929.0,cap_501_1000,0.529888551165147,6146133435.0,6.146133435,105062110.0,2026-06-10,TPEX daily market value shares * close; API MarketValue retained for audit
3694.TW,3694,TWSE,海華,27,通信網路業,networking_general,networking,opto_comm,netcom_general,member,False,networking,networking_general,networking_general__small_mid,small_mid,638,0.7180168216024789,61374165.61891174,95709970.96277596,120.0,2026-06-18,60.79999923706055,1562196.0,trade_group_exact,high,False,legacy_subindustry_rule,medium,official_code_fallback,724.0,cap_501_1000,0.6337386018237082,9419695846.4,9.4196958464,154929208.0,2026-06-10,TWSE basic issued common shares * TWSE latest close
6561.TWO,6561,TPEX,是方,27,通信網路業,networking_general,networking,opto_comm,netcom_general,member,False,networking,networking_general,networking_general__small_mid,small_mid,708,0.687029659141213,44216625.0,54408916.3,120.0,2026-06-18,338.0,104162.0,trade_group_exact,high,False,legacy_subindustry_rule,medium,official_code_fallback,343.0,cap_251_500,0.8267477203647416,27129512760.0,27.12951276,77958370.0,2026-06-10,TPEX daily market value shares * close; API MarketValue retained for audit
6546.TWO,6546,TPEX,正基,27,通信網路業,networking_general,networking,opto_comm,netcom_general,member,False,networking,networking_general,networking_general__small_mid,small_mid,766,0.6613545816733069,34543161.596076965,57014066.50366399,120.0,2026-06-18,75.0,355115.0,trade_group_exact,high,False,legacy_subindustry_rule,medium,official_code_fallback,1026.0,cap_1001_plus,0.4807497467071935,4960154915.8,4.9601549158000005,66848449.0,2026-06-10,TPEX daily market value shares * close; API MarketValue retained for audit
8048.TWO,8048,TPEX,德勝,27,通信網路業,networking_general,networking,opto_comm,netcom_general,member,False,networking,networking_general,networking_general__small_mid,small_mid,784,0.6533864541832669,32329322.42773819,89192145.23898524,120.0,2026-06-18,66.30000305175781,312308.0,trade_group_exact,high,False,legacy_subindustry_rule,medium,official_code_fallback,1210.0,cap_1001_plus,0.3875379939209726,3525821447.2000003,3.5258214472,57705752.0,2026-06-10,TPEX daily market value shares * close; API MarketValue retained for audit
8011.TW,8011,TWSE,台通,27,通信網路業,networking_general,networking,opto_comm,netcom_general,member,False,networking,networking_general,networking_general__small,small,858,0.6206285967242142,27118480.722618103,32114660.81168385,120.0,2026-06-18,18.0,1440350.0,trade_group_exact,high,False,legacy_subindustry_rule,medium,official_code_fallback,1304.0,cap_1001_plus,0.339918946301925,2961705754.3500004,2.9617057543500005,165921891.0,2026-06-10,TWSE basic issued common shares * TWSE latest close
3466.TWO,3466,TPEX,德晉,27,通信網路業,networking_general,networking,opto_comm,netcom_general,member,False,networking,networking_general,networking_general__small,small,913,0.5962815405046481,22575473.795532227,27490300.13391808,120.0,2026-06-18,33.20000076293945,386157.0,trade_group_exact,high,False,legacy_subindustry_rule,medium,official_code_fallback,1391.0,cap_1001_plus,0.2958459979736575,2566543805.3500004,2.5665438053500003,77892073.0,2026-06-10,TPEX daily market value shares * close; API MarketValue retained for audit
3558.TWO,3558,TPEX,神準,27,通信網路業,networking_general,networking,opto_comm,netcom_general,member,False,networking,networking_general,networking_general__small,small,943,0.5830013280212483,20799562.5,29892424.866666667,120.0,2026-06-18,134.0,165102.0,trade_group_exact,high,False,legacy_subindustry_rule,medium,official_code_fallback,801.0,cap_501_1000,0.5947315096251267,8032279816.0,8.032279816,59060881.0,2026-06-10,TPEX daily market value shares * close; API MarketValue retained for audit
6486.TWO,6486,TPEX,互動,27,通信網路業,networking_general,networking,opto_comm,netcom_general,member,False,networking,networking_general,networking_general__small,small,1030,0.5444887118193891,16234502.60573578,21326234.67824384,120.0,2026-06-18,81.80000305175781,55000.0,trade_group_exact,high,False,legacy_subindustry_rule,medium,official_code_fallback,1135.0,cap_1001_plus,0.4255319148936169,4127445494.6,4.1274454946,50893286.0,2026-06-10,TPEX daily market value shares * close; API MarketValue retained for audit
8045.TW,8045,TWSE,達運光電,27,通信網路業,networking_general,networking,opto_comm,netcom_general,member,False,networking,networking_general,networking_general__small,small,1103,0.5121735281097831,13053963.864883425,21824408.55089696,120.0,2026-06-18,61.09999847412109,86000.0,trade_group_exact,high,False,legacy_subindustry_rule,medium,official_code_fallback,953.0,cap_501_1000,0.5177304964539007,5826063259.5,5.8260632595,95041815.0,2026-06-10,TWSE basic issued common shares * TWSE latest close
3447.TW,3447,TWSE,展達,27,通信網路業,networking_general,networking,opto_comm,netcom_general,member,False,networking,networking_general,networking_general__small,small,1113,0.5077467906153166,12607799.770355225,17770753.627422586,120.0,2026-06-18,40.20000076293945,256000.0,trade_group_exact,high,False,legacy_subindustry_rule,medium,official_code_fallback,1295.0,cap_1001_plus,0.3444782168186423,3028260592.0,3.028260592,77449120.0,2026-06-10,TWSE basic issued common shares * TWSE latest close
6170.TWO,6170,TPEX,統振,27,通信網路業,networking_general,networking,opto_comm,netcom_general,member,False,networking,networking_general,networking_general__small,small,1122,0.5037627268702967,12360617.19734192,15596264.389518077,120.0,2026-06-18,52.70000076293945,329232.0,trade_group_exact,high,False,legacy_subindustry_rule,medium,official_code_fallback,1017.0,cap_1001_plus,0.4853090172239108,5057521976.0,5.057521976,97260038.0,2026-06-10,TPEX daily market value shares * close; API MarketValue retained for audit
6863.TW,6863,TWSE,永道-KY,27,通信網路業,networking_general,networking,opto_comm,netcom_general,member,False,networking,networking_general,networking_general__small,small,1151,0.4909251881363435,11035149.084701538,14881971.324321937,120.0,2026-06-18,96.6999969482422,92009.0,trade_group_exact,high,False,legacy_subindustry_rule,medium,official_code_fallback,825.0,cap_501_1000,0.5825734549138805,7526244000.0,7.526244,74888000.0,2026-06-10,TWSE basic issued common shares * TWSE latest close
6417.TWO,6417,TPEX,韋僑,27,通信網路業,networking_general,networking,opto_comm,netcom_general,member,False,networking,networking_general,networking_general__small,small,1163,0.4856131031429836,10708728.5,23763409.6375,120.0,2026-06-18,132.0,84041.0,trade_group_exact,high,False,legacy_subindustry_rule,medium,official_code_fallback,970.0,cap_501_1000,0.5091185410334347,5580168000.0,5.580168,42274000.0,2026-06-10,TPEX daily market value shares * close; API MarketValue retained for audit
3306.TWO,3306,TPEX,鼎天,27,通信網路業,networking_general,networking,opto_comm,netcom_general,member,False,networking,networking_general,networking_general__small,small,1165,0.4847277556440903,10679512.25,13650721.019276053,120.0,2026-06-18,48.0,179399.0,trade_group_exact,high,False,legacy_subindustry_rule,medium,official_code_fallback,1451.0,cap_1001_plus,0.265450861195542,2338075832.4,2.3380758324,50607702.0,2026-06-10,TPEX daily market value shares * close; API MarketValue retained for audit
6465.TWO,6465,TPEX,威潤,27,通信網路業,networking_general,networking,opto_comm,netcom_general,member,False,networking,networking_general,networking_general__small,small,1207,0.4661354581673307,9251873.019327164,17730733.82768939,120.0,2026-06-18,71.19999694824219,2061126.0,trade_group_exact,high,False,legacy_subindustry_rule,medium,official_code_fallback,1442.0,cap_1001_plus,0.2700101317122594,2372513724.0,2.372513724,47073685.0,2026-06-10,TPEX daily market value shares * close; API MarketValue retained for audit
6263.TWO,6263,TPEX,普萊德,27,通信網路業,networking_general,networking,opto_comm,netcom_general,member,False,networking,networking_general,networking_general__small,small,1291,0.4289508632138114,7365470.0,12200376.133333333,120.0,2026-06-18,165.0,367100.0,trade_group_exact,high,False,legacy_subindustry_rule,medium,official_code_fallback,684.0,cap_501_1000,0.6540020263424519,10125156168.0,10.125156168,62500964.0,2026-06-10,TPEX daily market value shares * close; API MarketValue retained for audit
6218.TWO,6218,TPEX,豪勉,27,通信網路業,networking_general,networking,opto_comm,netcom_general,member,False,networking,networking_general,networking_general__small,small,1293,0.4280655157149181,7344490.762341499,28135764.75937796,120.0,2026-06-18,35.150001525878906,648000.0,trade_group_exact,high,False,legacy_subindustry_rule,medium,official_code_fallback,1508.0,cap_1001_plus,0.2365754812563323,2104580500.0,2.1045805,64262000.0,2026-06-10,TPEX daily market value shares * close; API MarketValue retained for audit
8059.TWO,8059,TPEX,凱碩,27,通信網路業,networking_general,networking,opto_comm,netcom_general,member,False,networking,networking_general,networking_general__small,small,1342,0.4063745019920318,6584840.8022995,12429845.665597554,120.0,2026-06-18,17.100000381469727,679000.0,trade_group_exact,high,False,legacy_subindustry_rule,medium,official_code_fallback,1217.0,cap_1001_plus,0.3839918946301924,3492819000.0,3.492819,194045500.0,2026-06-10,TPEX daily market value shares * close; API MarketValue retained for audit
8089.TWO,8089,TPEX,康全電訊,27,通信網路業,networking_general,networking,opto_comm,netcom_general,member,False,networking,networking_general,networking_general__small,small,1360,0.398406374501992,6237625.899999999,9535212.915823828,120.0,2026-06-18,21.149999618530277,551375.0,trade_group_exact,high,False,legacy_subindustry_rule,medium,official_code_fallback,1672.0,cap_1001_plus,0.1534954407294833,1395872885.6999998,1.3958728856999998,65998718.0,2026-06-10,TPEX daily market value shares * close; API MarketValue retained for audit
8097.TWO,8097,TPEX,常珵,27,通信網路業,networking_general,networking,opto_comm,netcom_general,member,False,networking,networking_general,networking_general__small,small,1362,0.3975210270030987,6215249.678207397,7453811.297961852,120.0,2026-06-18,60.29999923706055,111200.0,trade_group_exact,high,False,legacy_subindustry_rule,medium,official_code_fallback,1174.0,cap_1001_plus,0.4057750759878419,3764345612.0,3.764345612,63802468.0,2026-06-10,TPEX daily market value shares * close; API MarketValue retained for audit
6470.TWO,6470,TPEX,宇智,27,通信網路業,networking_general,networking,opto_comm,netcom_general,member,False,networking,networking_general,networking_general__small,small,1369,0.3944223107569721,6006143.582424164,12483603.257049268,120.0,2026-06-18,50.0,56002.0,trade_group_exact,high,False,legacy_subindustry_rule,medium,official_code_fallback,1569.0,cap_1001_plus,0.2056737588652482,1835702670.0,1.83570267,37694100.0,2026-06-10,TPEX daily market value shares * close; API MarketValue retained for audit
3564.TWO,3564,TPEX,其陽,27,通信網路業,networking_general,networking,opto_comm,netcom_general,member,False,networking,networking_general,networking_general__small,small,1396,0.3824701195219123,5652150.136947632,7635810.954361674,120.0,2026-06-18,47.75,226000.0,trade_group_exact,high,False,legacy_subindustry_rule,medium,official_code_fallback,1338.0,cap_1001_plus,0.3226950354609929,2796522630.0,2.79652263,59123100.0,2026-06-10,TPEX daily market value shares * close; API MarketValue retained for audit
3684.TWO,3684,TPEX,榮昌,27,通信網路業,networking_general,networking,opto_comm,netcom_general,member,False,networking,networking_general,networking_general__small,small,1455,0.3563523683045595,4850439.2,9707649.596759535,120.0,2026-06-18,58.59999847412109,46000.0,trade_group_exact,high,False,legacy_subindustry_rule,medium,official_code_fallback,1585.0,cap_1001_plus,0.1975683890577507,1754644272.3,1.7546442723,30304737.0,2026-06-10,TPEX daily market value shares * close; API MarketValue retained for audit
3419.TW,3419,TWSE,譁裕,27,通信網路業,networking_general,networking,opto_comm,netcom_general,member,False,networking,networking_general,networking_general__small,small,1498,0.3373173970783533,4296308.522328377,6431965.7707204735,120.0,2026-06-18,14.399999618530272,259000.0,trade_group_exact,high,False,legacy_subindustry_rule,medium,official_code_fallback,1615.0,cap_1001_plus,0.182370820668693,1650581712.9,1.6505817128999998,120480417.0,2026-06-10,TWSE basic issued common shares * TWSE latest close
6136.TW,6136,TWSE,富爾特,27,通信網路業,networking_general,networking,opto_comm,netcom_general,member,False,networking,networking_general,networking_general__small,small,1576,0.3027888446215139,3504106.1277332306,8027337.664955538,120.0,2026-06-18,25.299999237060547,214914.0,trade_group_exact,high,False,legacy_subindustry_rule,medium,official_code_fallback,1311.0,cap_1001_plus,0.3363728470111449,2923071223.6,2.9230712236,115536412.0,2026-06-10,TWSE basic issued common shares * TWSE latest close
3669.TW,3669,TWSE,圓展,27,通信網路業,networking_general,networking,opto_comm,netcom_general,member,False,networking,networking_general,networking_general__small,small,1587,0.2979194333776007,3414898.240005493,7138951.267047691,120.0,2026-06-18,35.45000076293945,171088.0,trade_group_exact,high,False,legacy_subindustry_rule,medium,official_code_fallback,1259.0,cap_1001_plus,0.3627152988855117,3233614259.9999995,3.2336142599999995,92919950.0,2026-06-10,TWSE basic issued common shares * TWSE latest close
3499.TWO,3499,TPEX,環天科,27,通信網路業,networking_general,networking,opto_comm,netcom_general,member,False,networking,networking_general,networking_general__small,small,1599,0.2926073483842408,3288089.6784935,6218159.559466147,120.0,2026-06-18,14.550000190734863,55277.0,trade_group_exact,high,False,legacy_subindustry_rule,medium,official_code_fallback,1876.0,cap_1001_plus,0.0501519756838906,810816291.0,0.810816291,54970596.0,2026-06-10,TPEX daily market value shares * close; API MarketValue retained for audit
6792.TW,6792,TWSE,詠業,27,通信網路業,networking_general,networking,opto_comm,netcom_general,member,False,networking,networking_general,networking_general__small,small,1640,0.2744577246569278,2901300.022125244,4858846.406551647,120.0,2026-06-18,70.0,173160.0,trade_group_exact,high,False,legacy_subindustry_rule,medium,official_code_fallback,1275.0,cap_1001_plus,0.3546099290780141,3159771450.0,3.15977145,47875325.0,2026-06-10,TWSE basic issued common shares * TWSE latest close
6109.TWO,6109,TPEX,亞元,27,通信網路業,networking_general,networking,opto_comm,netcom_general,member,False,networking,networking_general,networking_general__small,small,1666,0.2629482071713147,2637795.179397583,4120642.433002871,120.0,2026-06-18,11.600000381469728,355571.0,trade_group_exact,high,False,legacy_subindustry_rule,medium,official_code_fallback,1830.0,cap_1001_plus,0.0734549138804457,974862095.4,0.9748620954,87825414.0,2026-06-10,TPEX daily market value shares * close; API MarketValue retained for audit
8176.TWO,8176,TPEX,智捷,27,通信網路業,networking_general,networking,opto_comm,netcom_general,member,False,networking,networking_general,networking_general__small,small,1811,0.1987605135015493,1642626.8864321709,2741558.955979406,120.0,2026-06-18,10.149999618530272,284000.0,trade_group_exact,high,False,legacy_subindustry_rule,medium,official_code_fallback,1896.0,cap_1001_plus,0.0400202634245187,724180100.0,0.7241801,71701000.0,2026-06-10,TPEX daily market value shares * close; API MarketValue retained for audit
5353.TWO,5353,TPEX,台林,27,通信網路業,networking_general,networking,opto_comm,netcom_general,member,False,networking,networking_general,networking_general__small,small,1820,0.1947764497565294,1596887.1366739273,3055158.2489923383,120.0,2026-06-18,32.0,171047.0,trade_group_exact,high,False,legacy_subindustry_rule,medium,official_code_fallback,1401.0,cap_1001_plus,0.2907801418439716,2507821500.0,2.5078215,75765000.0,2026-06-10,TPEX daily market value shares * close; API MarketValue retained for audit
6241.TWO,6241,TPEX,鑫永洋,27,通信網路業,networking_general,networking,opto_comm,netcom_general,member,False,networking,networking_general,networking_general__small,small,1988,0.1204072598494909,807425.0001907349,1155814.8660303014,120.0,2026-06-18,14.350000381469728,546000.0,trade_group_exact,high,False,legacy_subindustry_rule,medium,official_code_fallback,1931.0,cap_1001_plus,0.022289766970618,560050000.0,0.56005,48700000.0,2026-06-10,TPEX daily market value shares * close; API MarketValue retained for audit
3664.TWO,3664,TPEX,安瑞-KY,27,通信網路業,networking_general,networking,opto_comm,netcom_general,member,False,networking,networking_general,networking_general__small,small,2008,0.1115537848605577,752715.0084972382,1159520.4427447922,120.0,2026-06-18,6.75,42000.0,trade_group_exact,high,False,legacy_subindustry_rule,medium,official_code_fallback,1941.0,cap_1001_plus,0.0172239108409321,522323437.02,0.52232343702,71945377.0,2026-06-10,TPEX daily market value shares * close; API MarketValue retained for audit
6674.TW,6674,TWSE,鋐寶科技,27,通信網路業,networking_general,networking,opto_comm,netcom_general,member,False,networking,networking_general,networking_general__small,small,2055,0.0907481186365648,610449.9940872192,1448031.895313724,120.0,2026-06-18,17.450000762939453,28000.0,trade_group_exact,high,False,legacy_subindustry_rule,medium,official_code_fallback,1746.0,cap_1001_plus,0.1160081053698075,1196208999.55,1.19620899955,68550659.0,2026-06-10,TWSE basic issued common shares * TWSE latest close
4905.TWO,4905,TPEX,台聯電,27,通信網路業,networking_general,networking,opto_comm,netcom_general,member,False,networking,networking_general,networking_general__small,small,2091,0.0748118636564851,512688.0179595947,3101490.519870612,120.0,2026-06-18,71.9000015258789,10001.0,trade_group_exact,high,False,legacy_subindustry_rule,medium,official_code_fallback,1489.0,cap_1001_plus,0.2462006079027355,2168169260.4,2.1681692604,29260044.0,2026-06-10,TPEX daily market value shares * close; API MarketValue retained for audit
3095.TWO,3095,TPEX,及成,27,通信網路業,networking_general,networking,opto_comm,netcom_general,member,False,networking,networking_general,networking_general__small,small,2127,0.0588756086764055,409942.05288791656,994377.8458752156,120.0,2026-06-18,39.0,7416.0,trade_group_exact,high,False,legacy_subindustry_rule,medium,official_code_fallback,1959.0,cap_1001_plus,0.0081053698074974,400000000.0,0.4,10000000.0,2026-06-10,TPEX daily market value shares * close; API MarketValue retained for audit
3672.TWO,3672,TPEX,康聯訊,27,通信網路業,networking_general,networking,opto_comm,netcom_general,member,False,networking,networking_general,networking_general__small,small,2130,0.0575475874280655,393568.5501909256,817427.9293320497,120.0,2026-06-18,12.050000190734863,26000.0,trade_group_exact,high,False,legacy_subindustry_rule,medium,official_code_fallback,1947.0,cap_1001_plus,0.0141843971631205,481326425.0,0.481326425,40790375.0,2026-06-10,TPEX daily market value shares * close; API MarketValue retained for audit
8101.TW,8101,TWSE,華冠,27,通信網路業,networking_general,networking,opto_comm,netcom_general,member,False,networking,networking_general,networking_general__small,small,2219,0.0181496237273129,112662.69869232178,242915.8409952164,120.0,2026-06-18,14.449999809265137,4120.0,trade_group_exact,high,False,legacy_subindustry_rule,medium,official_code_fallback,1859.0,cap_1001_plus,0.0587639311043566,865959185.6,0.8659591856000001,52166216.0,2026-06-10,TWSE basic issued common shares * TWSE latest close
3632.TWO,3632,TPEX,研勤,27,通信網路業,networking_general,networking,opto_comm,netcom_general,member,False,networking,networking_general,networking_general__small,small,2230,0.0132802124833997,91256.22157526016,275515.13760100363,120.0,2026-06-18,8.119999885559082,22826.0,trade_group_exact,high,False,legacy_subindustry_rule,medium,official_code_fallback,1967.0,cap_1001_plus,0.0040526849037487,332024672.55999994,0.3320246725599999,40889738.0,2026-06-10,TPEX daily market value shares * close; API MarketValue retained for audit
2345.TW,2345,TWSE,智邦,27,通信網路業,networking_switch,networking,opto_comm,netcom,core_leader,True,networking,networking_switch,networking_switch__large,large,22,0.9907038512616202,6264690997.5,7007536005.791667,120.0,2026-06-18,2435.0,4075666.0,trade_group_exact,high,False,exact_symbol,high,exact_symbol,14.0,cap_001_050,0.9934143870314084,1327043826405.0,1327.043826405,561117897.0,2026-06-10,TWSE basic issued common shares * TWSE latest close
6285.TW,6285,TWSE,啟碁,27,通信網路業,networking_switch,networking,opto_comm,netcom,member,False,networking,networking_switch,networking_switch__large,large,63,0.9725542275343072,2337752377.5,3711003036.602819,120.0,2026-06-18,274.0,15233677.0,trade_group_exact,high,False,exact_symbol,high,exact_symbol,115.0,cap_101_250,0.9422492401215804,130589204130.0,130.58920413,483663719.0,2026-06-10,TWSE basic issued common shares * TWSE latest close
2485.TW,2485,TWSE,兆赫,27,通信網路業,networking_switch,networking,opto_comm,netcom,member,False,networking,networking_switch,networking_switch__mid_large,mid_large,108,0.9526339088092076,1234595241.8448343,2204114275.6586776,120.0,2026-06-18,61.70000076293945,8229456.0,trade_group_exact,high,False,legacy_subindustry_rule,medium,exact_symbol,430.0,cap_251_500,0.7826747720364742,20141484945.8,20.1414849458,317689037.0,2026-06-10,TWSE basic issued common shares * TWSE latest close
5388.TW,5388,TWSE,中磊,27,通信網路業,networking_switch,networking,opto_comm,netcom,leader,True,networking,networking_switch,networking_switch__mid,mid,373,0.8353253652058433,191729218.1194229,262037250.6037725,120.0,2026-06-18,84.19999694824219,3051340.0,trade_group_exact,high,False,exact_symbol,high,exact_symbol,360.0,cap_251_500,0.8181357649442755,25564773528.0,25.564773528,304342542.0,2026-06-10,TWSE basic issued common shares * TWSE latest close
3596.TW,3596,TWSE,智易,27,通信網路業,networking_switch,networking,opto_comm,netcom,member,False,networking,networking_switch,networking_switch__mid,mid,374,0.8348826914563966,191609596.5,257935335.26666668,120.0,2026-06-18,191.5,3810135.0,trade_group_exact,high,False,legacy_subindustry_rule,medium,exact_symbol,271.0,cap_251_500,0.8632218844984803,40655372224.5,40.6553722245,220354321.0,2026-06-10,TWSE basic issued common shares * TWSE latest close
4906.TW,4906,TWSE,正文,27,通信網路業,networking_switch,networking,opto_comm,netcom,leader,True,networking,networking_switch,networking_switch__mid,mid,509,0.7751217352810978,107785189.97275545,543939140.8271999,120.0,2026-06-18,43.79999923706055,7305441.0,trade_group_exact,high,False,exact_symbol,high,exact_symbol,460.0,cap_251_500,0.7674772036474165,18130486720.05,18.13048672005,436353471.0,2026-06-10,TWSE basic issued common shares * TWSE latest close
3062.TW,3062,TWSE,建漢,27,通信網路業,networking_switch,networking,opto_comm,netcom,member,False,networking,networking_switch,networking_switch__small_mid,small_mid,527,0.767153607791058,99807319.930748,232055152.971948,120.0,2026-06-18,25.950000762939453,4992112.0,trade_group_exact,high,False,legacy_subindustry_rule,medium,exact_symbol,783.0,cap_501_1000,0.6038500506585613,8351322995.400001,8.3513229954,330091818.0,2026-06-10,TWSE basic issued common shares * TWSE latest close
3704.TW,3704,TWSE,合勤控,27,通信網路業,networking_switch,networking,opto_comm,netcom,member,False,networking,networking_switch,networking_switch__small_mid,small_mid,554,0.7552014165559983,88764117.17793465,137753194.7377313,120.0,2026-06-18,48.25,4967924.0,trade_group_exact,high,False,legacy_subindustry_rule,medium,exact_symbol,450.0,cap_251_500,0.7725430597771024,18715795898.5,18.7157958985,415444970.0,2026-06-10,TWSE basic issued common shares * TWSE latest close
2419.TW,2419,TWSE,仲琦,27,通信網路業,networking_switch,networking,opto_comm,netcom,member,False,networking,networking_switch,networking_switch__small_mid,small_mid,617,0.7273129703408587,67246738.11066246,190706990.7643039,120.0,2026-06-18,29.450000762939453,1138348.0,trade_group_exact,high,False,legacy_subindustry_rule,medium,exact_symbol,754.0,cap_501_1000,0.6185410334346504,8948684827.65,8.94868482765,321317229.0,2026-06-10,TWSE basic issued common shares * TWSE latest close
3025.TW,3025,TWSE,星通,27,通信網路業,networking_switch,networking,opto_comm,netcom,member,False,networking,networking_switch,networking_switch__small_mid,small_mid,662,0.7073926516157591,54695651.98602295,95401703.1608009,120.0,2026-06-18,71.0,350154.0,trade_group_exact,high,False,legacy_subindustry_rule,medium,exact_symbol,1154.0,cap_1001_plus,0.4159067882472138,3914814360.0,3.91481436,56736440.0,2026-06-10,TWSE basic issued common shares * TWSE latest close
6245.TWO,6245,TPEX,立端,27,通信網路業,networking_switch,networking,opto_comm,netcom,member,False,networking,networking_switch,networking_switch__small_mid,small_mid,675,0.7016378928729526,51641449.0,65862749.91362638,120.0,2026-06-18,81.5,501106.0,trade_group_exact,high,False,legacy_subindustry_rule,medium,exact_symbol,603.0,cap_501_1000,0.6950354609929078,12461705755.0,12.461705755,146608303.0,2026-06-10,TPEX daily market value shares * close; API MarketValue retained for audit
6152.TW,6152,TWSE,百一,27,通信網路業,networking_switch,networking,opto_comm,netcom,member,False,networking,networking_switch,networking_switch__small_mid,small_mid,716,0.6834882691456396,42322486.20281792,62067359.12564257,120.0,2026-06-18,14.5,1120000.0,trade_group_exact,high,False,legacy_subindustry_rule,medium,exact_symbol,1413.0,cap_1001_plus,0.2847011144883485,2465755406.1,2.4657554061,167738463.0,2026-06-10,TWSE basic issued common shares * TWSE latest close
2332.TW,2332,TWSE,友訊,27,通信網路業,networking_switch,networking,opto_comm,netcom,member,False,networking,networking_switch,networking_switch__small_mid,small_mid,734,0.6755201416555998,39185149.46016598,48737640.09089461,120.0,2026-06-18,20.049999237060547,16805678.0,trade_group_exact,high,False,legacy_subindustry_rule,medium,exact_symbol,725.0,cap_501_1000,0.6332320162107397,9393857818.8,9.3938578188,602170373.0,2026-06-10,TWSE basic issued common shares * TWSE latest close
8034.TWO,8034,TPEX,榮群,27,通信網路業,networking_switch,networking,opto_comm,netcom,member,False,networking,networking_switch,networking_switch__small,small,901,0.601593625498008,23531530.59694386,47773507.90385412,120.0,2026-06-18,23.399999618530277,256500.0,trade_group_exact,high,False,legacy_subindustry_rule,medium,exact_symbol,1701.0,cap_1001_plus,0.1388044579533941,1324120660.1999998,1.3241206601999995,56586353.0,2026-06-10,TPEX daily market value shares * close; API MarketValue retained for audit
3047.TW,3047,TWSE,訊舟,27,通信網路業,networking_switch,networking,opto_comm,netcom,member,False,networking,networking_switch,networking_switch__small,small,919,0.593625498007968,21799378.5584507,37589252.23708518,120.0,2026-06-18,16.649999618530273,8117251.0,trade_group_exact,high,False,legacy_subindustry_rule,medium,exact_symbol,1214.0,cap_1001_plus,0.3855116514690982,3506281084.8,3.5062810848,224761608.0,2026-06-10,TWSE basic issued common shares * TWSE latest close
6416.TW,6416,TWSE,瑞祺電通,27,通信網路業,networking_switch,networking,opto_comm,netcom,member,False,networking,networking_switch,networking_switch__small,small,1054,0.5338645418326693,15434692.0,18423128.86388696,120.0,2026-06-18,83.69999694824219,203000.0,trade_group_exact,high,False,legacy_subindustry_rule,medium,exact_symbol,945.0,cap_501_1000,0.5217831813576495,5992569182.0,5.992569182,73348460.0,2026-06-10,TWSE basic issued common shares * TWSE latest close
3027.TW,3027,TWSE,盛達,27,通信網路業,networking_switch,networking,opto_comm,netcom,member,False,networking,networking_switch,networking_switch__small,small,1303,0.4236387782204515,7121463.195739746,17157248.13271774,120.0,2026-06-18,21.0,436075.0,trade_group_exact,high,False,legacy_subindustry_rule,medium,exact_symbol,1370.0,cap_1001_plus,0.306484295845998,2651190099.6,2.6511900996,129960299.0,2026-06-10,TWSE basic issued common shares * TWSE latest close
2444.TW,2444,TWSE,兆勁,27,通信網路業,networking_switch,networking,opto_comm,netcom,member,False,networking,networking_switch,networking_switch__small,small,1383,0.3882248782647188,5821941.538018227,10028416.95194505,120.0,2026-06-18,13.399999618530272,664177.0,trade_group_exact,high,False,legacy_subindustry_rule,medium,exact_symbol,1703.0,cap_1001_plus,0.1377912867274568,1315325970.35,1.31532597035,101569573.0,2026-06-10,TWSE basic issued common shares * TWSE latest close
8071.TWO,8071,TPEX,能率網通,28,電子零組件業,networking_switch,networking,opto_comm,netcom,member,False,networking,networking_switch,networking_switch__small,small,1504,0.3346613545816733,4255315.696146965,5980673.781209164,120.0,2026-06-18,29.399999618530277,4742708.0,trade_group_exact,high,False,legacy_subindustry_rule,medium,name_keyword,1682.0,cap_1001_plus,0.1484295845997973,1363913224.1,1.3639132240999998,60084283.0,2026-06-10,TPEX daily market value shares * close; API MarketValue retained for audit
6142.TW,6142,TWSE,友勁,27,通信網路業,networking_switch,networking,opto_comm,netcom,member,False,networking,networking_switch,networking_switch__small,small,1522,0.3266932270916335,4012949.242474557,5993022.124912786,120.0,2026-06-18,9.609999656677246,4557682.0,trade_group_exact,high,False,legacy_subindustry_rule,medium,exact_symbol,1346.0,cap_1001_plus,0.3186423505572442,2745467484.5,2.7454674845,330779215.0,2026-06-10,TWSE basic issued common shares * TWSE latest close
6216.TW,6216,TWSE,居易,27,通信網路業,networking_switch,networking,opto_comm,netcom,member,False,networking,networking_switch,networking_switch__small,small,1623,0.2819831783975211,3034392.278603554,4984520.044628429,120.0,2026-06-18,23.200000762939453,418190.0,trade_group_exact,high,False,legacy_subindustry_rule,medium,exact_symbol,1488.0,cap_1001_plus,0.2467071935157041,2172383068.8,2.1723830688,96981387.0,2026-06-10,TWSE basic issued common shares * TWSE latest close
2314.TW,2314,TWSE,台揚,27,通信網路業,netcom_satellite,networking,opto_comm,netcom_satellite,member,False,networking,satellite_networking,satellite_networking__small,small,1476,0.3470562195661797,4546468.003289224,6040701.679907648,120.0,2026-06-18,14.949999809265137,344755.0,trade_group_exact,high,False,legacy_subindustry_rule,medium,exact_symbol,1616.0,cap_1001_plus,0.1818642350557244,1650265862.1,1.6502658621,106126422.0,2026-06-10,TWSE basic issued common shares * TWSE latest close
2412.TW,2412,TWSE,中華電,27,通信網路業,telecom_carrier,networking,opto_comm,telecom_carrier,member,False,networking,telecom_carrier,telecom_carrier__mid_large,mid_large,131,0.9424524125719344,1001418783.0,1180492374.045833,120.0,2026-06-18,144.0,9899868.0,trade_group_exact,high,False,legacy_subindustry_rule,medium,exact_symbol,17.0,cap_001_050,0.9918946301925026,1117072302480.0,1117.07230248,7757446545.0,2026-06-10,TWSE basic issued common shares * TWSE latest close
3045.TW,3045,TWSE,台灣大,27,通信網路業,telecom_carrier,networking,opto_comm,telecom_carrier,member,False,networking,telecom_carrier,telecom_carrier__mid_large,mid_large,158,0.9305002213368748,777004295.0,998100138.1125,120.0,2026-06-18,119.0,8102491.0,trade_group_exact,high,False,legacy_subindustry_rule,medium,exact_symbol,45.0,cap_001_050,0.977710233029382,439344893698.0,439.344893698,3723261811.0,2026-06-10,TWSE basic issued common shares * TWSE latest close
4904.TW,4904,TWSE,遠傳,27,通信網路業,telecom_carrier,networking,opto_comm,telecom_carrier,member,False,networking,telecom_carrier,telecom_carrier__mid_large,mid_large,213,0.9061531651173086,502546502.25,542549629.4034752,120.0,2026-06-18,108.5,42274753.0,trade_group_exact,high,False,legacy_subindustry_rule,medium,exact_symbol,50.0,cap_001_050,0.975177304964539,384220620520.5,384.2206205205,3607705357.0,2026-06-10,TWSE basic issued common shares * TWSE latest close
2450.TW,2450,TWSE,神腦,27,通信網路業,telecom_channel,networking,opto_comm,telecom_channel,member,False,networking,telecom_channel,telecom_channel__small,small,1619,0.2837538733953076,3061676.2497425084,3741886.5247567017,120.0,2026-06-18,29.149999618530277,297111.0,trade_group_exact,high,False,legacy_subindustry_rule,medium,exact_symbol,807.0,cap_501_1000,0.591691995947315,7954181835.6,7.9541818356,258252657.0,2026-06-10,TWSE basic issued common shares * TWSE latest close
2321.TW,2321,TWSE,東訊,27,通信網路業,netcom_telecom_equipment,networking,opto_comm,netcom_telecom_equipment,member,False,networking,telecom_equipment,telecom_equipment__small,small,2241,0.0084108012394864,61491.850996017456,155171.3643179973,120.0,2026-06-18,14.050000190734863,6186.0,trade_group_exact,high,False,legacy_subindustry_rule,medium,exact_symbol,1960.0,cap_1001_plus,0.0075987841945288,399589462.8,0.3995894627999999,30271929.0,2026-06-10,TWSE basic issued common shares * TWSE latest close
2424.TW,2424,TWSE,隴華,27,通信網路業,media_telecom_service,networking,opto_comm,media_telecom_service,member,False,networking,telecom_service,telecom_service__small,small,1778,0.213368747233289,1839358.614172936,3127431.617487669,120.0,2026-06-18,10.600000381469728,126000.0,trade_group_exact,high,False,legacy_subindustry_rule,medium,exact_symbol,1919.0,cap_1001_plus,0.0283687943262411,652455750.0,0.65245575,59585000.0,2026-06-10,TWSE basic issued common shares * TWSE latest close
2461.TW,2461,TWSE,光群雷,31,其他電子業,opto_laser_material,optical,opto_comm,opto_laser_material,member,False,optical,laser_material,laser_material__small,small,1304,0.4231961044710048,7115137.625,10314715.01955649,120.0,2026-06-18,18.399999618530277,1119571.0,trade_group_exact,high,False,legacy_subindustry_rule,medium,exact_symbol,1181.0,cap_1001_plus,0.4022289766970618,3732220880.35,3.73222088035,191887963.0,2026-06-10,TWSE basic issued common shares * TWSE latest close
4979.TWO,4979,TPEX,華星光,27,通信網路業,optical_communication,optical,opto_comm,optical_communication,leader,True,optical,optical_communication,optical_communication__large,large,20,0.9915891987605135,6382841767.25,6691702121.0875,120.0,2026-06-18,567.0,7435778.0,trade_group_exact,high,False,exact_symbol,high,exact_symbol,181.0,cap_101_250,0.9088145896656536,71749079136.0,71.749079136,142359284.0,2026-06-10,TPEX daily market value shares * close; API MarketValue retained for audit
6442.TW,6442,TWSE,光聖,27,通信網路業,optical_communication,optical,opto_comm,optical_communication,leader,True,optical,optical_communication,optical_communication__large,large,40,0.9827357237715804,4249068375.0,4672374492.533334,120.0,2026-06-18,1945.0,576314.0,trade_group_exact,high,False,exact_symbol,high,exact_symbol,108.0,cap_101_250,0.9457953394123608,147558514320.0,147.55851432,78073288.0,2026-06-10,TWSE basic issued common shares * TWSE latest close
3450.TW,3450,TWSE,聯鈞,24,半導體業,optical_communication,optical,opto_comm,optical_communication,leader,True,optical,optical_communication,optical_communication__large,large,47,0.9796370075254536,3244300899.5,4447884601.533334,120.0,2026-06-18,565.0,15072898.0,trade_group_exact,high,False,exact_symbol,high,exact_symbol,185.0,cap_101_250,0.9067882472137792,68761612304.0,68.761612304,145681382.0,2026-06-10,TWSE basic issued common shares * TWSE latest close
2455.TW,2455,TWSE,全新,27,通信網路業,optical_communication,optical,opto_comm,optical_communication,member,False,optical,optical_communication,optical_communication__mid_large,mid_large,97,0.9575033200531208,1406297368.75,2691252687.175,120.0,2026-06-18,416.0,24842706.0,trade_group_exact,high,False,legacy_subindustry_rule,medium,exact_symbol,189.0,cap_101_250,0.9047619047619048,65734053849.0,65.734053849,184905918.0,2026-06-10,TWSE basic issued common shares * TWSE latest close
3363.TWO,3363,TPEX,上詮,27,通信網路業,optical_communication,optical,opto_comm,optical_communication,member,False,optical,optical_communication,optical_communication__mid_large,mid_large,98,0.9570606463036742,1372842010.5,2000451775.8739808,120.0,2026-06-18,712.0,2761678.0,trade_group_exact,high,False,legacy_subindustry_rule,medium,exact_symbol,159.0,cap_101_250,0.9199594731509624,84889503549.0,84.889503549,113640567.0,2026-06-10,TPEX daily market value shares * close; API MarketValue retained for audit
4977.TW,4977,TWSE,眾達-KY,27,通信網路業,optical_communication,optical,opto_comm,optical_communication,member,False,optical,optical_communication,optical_communication__mid_large,mid_large,105,0.9539619300575476,1284964451.25,1643707238.0465746,120.0,2026-06-18,184.5,2287272.0,trade_group_exact,high,False,legacy_subindustry_rule,medium,exact_symbol,549.0,cap_501_1000,0.7223910840932117,14113412016.0,14.113412016,80189841.0,2026-06-10,TWSE basic issued common shares * TWSE latest close
3163.TWO,3163,TPEX,波若威,27,通信網路業,optical_communication,optical,opto_comm,optical_communication,member,False,optical,optical_communication,optical_communication__mid_large,mid_large,121,0.9468791500664012,1105603365.0,2741890919.141667,120.0,2026-06-18,893.0,4567418.0,trade_group_exact,high,False,exact_symbol,high,exact_symbol,182.0,cap_101_250,0.9083080040526847,71198015044.0,71.198015044,80540741.0,2026-06-10,TPEX daily market value shares * close; API MarketValue retained for audit
4908.TWO,4908,TPEX,前鼎,27,通信網路業,optical_communication,optical,opto_comm,optical_communication,member,False,optical,optical_communication,optical_communication__mid,mid,477,0.7892872952633909,119754138.50828552,328139925.0132274,120.0,2026-06-18,212.0,1862614.0,trade_group_exact,high,False,legacy_subindustry_rule,medium,exact_symbol,503.0,cap_501_1000,0.745694022289767,15643381400.0,15.6433814,78216907.0,2026-06-10,TPEX daily market value shares * close; API MarketValue retained for audit
3008.TW,3008,TWSE,大立光,26,光電業,optical_lens,optical,opto_comm,panel_led_lens,core_leader,True,optical,optical_lens,optical_lens__mid_large,mid_large,92,0.959716688800354,1556627480.0,2201066237.0416665,120.0,2026-06-18,5195.0,2793257.0,trade_group_exact,high,False,exact_symbol,high,exact_symbol,35.0,cap_001_050,0.982776089159068,540196553610.0,540.19655361,130798197.0,2026-06-10,TWSE basic issued common shares * TWSE latest close
9105.TW,9105,TWSE,泰金寶-DR,91,存託憑證,dr,other,other,dr,member,False,other,dr,dr__small_mid,small_mid,603,0.733510402833112,70649169.75868082,107824921.61240806,120.0,2026-06-18,9.529999732971191,45487091.0,trade_group_exact,high,False,legacy_subindustry_rule,medium,official_code_fallback,146.0,cap_101_250,0.9265450861195542,96453526130.13,96.45352613013,10450002831.0,2026-06-10,TWSE basic issued common shares * TWSE latest close
9136.TW,9136,TWSE,巨騰-DR,91,存託憑證,dr,other,other,dr,member,False,other,dr,dr__small,small,1615,0.2855245683930942,3100225.020170212,11583290.525242357,120.0,2026-06-18,16.700000762939453,1389300.0,trade_group_exact,high,False,legacy_subindustry_rule,medium,official_code_fallback,467.0,cap_251_500,0.7639311043566362,17820125408.25,17.82012540825,1200008445.0,2026-06-10,TWSE basic issued common shares * TWSE latest close
9103.TW,9103,TWSE,美德醫療-DR,91,存託憑證,dr,other,other,dr,member,False,other,dr,dr__small,small,1616,0.2850818946436476,3085290.2679800987,5323939.545094184,120.0,2026-06-18,5.329999923706055,1441500.0,trade_group_exact,high,False,legacy_subindustry_rule,medium,official_code_fallback,1260.0,cap_1001_plus,0.3622087132725431,3230538091.2,3.2305380912,549411240.0,2026-06-10,TWSE basic issued common shares * TWSE latest close
9110.TW,9110,TWSE,越南控-DR,91,存託憑證,dr,other,other,dr,member,False,other,dr,dr__small,small,2234,0.0115095174856131,74039.9980545044,106638.79136011998,120.0,2026-06-18,3.400000095367432,29000.0,trade_group_exact,high,False,legacy_subindustry_rule,medium,official_code_fallback,1287.0,cap_1001_plus,0.3485309017223911,3086112000.0,3.086112,907680000.0,2026-06-10,TWSE basic issued common shares * TWSE latest close
910322.TW,910322,TWSE,康師傅-DR,91,存託憑證,dr,other,other,dr,member,False,other,dr,dr__missing_price,missing_price,999999,,0.0,,,,,,trade_group_exact,high,False,legacy_subindustry_rule,medium,official_code_fallback,119.0,cap_101_250,0.9402228976697062,121404960000.00002,121.40496000000002,5620600000.0,2026-06-10,TWSE basic issued common shares * TWSE latest close
910861.TW,910861,TWSE,神州-DR,91,存託憑證,dr,other,other,dr,member,False,other,dr,dr__missing_price,missing_price,999999,,0.0,,,,,,trade_group_exact,high,False,legacy_subindustry_rule,medium,official_code_fallback,821.0,cap_501_1000,0.5845997973657548,7631649680.159999,7.631649680159999,1673607386.0,2026-06-10,TWSE basic issued common shares * TWSE latest close
911608.TW,911608,TWSE,明輝-DR,91,存託憑證,dr,other,other,dr,member,False,other,dr,dr__missing_price,missing_price,999999,,0.0,,,,,,trade_group_exact,high,False,legacy_subindustry_rule,medium,official_code_fallback,1661.0,cap_1001_plus,0.1590678824721377,1430400000.0,1.4304,480000000.0,2026-06-10,TWSE basic issued common shares * TWSE latest close
911622.TW,911622,TWSE,泰聚亨-DR,91,存託憑證,dr,other,other,dr,member,False,other,dr,dr__missing_price,missing_price,999999,,0.0,,,,,,trade_group_exact,high,False,legacy_subindustry_rule,medium,official_code_fallback,1469.0,cap_1001_plus,0.2563323201621074,2243775864.0,2.243775864,596748900.0,2026-06-10,TWSE basic issued common shares * TWSE latest close
911868.TW,911868,TWSE,同方友友-DR,91,存託憑證,dr,other,other,dr,member,False,other,dr,dr__missing_price,missing_price,999999,,0.0,,,,,,trade_group_exact,high,False,legacy_subindustry_rule,medium,official_code_fallback,1365.0,cap_1001_plus,0.3090172239108409,2678637539.59,2.67863753959,2109163417.0,2026-06-10,TWSE basic issued common shares * TWSE latest close
912000.TW,912000,TWSE,晨訊科-DR,91,存託憑證,dr,other,other,dr,member,False,other,dr,dr__missing_price,missing_price,999999,,0.0,,,,,,trade_group_exact,high,False,legacy_subindustry_rule,medium,official_code_fallback,891.0,cap_501_1000,0.5491388044579534,6662380566.0,6.662380566,2362546300.0,2026-06-10,TWSE basic issued common shares * TWSE latest close
5871.TW,5871,TWSE,中租-KY,20,其他,misc_general,other,other,misc_general,member,False,other,misc_general,misc_general__mid_large,mid_large,174,0.9234174413457282,669554010.0,823754040.575,120.0,2026-06-18,114.0,15936680.0,trade_group_exact,high,True,legacy_subindustry_rule,low,official_code_fallback,86.0,cap_051_100,0.9569402228976696,204514828739.5,204.5148287395,1711421161.0,2026-06-10,TWSE basic issued common shares * TWSE latest close
8033.TW,8033,TWSE,雷虎,20,其他,misc_general,other,other,misc_general,member,False,other,misc_general,misc_general__mid_large,mid_large,214,0.905710491367862,501722654.75,918757378.35,120.0,2026-06-18,129.5,2789233.0,trade_group_exact,high,True,legacy_subindustry_rule,low,official_code_fallback,439.0,cap_251_500,0.7781155015197568,19689240975.0,19.689240975,152629775.0,2026-06-10,TWSE basic issued common shares * TWSE latest close
5314.TWO,5314,TPEX,世紀*,20,其他,misc_general,other,other,misc_general,member,False,other,misc_general,misc_general__mid,mid,228,0.8995130588756086,448419340.7679062,595084427.0194182,120.0,2026-06-18,59.0,2642360.0,trade_group_exact,high,True,legacy_subindustry_rule,low,official_code_fallback,477.0,cap_251_500,0.7588652482269503,17169600000.0,17.1696,292000000.0,2026-06-10,TPEX daily market value shares * close; API MarketValue retained for audit
5284.TW,5284,TWSE,jpp-KY,20,其他,misc_general,other,other,misc_general,member,False,other,misc_general,misc_general__mid,mid,257,0.8866755201416556,384996690.5,563906452.3875,120.0,2026-06-18,405.0,703245.0,trade_group_exact,high,True,legacy_subindustry_rule,low,official_code_fallback,443.0,cap_251_500,0.7760891590678825,19200043929.0,19.200043929,52892683.0,2026-06-10,TWSE basic issued common shares * TWSE latest close
8932.TWO,8932,TPEX,智通*,20,其他,misc_general,other,other,misc_general,member,False,other,misc_general,misc_general__mid,mid,409,0.8193891102257636,165908440.5,292764871.5627605,120.0,2026-06-18,100.0,2078525.0,trade_group_exact,high,True,legacy_subindustry_rule,low,official_code_fallback,290.0,cap_251_500,0.853596757852077,35295179802.4,35.2951798024,357963284.0,2026-06-10,TPEX daily market value shares * close; API MarketValue retained for audit
9945.TW,9945,TWSE,潤泰新,20,其他,misc_general,other,other,misc_general,member,False,other,misc_general,misc_general__mid,mid,450,0.8012394864984507,132488951.053525,162285225.24930248,120.0,2026-06-18,27.5,17274894.0,trade_group_exact,high,True,legacy_subindustry_rule,low,official_code_fallback,178.0,cap_101_250,0.9103343465045592,74376485998.9,74.3764859989,2844225086.0,2026-06-10,TWSE basic issued common shares * TWSE latest close
9933.TW,9933,TWSE,中鼎,20,其他,misc_general,other,other,misc_general,member,False,other,misc_general,misc_general__mid,mid,468,0.7932713590084108,122422336.5063572,170778588.25323516,120.0,2026-06-18,42.650001525878906,4169922.0,trade_group_exact,high,True,legacy_subindustry_rule,low,official_code_fallback,285.0,cap_251_500,0.85612968591692,36466599856.5,36.4665998565,900409873.0,2026-06-10,TWSE basic issued common shares * TWSE latest close
9941.TW,9941,TWSE,裕融,20,其他,misc_general,other,other,misc_general,member,False,other,misc_general,misc_general__mid,mid,491,0.7830898627711377,114817747.75653076,126475936.76790544,120.0,2026-06-18,81.4000015258789,1361571.0,trade_group_exact,high,True,legacy_subindustry_rule,low,official_code_fallback,231.0,cap_101_250,0.8834853090172239,49734980294.4,49.7349802944,575636346.0,2026-06-10,TWSE basic issued common shares * TWSE latest close
9939.TW,9939,TWSE,宏全,20,其他,misc_general,other,other,misc_general,member,False,other,misc_general,misc_general__mid,mid,495,0.7813191677733511,113607767.5,132011469.05833334,120.0,2026-06-18,134.0,1048897.0,trade_group_exact,high,True,legacy_subindustry_rule,low,official_code_fallback,280.0,cap_251_500,0.8586626139817629,38600134987.5,38.6001349875,295786475.0,2026-06-10,TWSE basic issued common shares * TWSE latest close
8936.TWO,8936,TPEX,國統,20,其他,misc_general,other,other,misc_general,member,False,other,misc_general,misc_general__small_mid,small_mid,559,0.7529880478087649,86933719.99554443,120888301.66877052,120.0,2026-06-18,58.09999847412109,8836028.0,trade_group_exact,high,True,legacy_subindustry_rule,low,official_code_fallback,567.0,cap_501_1000,0.713272543059777,13619490819.3,13.6194908193,248078157.0,2026-06-10,TPEX daily market value shares * close; API MarketValue retained for audit
9938.TW,9938,TWSE,百和,20,其他,misc_general,other,other,misc_general,member,False,other,misc_general,misc_general__small_mid,small_mid,626,0.7233289065958388,64050278.19768906,70420409.99437653,120.0,2026-06-18,44.0,1322055.0,trade_group_exact,high,True,legacy_subindustry_rule,low,official_code_fallback,565.0,cap_501_1000,0.7142857142857143,13706339492.0,13.706339492,297963902.0,2026-06-10,TWSE basic issued common shares * TWSE latest close
9907.TW,9907,TWSE,統一實,20,其他,misc_general,other,other,misc_general,member,False,other,misc_general,misc_general__small_mid,small_mid,661,0.7078353253652059,54772951.92099096,71114514.2194799,120.0,2026-06-18,16.700000762939453,11065333.0,trade_group_exact,high,True,legacy_subindustry_rule,low,official_code_fallback,349.0,cap_251_500,0.8237082066869301,26371727211.4,26.3717272114,1579145342.0,2026-06-10,TWSE basic issued common shares * TWSE latest close
9917.TW,9917,TWSE,中保科,20,其他,misc_general,other,other,misc_general,member,False,other,misc_general,misc_general__small_mid,small_mid,671,0.7034085878707392,51971650.5,61189066.23333333,120.0,2026-06-18,117.0,1063398.0,trade_group_exact,high,True,legacy_subindustry_rule,low,official_code_fallback,221.0,cap_101_250,0.8885511651469098,53466855520.5,53.4668555205,451197093.0,2026-06-10,TWSE basic issued common shares * TWSE latest close
6592.TW,6592,TWSE,和潤企業,20,其他,misc_general,other,other,misc_general,member,False,other,misc_general,misc_general__small_mid,small_mid,705,0.6883576803895529,45154569.52630234,75006233.49317598,120.0,2026-06-18,65.30000305175781,541520.0,trade_group_exact,high,True,legacy_subindustry_rule,low,official_code_fallback,262.0,cap_251_500,0.8677811550151976,41813398080.3,41.8133980803,623150493.0,2026-06-10,TWSE basic issued common shares * TWSE latest close
6179.TWO,6179,TPEX,亞通,20,其他,misc_general,other,other,misc_general,member,False,other,misc_general,misc_general__small_mid,small_mid,786,0.6525011066843736,31928066.44538784,53001836.61626706,120.0,2026-06-18,26.799999237060547,3738468.0,trade_group_exact,high,True,legacy_subindustry_rule,low,official_code_fallback,1114.0,cap_1001_plus,0.4361702127659574,4246925367.5,4.2469253675,177324650.0,2026-06-10,TPEX daily market value shares * close; API MarketValue retained for audit
7777.TWO,7777,TPEX,能率亞洲,20,其他,misc_general,other,other,misc_general,member,False,other,misc_general,misc_general__small,small,840,0.628596724214254,28273349.53764534,46901315.05865683,120.0,2026-06-18,42.20000076293945,6052602.0,trade_group_exact,high,True,legacy_subindustry_rule,low,official_code_fallback,873.0,cap_501_1000,0.5582573454913881,6971500000.000001,6.971500000000001,182500000.0,2026-06-10,TPEX daily market value shares * close; API MarketValue retained for audit
6199.TWO,6199,TPEX,天品,20,其他,misc_general,other,other,misc_general,member,False,other,misc_general,misc_general__small,small,874,0.6135458167330677,25585141.19836808,40560774.06824468,120.0,2026-06-18,101.0,1851005.0,trade_group_exact,high,True,legacy_subindustry_rule,low,official_code_fallback,948.0,cap_501_1000,0.5202634245187436,5959841737.0,5.959841737,61760018.0,2026-06-10,TPEX daily market value shares * close; API MarketValue retained for audit
8937.TWO,8937,TPEX,合騏*,20,其他,misc_general,other,other,misc_general,member,False,other,misc_general,misc_general__small,small,920,0.5931828242585215,21797563.75,34525819.04826825,120.0,2026-06-18,29.200000762939453,242040.0,trade_group_exact,high,True,legacy_subindustry_rule,low,official_code_fallback,700.0,cap_501_1000,0.6458966565349544,9842310201.6,9.8423102016,431680272.0,2026-06-10,TPEX daily market value shares * close; API MarketValue retained for audit
6957.TW,6957,TWSE,裕慶-KY,20,其他,misc_general,other,other,misc_general,member,False,other,misc_general,misc_general__small,small,969,0.5714918105356352,19334803.25,25138877.575,120.0,2026-06-18,189.5,76200.0,trade_group_exact,high,True,legacy_subindustry_rule,low,official_code_fallback,674.0,cap_501_1000,0.6590678824721378,10491947550.0,10.49194755,55512950.0,2026-06-10,TWSE basic issued common shares * TWSE latest close
1584.TWO,1584,TPEX,精剛,20,其他,misc_general,other,other,misc_general,member,False,other,misc_general,misc_general__small,small,989,0.5626383355467021,18023852.55,22754281.83423393,120.0,2026-06-18,19.649999618530277,737201.0,trade_group_exact,high,True,legacy_subindustry_rule,low,official_code_fallback,1074.0,cap_1001_plus,0.4564336372847011,4544798920.150001,4.544798920150001,232470533.0,2026-06-10,TPEX daily market value shares * close; API MarketValue retained for audit
5530.TWO,5530,TPEX,龍巖,20,其他,misc_general,other,other,misc_general,member,False,other,misc_general,misc_general__small,small,995,0.5599822930500221,17805852.338960648,25491900.437116228,120.0,2026-06-18,49.400001525878906,675021.0,trade_group_exact,high,True,legacy_subindustry_rule,low,official_code_fallback,421.0,cap_251_500,0.7872340425531915,20752159430.6,20.7521594306,420084199.0,2026-06-10,TPEX daily market value shares * close; API MarketValue retained for audit
6625.TW,6625,TWSE,必應,20,其他,misc_general,other,other,misc_general,member,False,other,misc_general,misc_general__small,small,1024,0.547144754316069,16572833.996124268,21938573.08442536,120.0,2026-06-18,79.19999694824219,210036.0,trade_group_exact,high,True,legacy_subindustry_rule,low,official_code_fallback,1101.0,cap_1001_plus,0.4427558257345492,4347936600.0,4.3479366,57972488.0,2026-06-10,TWSE basic issued common shares * TWSE latest close
8404.TW,8404,TWSE,百和興業-KY,20,其他,misc_general,other,other,misc_general,member,False,other,misc_general,misc_general__small,small,1133,0.4988933156263834,11781711.482265474,15504134.33586081,120.0,2026-06-18,16.649999618530273,276921.0,trade_group_exact,high,True,legacy_subindustry_rule,low,official_code_fallback,844.0,cap_501_1000,0.5729483282674772,7327846275.799999,7.327846275799999,419933884.0,2026-06-10,TWSE basic issued common shares * TWSE latest close
6914.TW,6914,TWSE,阜爾運通,20,其他,misc_general,other,other,misc_general,member,False,other,misc_general,misc_general__small,small,1186,0.4754316069057105,10048014.5,12010332.8875,120.0,2026-06-18,142.5,30000.0,trade_group_exact,high,True,legacy_subindustry_rule,low,official_code_fallback,729.0,cap_501_1000,0.6312056737588653,9337866000.0,9.337866,66226000.0,2026-06-10,TWSE basic issued common shares * TWSE latest close
8942.TWO,8942,TPEX,森鉅,20,其他,misc_general,other,other,misc_general,member,False,other,misc_general,misc_general__small,small,1197,0.4705621956617972,9479959.026924131,21587296.9876577,120.0,2026-06-18,42.29999923706055,426509.0,trade_group_exact,high,True,legacy_subindustry_rule,low,official_code_fallback,805.0,cap_501_1000,0.5927051671732523,7973574425.5,7.9735744255,198842255.0,2026-06-10,TPEX daily market value shares * close; API MarketValue retained for audit
6901.TW,6901,TWSE,鑽石投資,20,其他,misc_general,other,other,misc_general,member,False,other,misc_general,misc_general__small,small,1210,0.4648074369189907,9163382.648117064,10917909.520591237,120.0,2026-06-18,16.549999237060547,3566021.0,trade_group_exact,high,True,legacy_subindustry_rule,low,official_code_fallback,562.0,cap_501_1000,0.71580547112462,13731046000.000002,13.731046000000005,852860000.0,2026-06-10,TWSE basic issued common shares * TWSE latest close
9940.TW,9940,TWSE,信義,20,其他,misc_general,other,other,misc_general,member,False,other,misc_general,misc_general__small,small,1237,0.452855245683931,8430060.896503448,11169822.373987932,120.0,2026-06-18,19.850000381469727,1505916.0,trade_group_exact,high,True,legacy_subindustry_rule,low,official_code_fallback,539.0,cap_501_1000,0.7274569402228976,14405349075.0,14.405349075,736846500.0,2026-06-10,TWSE basic issued common shares * TWSE latest close
8935.TWO,8935,TPEX,邦泰,20,其他,misc_general,other,other,misc_general,member,False,other,misc_general,misc_general__small,small,1260,0.4426737494466578,7924288.279314043,12678623.965085285,120.0,2026-06-18,22.75,844001.0,trade_group_exact,high,True,legacy_subindustry_rule,low,official_code_fallback,1419.0,cap_1001_plus,0.2816616008105369,2440142500.0,2.4401425,113495000.0,2026-06-10,TPEX daily market value shares * close; API MarketValue retained for audit
9942.TW,9942,TWSE,茂順,20,其他,misc_general,other,other,misc_general,member,False,other,misc_general,misc_general__small,small,1288,0.4302788844621513,7402085.0,9779828.5,120.0,2026-06-18,118.5,48300.0,trade_group_exact,high,True,legacy_subindustry_rule,low,official_code_fallback,695.0,cap_501_1000,0.6484295845997974,9937777740.0,9.93777774,83161320.0,2026-06-10,TWSE basic issued common shares * TWSE latest close
9925.TW,9925,TWSE,新保,20,其他,misc_general,other,other,misc_general,member,False,other,misc_general,misc_general__small,small,1312,0.4196547144754315,7014919.0,8069893.79462258,120.0,2026-06-18,40.650001525878906,274014.0,trade_group_exact,high,True,legacy_subindustry_rule,low,official_code_fallback,500.0,cap_251_500,0.7472137791286728,15732077963.0,15.732077963,387489605.0,2026-06-10,TWSE basic issued common shares * TWSE latest close
5209.TWO,5209,TPEX,新鼎,20,其他,misc_general,other,other,misc_general,member,False,other,misc_general,misc_general__small,small,1344,0.4054891544931386,6473325.5,8066838.883333334,120.0,2026-06-18,174.5,44015.0,trade_group_exact,high,True,legacy_subindustry_rule,low,official_code_fallback,1028.0,cap_1001_plus,0.4797365754812563,4910831340.0,4.91083134,28551345.0,2026-06-10,TPEX daily market value shares * close; API MarketValue retained for audit
6585.TW,6585,TWSE,鼎基,20,其他,misc_general,other,other,misc_general,member,False,other,misc_general,misc_general__small,small,1361,0.3979637007525454,6220491.60231781,9383630.27687537,120.0,2026-06-18,138.0,737014.0,trade_group_exact,high,True,legacy_subindustry_rule,low,official_code_fallback,743.0,cap_501_1000,0.624113475177305,9088831962.0,9.088831962,72133587.0,2026-06-10,TWSE basic issued common shares * TWSE latest close
5481.TWO,5481,TPEX,新華,20,其他,misc_general,other,other,misc_general,member,False,other,misc_general,misc_general__small,small,1374,0.3922089420097387,5925648.149032594,11869593.111824175,120.0,2026-06-18,22.75,477873.0,trade_group_exact,high,True,legacy_subindustry_rule,low,official_code_fallback,1673.0,cap_1001_plus,0.1529888551165147,1388786229.95,1.38878622995,71402891.0,2026-06-10,TPEX daily market value shares * close; API MarketValue retained for audit
9919.TW,9919,TWSE,康那香,20,其他,misc_general,other,other,misc_general,member,False,other,misc_general,misc_general__small,small,1397,0.3820274457724657,5622676.33683586,10675218.643495737,120.0,2026-06-18,14.0,501680.0,trade_group_exact,high,True,legacy_subindustry_rule,low,official_code_fallback,1347.0,cap_1001_plus,0.3181357649442755,2744846637.5,2.7448466375,195362750.0,2026-06-10,TWSE basic issued common shares * TWSE latest close
9927.TW,9927,TWSE,泰銘,20,其他,misc_general,other,other,misc_general,member,False,other,misc_general,misc_general__small,small,1407,0.3776007082779991,5458568.275680542,6515201.304495557,120.0,2026-06-18,69.4000015258789,36889.0,trade_group_exact,high,True,legacy_subindustry_rule,low,official_code_fallback,791.0,cap_501_1000,0.5997973657548126,8268000000.000001,8.268,120000000.0,2026-06-10,TWSE basic issued common shares * TWSE latest close
5398.TWO,5398,TPEX,慕康生醫,20,其他,misc_general,other,other,misc_general,member,False,other,misc_general,misc_general__small,small,1473,0.3483842408145197,4578757.709864616,7539594.95112319,120.0,2026-06-18,17.850000381469727,53000.0,trade_group_exact,high,True,legacy_subindustry_rule,low,official_code_fallback,1851.0,cap_1001_plus,0.0628166160081054,880485188.0,0.880485188,49465460.0,2026-06-10,TPEX daily market value shares * close; API MarketValue retained for audit
8916.TWO,8916,TPEX,光隆,20,其他,misc_general,other,other,misc_general,member,False,other,misc_general,misc_general__small,small,1495,0.3386454183266932,4314073.668678284,5051064.77651856,120.0,2026-06-18,44.29999923706055,156000.0,trade_group_exact,high,True,legacy_subindustry_rule,low,official_code_fallback,882.0,cap_501_1000,0.5536980749746707,6764744070.0,6.76474407,150327646.0,2026-06-10,TPEX daily market value shares * close; API MarketValue retained for audit
9902.TW,9902,TWSE,台火,20,其他,misc_general,other,other,misc_general,member,False,other,misc_general,misc_general__small,small,1520,0.3275785745905267,4066236.604045868,7260263.488500658,120.0,2026-06-18,13.699999809265137,97987.0,trade_group_exact,high,True,legacy_subindustry_rule,low,official_code_fallback,1691.0,cap_1001_plus,0.14387031408308,1343279520.0,1.34327952,98049600.0,2026-06-10,TWSE basic issued common shares * TWSE latest close
8442.TW,8442,TWSE,威宏-KY,20,其他,misc_general,other,other,misc_general,member,False,other,misc_general,misc_general__small,small,1581,0.3005754758742807,3456949.962615967,4355032.617588552,120.0,2026-06-18,40.29999923706055,79000.0,trade_group_exact,high,True,legacy_subindustry_rule,low,official_code_fallback,1328.0,cap_1001_plus,0.3277608915906788,2845383930.2,2.8453839302,70169764.0,2026-06-10,TWSE basic issued common shares * TWSE latest close
3313.TWO,3313,TPEX,斐成,20,其他,misc_general,other,other,misc_general,member,False,other,misc_general,misc_general__small,small,1612,0.2868525896414342,3133311.9603271484,4797849.562212324,120.0,2026-06-18,12.149999618530272,482000.0,trade_group_exact,high,True,legacy_subindustry_rule,low,official_code_fallback,1341.0,cap_1001_plus,0.3211752786220871,2775229579.05,2.7752295790500003,221133831.0,2026-06-10,TPEX daily market value shares * close; API MarketValue retained for audit
8489.TWO,8489,TPEX,三貝德,20,其他,misc_general,other,other,misc_general,member,False,other,misc_general,misc_general__small,small,1632,0.2779991146525011,2978632.785358429,6373084.245783978,120.0,2026-06-18,22.149999618530277,53356.0,trade_group_exact,high,True,legacy_subindustry_rule,low,official_code_fallback,1683.0,cap_1001_plus,0.1479229989868288,1357843944.0,1.357843944,59948960.0,2026-06-10,TPEX daily market value shares * close; API MarketValue retained for audit
6184.TW,6184,TWSE,大豐電,20,其他,misc_general,other,other,misc_general,member,False,other,misc_general,misc_general__small,small,1662,0.2647189021691013,2682257.4564933777,3381405.487768968,120.0,2026-06-18,46.95000076293945,80010.0,trade_group_exact,high,True,legacy_subindustry_rule,low,official_code_fallback,845.0,cap_501_1000,0.5724417426545085,7318167886.25,7.31816788625,158230657.0,2026-06-10,TWSE basic issued common shares * TWSE latest close
3284.TWO,3284,TPEX,太普高,20,其他,misc_general,other,other,misc_general,member,False,other,misc_general,misc_general__small,small,1733,0.2332890659583887,2185845.511798858,3858400.154449244,120.0,2026-06-18,22.700000762939453,2502145.0,trade_group_exact,high,True,legacy_subindustry_rule,low,official_code_fallback,1503.0,cap_1001_plus,0.2391084093211752,2131680594.45,2.13168059445,108482473.0,2026-06-10,TPEX daily market value shares * close; API MarketValue retained for audit
6504.TW,6504,TWSE,南六,20,其他,misc_general,other,other,misc_general,member,False,other,misc_general,misc_general__small,small,1761,0.2208942009738822,1973275.0358581543,3475727.3783137323,120.0,2026-06-18,36.20000076293945,51000.0,trade_group_exact,high,True,legacy_subindustry_rule,low,official_code_fallback,1387.0,cap_1001_plus,0.2978723404255319,2591820000.0,2.59182,72600000.0,2026-06-10,TWSE basic issued common shares * TWSE latest close
8463.TW,8463,TWSE,潤泰材,20,其他,misc_general,other,other,misc_general,member,False,other,misc_general,misc_general__small,small,1792,0.2071713147410359,1748550.029754639,2320476.366532056,120.0,2026-06-18,21.299999237060547,96000.0,trade_group_exact,high,True,legacy_subindustry_rule,low,official_code_fallback,1248.0,cap_1001_plus,0.3682877406281661,3292500000.0,3.2925,150000000.0,2026-06-10,TWSE basic issued common shares * TWSE latest close
9905.TW,9905,TWSE,大華,20,其他,misc_general,other,other,misc_general,member,False,other,misc_general,misc_general__small,small,1799,0.2040725984949092,1714632.1988353734,2372539.400440407,120.0,2026-06-18,21.049999237060547,97100.0,trade_group_exact,high,True,legacy_subindustry_rule,low,official_code_fallback,914.0,cap_501_1000,0.5374873353596759,6267750000.0,6.26775,305000000.0,2026-06-10,TWSE basic issued common shares * TWSE latest close
6881.TWO,6881,TPEX,潤德,20,其他,misc_general,other,other,misc_general,member,False,other,misc_general,misc_general__small,small,1835,0.1881363435148295,1510364.25,2010432.0541666667,120.0,2026-06-18,241.0,29050.0,trade_group_exact,high,True,legacy_subindustry_rule,low,official_code_fallback,1145.0,cap_1001_plus,0.420466058763931,4012500000.0,4.0125,15000000.0,2026-06-10,TPEX daily market value shares * close; API MarketValue retained for audit
8401.TWO,8401,TPEX,白紗科,20,其他,misc_general,other,other,misc_general,member,False,other,misc_general,misc_general__small,small,1838,0.1868083222664895,1498373.854768753,1950394.8535690785,120.0,2026-06-18,23.0,41000.0,trade_group_exact,high,True,legacy_subindustry_rule,low,official_code_fallback,1626.0,cap_1001_plus,0.1767983789260384,1611254522.4,1.6112545224,70669058.0,2026-06-10,TPEX daily market value shares * close; API MarketValue retained for audit
8906.TWO,8906,TPEX,花王,20,其他,misc_general,other,other,misc_general,member,False,other,misc_general,misc_general__small,small,1860,0.1770694997786631,1384554.5,1898142.832795188,120.0,2026-06-18,31.700000762939453,159050.0,trade_group_exact,high,True,legacy_subindustry_rule,low,official_code_fallback,1759.0,cap_1001_plus,0.1094224924012158,1149375357.0,1.149375357,44037370.0,2026-06-10,TPEX daily market value shares * close; API MarketValue retained for audit
4556.TWO,4556,TPEX,旭然,20,其他,misc_general,other,other,misc_general,member,False,other,misc_general,misc_general__small,small,1869,0.1730854360336432,1332785.962753296,16227938.57374394,120.0,2026-06-18,76.9000015258789,461000.0,trade_group_exact,high,True,legacy_subindustry_rule,low,official_code_fallback,1450.0,cap_1001_plus,0.2659574468085106,2339347052.0,2.339347052,42302840.0,2026-06-10,TPEX daily market value shares * close; API MarketValue retained for audit
6464.TW,6464,TWSE,台數科,20,其他,misc_general,other,other,misc_general,member,False,other,misc_general,misc_general__small,small,1873,0.1713147410358565,1302199.9740600586,1832424.594670296,120.0,2026-06-18,78.0,9000.0,trade_group_exact,high,True,legacy_subindustry_rule,low,official_code_fallback,689.0,cap_501_1000,0.6514690982776089,10044959496.0,10.044959496,128781532.0,2026-06-10,TWSE basic issued common shares * TWSE latest close
8435.TWO,8435,TPEX,鉅邁,20,其他,misc_general,other,other,misc_general,member,False,other,misc_general,misc_general__small,small,1896,0.1611332447985834,1207906.6,1633148.1518377431,120.0,2026-06-18,54.0,13004.0,trade_group_exact,high,True,legacy_subindustry_rule,low,official_code_fallback,1535.0,cap_1001_plus,0.2228976697061803,1985305380.0,1.98530538,35200450.0,2026-06-10,TPEX daily market value shares * close; API MarketValue retained for audit
6655.TW,6655,TWSE,科定,20,其他,misc_general,other,other,misc_general,member,False,other,misc_general,misc_general__small,small,1897,0.1606905710491367,1195000.0,1433547.4041666666,120.0,2026-06-18,123.5,5000.0,trade_group_exact,high,True,legacy_subindustry_rule,low,official_code_fallback,709.0,cap_501_1000,0.6413373860182371,9708903948.5,9.7089039485,80571817.0,2026-06-10,TWSE basic issued common shares * TWSE latest close
6958.TW,6958,TWSE,日盛台駿,20,其他,misc_general,other,other,misc_general,member,False,other,misc_general,misc_general__small,small,1945,0.1394422310756972,990128.0335998536,1596685.7452612796,120.0,2026-06-18,17.200000762939453,37000.0,trade_group_exact,high,True,legacy_subindustry_rule,low,official_code_fallback,885.0,cap_501_1000,0.5521783181357649,6734932312.0,6.734932312,403289360.0,2026-06-10,TWSE basic issued common shares * TWSE latest close
2221.TWO,2221,TPEX,大甲,20,其他,misc_general,other,other,misc_general,member,False,other,misc_general,misc_general__small,small,1955,0.1350154935812306,925753.0431232452,5010751.676771869,120.0,2026-06-18,48.04999923706055,1235063.0,trade_group_exact,high,True,legacy_subindustry_rule,low,official_code_fallback,1582.0,cap_1001_plus,0.1990881458966565,1777650000.0,1.77765,42325000.0,2026-06-10,TPEX daily market value shares * close; API MarketValue retained for audit
8426.TWO,8426,TPEX,紅木-KY,20,其他,misc_general,other,other,misc_general,member,False,other,misc_general,misc_general__small,small,1960,0.1328021248339973,917863.7511253356,1541783.487857698,120.0,2026-06-18,20.350000381469727,35000.0,trade_group_exact,high,True,legacy_subindustry_rule,low,official_code_fallback,1797.0,cap_1001_plus,0.0901722391084093,1067653125.0,1.067653125,50242500.0,2026-06-10,TPEX daily market value shares * close; API MarketValue retained for audit
8481.TW,8481,TWSE,政伸,20,其他,misc_general,other,other,misc_general,member,False,other,misc_general,misc_general__small,small,1968,0.129260734838424,873600.0080108643,984792.4883975664,120.0,2026-06-18,42.09999847412109,6010.0,trade_group_exact,high,True,legacy_subindustry_rule,low,official_code_fallback,1354.0,cap_1001_plus,0.3145896656534954,2720686226.1,2.7206862261,66601866.0,2026-06-10,TWSE basic issued common shares * TWSE latest close
5450.TWO,5450,TPEX,南良,20,其他,misc_general,other,other,misc_general,member,False,other,misc_general,misc_general__small,small,1973,0.1270473660911908,858043.3,1426604.4247725771,120.0,2026-06-18,14.25,91001.0,trade_group_exact,high,True,legacy_subindustry_rule,low,official_code_fallback,1586.0,cap_1001_plus,0.1970618034447822,1750366317.7,1.7503663177,122403239.0,2026-06-10,TPEX daily market value shares * close; API MarketValue retained for audit
9928.TW,9928,TWSE,中視,20,其他,misc_general,other,other,misc_general,member,False,other,misc_general,misc_general__small,small,1979,0.1243913235945108,845085.9069890978,1567002.0039068223,120.0,2026-06-18,18.600000381469727,105850.0,trade_group_exact,high,True,legacy_subindustry_rule,low,official_code_fallback,1722.0,cap_1001_plus,0.1281661600810537,1258897577.4,1.2588975774000002,70724583.0,2026-06-10,TWSE basic issued common shares * TWSE latest close
8354.TWO,8354,TPEX,冠好,20,其他,misc_general,other,other,misc_general,member,False,other,misc_general,misc_general__small,small,1984,0.1221779548472775,825403.3298768996,2376655.3353353897,120.0,2026-06-18,16.450000762939453,35261.0,trade_group_exact,high,True,legacy_subindustry_rule,low,official_code_fallback,1709.0,cap_1001_plus,0.1347517730496453,1295782339.5,1.2957823395,78532263.0,2026-06-10,TPEX daily market value shares * close; API MarketValue retained for audit
6952.TW,6952,TWSE,大武山,20,其他,misc_general,other,other,misc_general,member,False,other,misc_general,misc_general__small,small,1997,0.116423196104471,770002.5527324677,1140202.0237687111,120.0,2026-06-18,36.04999923706055,36000.0,trade_group_exact,high,True,legacy_subindustry_rule,low,official_code_fallback,1417.0,cap_1001_plus,0.2826747720364742,2446751000.0,2.446751,68345000.0,2026-06-10,TWSE basic issued common shares * TWSE latest close
8466.TW,8466,TWSE,美吉吉-KY,20,其他,misc_general,other,other,misc_general,member,False,other,misc_general,misc_general__small,small,2007,0.1119964586100044,753730.0,1209737.998349961,120.0,2026-06-18,15.550000190734863,81026.0,trade_group_exact,high,True,legacy_subindustry_rule,low,official_code_fallback,1733.0,cap_1001_plus,0.1225937183383991,1233305952.6,1.2333059526,79825628.0,2026-06-10,TWSE basic issued common shares * TWSE latest close
8411.TW,8411,TWSE,福貞-KY,20,其他,misc_general,other,other,misc_general,member,False,other,misc_general,misc_general__small,small,2015,0.1084550686144312,728800.0054359436,914743.964279874,120.0,2026-06-18,12.149999618530272,264173.0,trade_group_exact,high,True,legacy_subindustry_rule,low,official_code_fallback,1366.0,cap_1001_plus,0.3085106382978723,2675452907.75,2.67545290775,218404319.0,2026-06-10,TWSE basic issued common shares * TWSE latest close
5604.TWO,5604,TPEX,中連,20,其他,misc_general,other,other,misc_general,member,False,other,misc_general,misc_general__small,small,2028,0.1027003098716246,704261.6547584534,1240833.020058708,120.0,2026-06-18,31.100000381469727,11000.0,trade_group_exact,high,True,legacy_subindustry_rule,low,official_code_fallback,1233.0,cap_1001_plus,0.375886524822695,3361393711.2,3.3613937112,108782968.0,2026-06-10,TPEX daily market value shares * close; API MarketValue retained for audit
8905.TWO,8905,TPEX,裕國,20,其他,misc_general,other,other,misc_general,member,False,other,misc_general,misc_general__small,small,2044,0.0956175298804781,649021.3391246796,2867421.284603163,120.0,2026-06-18,30.200000762939453,4000.0,trade_group_exact,high,True,legacy_subindustry_rule,low,official_code_fallback,1203.0,cap_1001_plus,0.3910840932117527,3565284000.0,3.565284,119440000.0,2026-06-10,TPEX daily market value shares * close; API MarketValue retained for audit
8437.TWO,8437,TPEX,大地-KY,20,其他,misc_general,other,other,misc_general,member,False,other,misc_general,misc_general__small,small,2059,0.0889774236387782,585547.8683233261,841364.9872535944,120.0,2026-06-18,10.600000381469728,88000.0,trade_group_exact,high,True,legacy_subindustry_rule,low,official_code_fallback,1945.0,cap_1001_plus,0.0151975683890577,493647735.0,0.493647735,47014070.0,2026-06-10,TPEX daily market value shares * close; API MarketValue retained for audit
8421.TWO,8421,TPEX,旭源,20,其他,misc_general,other,other,misc_general,member,False,other,misc_general,misc_general__small,small,2080,0.0796812749003984,543205.1156682969,706034.6507426961,120.0,2026-06-18,13.199999809265137,175188.0,trade_group_exact,high,True,legacy_subindustry_rule,low,official_code_fallback,1907.0,cap_1001_plus,0.0344478216818642,701659392.0,0.701659392,54817140.0,2026-06-10,TPEX daily market value shares * close; API MarketValue retained for audit
9944.TW,9944,TWSE,新麗,20,其他,misc_general,other,other,misc_general,member,False,other,misc_general,misc_general__small,small,2082,0.0787959274015051,542020.2063922882,716022.4852103869,120.0,2026-06-18,17.75,115500.0,trade_group_exact,high,True,legacy_subindustry_rule,low,official_code_fallback,1571.0,cap_1001_plus,0.204660587639311,1821619320.0,1.82161932,105908100.0,2026-06-10,TWSE basic issued common shares * TWSE latest close
8444.TWO,8444,TPEX,綠河-KY,20,其他,misc_general,other,other,misc_general,member,False,other,misc_general,misc_general__small,small,2132,0.0566622399291721,385235.5,603133.0261164148,120.0,2026-06-18,4.599999904632568,23000.0,trade_group_exact,high,True,legacy_subindustry_rule,low,official_code_fallback,1936.0,cap_1001_plus,0.019756838905775,552499219.65,0.5524992196499999,111166845.0,2026-06-10,TPEX daily market value shares * close; API MarketValue retained for audit
8929.TWO,8929,TPEX,富堡,20,其他,misc_general,other,other,misc_general,member,False,other,misc_general,misc_general__small,small,2133,0.0562195661797255,382141.24116897583,898686.3833013995,120.0,2026-06-18,14.0,30175.0,trade_group_exact,high,True,legacy_subindustry_rule,low,official_code_fallback,1899.0,cap_1001_plus,0.0385005065856129,723306326.6,0.7233063266,50580862.0,2026-06-10,TPEX daily market value shares * close; API MarketValue retained for audit
6721.TWO,6721,TPEX,信實,20,其他,misc_general,other,other,misc_general,member,False,other,misc_general,misc_general__small,small,2135,0.0553342186808322,372341.0,605951.6781720162,120.0,2026-06-18,56.0,29100.0,trade_group_exact,high,True,legacy_subindustry_rule,low,official_code_fallback,1698.0,cap_1001_plus,0.1403242147922999,1325250000.0,1.32525,22500000.0,2026-06-10,TPEX daily market value shares * close; API MarketValue retained for audit
8342.TWO,8342,TPEX,益張,20,其他,misc_general,other,other,misc_general,member,False,other,misc_general,misc_general__small,small,2136,0.0548915449313855,362399.7,431110.9406344477,120.0,2026-06-18,91.0,22034.0,trade_group_exact,high,True,legacy_subindustry_rule,low,official_code_fallback,1308.0,cap_1001_plus,0.3378926038500507,2937814219.2,2.9378142192,33536692.0,2026-06-10,TPEX daily market value shares * close; API MarketValue retained for audit
5345.TWO,5345,TPEX,馥鴻,20,其他,misc_general,other,other,misc_general,member,False,other,misc_general,misc_general__small,small,2170,0.0398406374501991,252423.7770690918,315201.1868420474,120.0,2026-06-18,32.349998474121094,109396.0,trade_group_exact,high,True,legacy_subindustry_rule,low,official_code_fallback,1741.0,cap_1001_plus,0.1185410334346505,1215109250.0,1.21510925,37795000.0,2026-06-10,TPEX daily market value shares * close; API MarketValue retained for audit
6904.TWO,6904,TPEX,伯鑫,20,其他,misc_general,other,other,misc_general,member,False,other,misc_general,misc_general__small,small,2173,0.0385126162018591,248686.0,530518.2125,120.0,2026-06-18,123.0,0.0,trade_group_exact,high,True,legacy_subindustry_rule,low,official_code_fallback,1483.0,cap_1001_plus,0.2492401215805471,2192250000.0,2.19225,18500000.0,2026-06-10,TPEX daily market value shares * close; API MarketValue retained for audit
4430.TWO,4430,TPEX,耀億,20,其他,misc_general,other,other,misc_general,member,False,other,misc_general,misc_general__small,small,2183,0.0340858787073926,205649.995803833,279670.42258871713,120.0,2026-06-18,17.600000381469727,39000.0,trade_group_exact,high,True,legacy_subindustry_rule,low,official_code_fallback,1826.0,cap_1001_plus,0.0754812563323201,987601837.95,0.98760183795,56273609.0,2026-06-10,TPEX daily market value shares * close; API MarketValue retained for audit
9929.TW,9929,TWSE,秋雨,20,其他,misc_general,other,other,misc_general,member,False,other,misc_general,misc_general__small,small,2204,0.0247897299690128,149799.9973297119,449416.5795151472,120.0,2026-06-18,12.699999809265137,1097.0,trade_group_exact,high,True,legacy_subindustry_rule,low,official_code_fallback,1713.0,cap_1001_plus,0.1327254305977709,1281192000.0,1.281192,101280000.0,2026-06-10,TWSE basic issued common shares * TWSE latest close
4154.TWO,4154,TPEX,樂威科-KY,20,其他,misc_general,other,other,misc_general,member,False,other,misc_general,misc_general__small,small,2210,0.0221336874723329,134750.7492351532,253878.3795855601,120.0,2026-06-18,12.75,15000.0,trade_group_exact,high,True,legacy_subindustry_rule,low,official_code_fallback,1939.0,cap_1001_plus,0.0182370820668692,535540500.0,0.5355405,38390000.0,2026-06-10,TPEX daily market value shares * close; API MarketValue retained for audit
4529.TWO,4529,TPEX,淳紳,20,其他,misc_general,other,other,misc_general,member,False,other,misc_general,misc_general__small,small,2214,0.0203629924745462,127058.37471365929,257415.2066442852,120.0,2026-06-18,4.78000020980835,33266.0,trade_group_exact,high,True,legacy_subindustry_rule,low,official_code_fallback,1955.0,cap_1001_plus,0.0101317122593718,427818425.76,0.42781842576,84549096.0,2026-06-10,TPEX daily market value shares * close; API MarketValue retained for audit
5276.TWO,5276,TPEX,達輝-KY,20,其他,misc_general,other,other,misc_general,member,False,other,misc_general,misc_general__small,small,2221,0.0172642762284196,110091.74996852876,338885.19900568324,120.0,2026-06-18,18.649999618530277,25000.0,trade_group_exact,high,True,legacy_subindustry_rule,low,official_code_fallback,1900.0,cap_1001_plus,0.0379939209726444,720875000.0,0.720875,39500000.0,2026-06-10,TPEX daily market value shares * close; API MarketValue retained for audit
8488.TW,8488,TWSE,吉源-KY,20,其他,misc_general,other,other,misc_general,member,False,other,misc_general,misc_general__small,small,2233,0.0119521912350597,76925.00066757202,480178.796930329,120.0,2026-06-18,10.550000190734863,11000.0,trade_group_exact,high,True,legacy_subindustry_rule,low,official_code_fallback,1905.0,cap_1001_plus,0.0354609929078014,710010000.0,0.71001,73500000.0,2026-06-10,TWSE basic issued common shares * TWSE latest close
2724.TWO,2724,TPEX,藝舍-KY,20,其他,misc_general,other,other,misc_general,member,False,other,misc_general,misc_general__small,small,2239,0.0092961487383798,62025.00057220459,155046.2315636762,120.0,2026-06-18,12.350000381469728,8000.0,trade_group_exact,high,True,legacy_subindustry_rule,low,official_code_fallback,1877.0,cap_1001_plus,0.0496453900709219,805360657.5,0.8053606575,59656345.0,2026-06-10,TPEX daily market value shares * close; API MarketValue retained for audit
8921.TWO,8921,TPEX,沈氏,20,其他,misc_general,other,other,misc_general,member,False,other,misc_general,misc_general__small,small,2249,0.0048694112439132,35500.0,118046.8818104744,120.0,2026-06-18,18.200000762939453,7000.0,trade_group_exact,high,True,legacy_subindustry_rule,low,official_code_fallback,1864.0,cap_1001_plus,0.0562310030395136,847977293.8,0.8479772938,46592159.0,2026-06-10,TPEX daily market value shares * close; API MarketValue retained for audit
6236.TWO,6236,TPEX,中湛,20,其他,misc_general,other,other,misc_general,member,False,other,misc_general,misc_general__inactive,inactive,2260,0.0,0.0,10239.728709077835,120.0,2026-06-18,19.0,0.0,trade_group_exact,high,True,legacy_subindustry_rule,low,official_code_fallback,1882.0,cap_1001_plus,0.0471124620060789,791426741.0,0.791426741,41654039.0,2026-06-10,TPEX daily market value shares * close; API MarketValue retained for audit
2308.TW,2308,TWSE,台達電,28,電子零組件業,power_supply_psu,power,components,component_power,core_leader,True,power,power_supply,power_supply__large,large,4,0.99867197875166,14376299337.5,14738336760.0,120.0,2026-06-18,2150.0,10417286.0,trade_group_exact,high,False,exact_symbol,high,exact_symbol,3.0,cap_001_050,0.9989868287740628,5714595323800.0,5714.5953238,2597543329.0,2026-06-10,TWSE basic issued common shares * TWSE latest close
2301.TW,2301,TWSE,光寶科,25,電腦及週邊設備業,power_supply_psu,power,other_electronics,electronics_ems,leader,True,power,power_supply,power_supply__large,large,53,0.9769809650287736,2949536182.25,3662845827.125,120.0,2026-06-18,210.5,20787683.0,trade_group_exact,high,False,exact_symbol,high,exact_symbol,38.0,cap_001_050,0.981256332320162,493330953519.0,493.330953519,2316107763.0,2026-06-10,TWSE basic issued common shares * TWSE latest close
6282.TW,6282,TWSE,康舒,28,電子零組件業,power_supply_psu,power,components,component_power,member,False,power,power_supply,power_supply__mid_large,mid_large,114,0.9499778663125276,1165150527.1317558,1961970670.38166,120.0,2026-06-18,58.09999847412109,16948679.0,trade_group_exact,high,False,exact_symbol,high,exact_symbol,229.0,cap_101_250,0.8844984802431611,50077830699.0,50.077830699,856031294.0,2026-06-10,TWSE basic issued common shares * TWSE latest close
6290.TWO,6290,TPEX,良維,28,電子零組件業,power_supply_psu,power,components,component_power,member,False,power,power_supply,power_supply__mid_large,mid_large,127,0.9442231075697212,1016688764.5,1588921754.9416666,120.0,2026-06-18,319.5,7317680.0,trade_group_exact,high,False,legacy_subindustry_rule,medium,exact_symbol,232.0,cap_101_250,0.8829787234042553,49663763114.0,49.663763114,169500898.0,2026-06-10,TPEX daily market value shares * close; API MarketValue retained for audit
4931.TWO,4931,TPEX,新盛力,25,電腦及週邊設備業,power_supply_psu,power,components,component_power,member,False,power,power_supply,power_supply__mid_large,mid_large,186,0.9181053563523685,596823706.0,1111249327.6875,120.0,2026-06-18,261.5,7511864.0,trade_group_exact,high,False,legacy_subindustry_rule,medium,exact_symbol,487.0,cap_251_500,0.7537993920972644,16522571772.0,16.522571772,65565761.0,2026-06-10,TPEX daily market value shares * close; API MarketValue retained for audit
6155.TW,6155,TWSE,鈞寶,28,電子零組件業,power_supply_psu,power,components,component_power,member,False,power,power_supply,power_supply__mid,mid,482,0.7870739265161576,118356553.55272864,220553619.55498925,120.0,2026-06-18,98.5,22370546.0,trade_group_exact,high,False,legacy_subindustry_rule,medium,exact_symbol,886.0,cap_501_1000,0.5516717325227963,6733835082.0,6.733835082,88023988.0,2026-06-10,TWSE basic issued common shares * TWSE latest close
4542.TWO,4542,TPEX,科嶠,28,電子零組件業,power_supply_psu,power,components,component_power,member,False,power,power_supply,power_supply__mid,mid,505,0.7768924302788844,110224710.25,140625719.20730957,120.0,2026-06-18,407.0,343202.0,trade_group_exact,high,False,legacy_subindustry_rule,medium,exact_symbol,647.0,cap_501_1000,0.6727456940222898,11309767842.0,11.309767842,34586446.0,2026-06-10,TPEX daily market value shares * close; API MarketValue retained for audit
2457.TW,2457,TWSE,飛宏,28,電子零組件業,power_supply_psu,power,components,component_power,member,False,power,power_supply,power_supply__small_mid,small_mid,530,0.765825586542718,98903590.125,225576425.7526489,120.0,2026-06-18,28.799999237060547,4734354.0,trade_group_exact,high,False,exact_symbol,high,exact_symbol,601.0,cap_501_1000,0.696048632218845,12530786272.0,12.530786272,424772416.0,2026-06-10,TWSE basic issued common shares * TWSE latest close
6412.TW,6412,TWSE,群電,28,電子零組件業,power_supply_psu,power,components,component_power,leader,True,power,power_supply,power_supply__small_mid,small_mid,571,0.747675962815405,83133159.73075867,144015169.34124297,120.0,2026-06-18,91.5999984741211,3824190.0,trade_group_exact,high,False,exact_symbol,high,exact_symbol,293.0,cap_251_500,0.8520770010131712,34866913962.0,34.866913962,400769126.0,2026-06-10,TWSE basic issued common shares * TWSE latest close
3032.TW,3032,TWSE,偉訓,28,電子零組件業,power_supply_psu,power,components,component_power,member,False,power,power_supply,power_supply__small_mid,small_mid,704,0.6888003541389995,45287309.42295456,70517393.37863588,120.0,2026-06-18,85.9000015258789,582236.0,trade_group_exact,high,False,legacy_subindustry_rule,medium,exact_symbol,716.0,cap_501_1000,0.6377912867274569,9572635397.0,9.572635397,113285626.0,2026-06-10,TWSE basic issued common shares * TWSE latest close
6275.TWO,6275,TPEX,元山,28,電子零組件業,power_supply_psu,power,components,component_power,member,False,power,power_supply,power_supply__small_mid,small_mid,789,0.6511730854360336,31664058.43729592,69193181.51416488,120.0,2026-06-18,47.29999923706055,255040.0,trade_group_exact,high,False,legacy_subindustry_rule,medium,exact_symbol,1172.0,cap_1001_plus,0.4067882472137791,3771494743.0,3.771494743,80244569.0,2026-06-10,TPEX daily market value shares * close; API MarketValue retained for audit
3015.TW,3015,TWSE,全漢,28,電子零組件業,power_supply_psu,power,components,component_power,member,False,power,power_supply,power_supply__small,small,983,0.565294378043382,18331306.0695343,27591427.618428167,120.0,2026-06-18,60.900001525878906,4072760.0,trade_group_exact,high,False,legacy_subindustry_rule,medium,exact_symbol,654.0,cap_501_1000,0.6691995947315097,11179538415.0,11.179538415,187261950.0,2026-06-10,TWSE basic issued common shares * TWSE latest close
6220.TWO,6220,TPEX,岳豐,28,電子零組件業,power_supply_psu,power,components,component_power,member,False,power,power_supply,power_supply__small,small,1128,0.5011066843736167,11960089.103710176,25296652.689839587,120.0,2026-06-18,38.34999847412109,2361954.0,trade_group_exact,high,False,legacy_subindustry_rule,medium,exact_symbol,1025.0,cap_1001_plus,0.4812563323201621,4965083496.0,4.965083496,146462640.0,2026-06-10,TPEX daily market value shares * close; API MarketValue retained for audit
2420.TW,2420,TWSE,新巨,28,電子零組件業,power_supply_psu,power,components,component_power,member,False,power,power_supply,power_supply__small,small,1184,0.4763169544046037,10076099.776348114,12209394.64094302,120.0,2026-06-18,61.20000076293945,1072605.0,trade_group_exact,high,False,legacy_subindustry_rule,medium,exact_symbol,714.0,cap_501_1000,0.6388044579533941,9647397081.6,9.6473970816,152648688.0,2026-06-10,TWSE basic issued common shares * TWSE latest close
3058.TW,3058,TWSE,立德,28,電子零組件業,power_supply_psu,power,components,component_power,member,False,power,power_supply,power_supply__small,small,1267,0.4395750332005312,7791760.4562654495,10123437.403413448,120.0,2026-06-18,9.399999618530272,826753.0,trade_group_exact,high,False,legacy_subindustry_rule,medium,exact_symbol,1556.0,cap_1001_plus,0.2122593718338399,1880056300.28,1.88005630028,201722779.0,2026-06-10,TWSE basic issued common shares * TWSE latest close
2431.TW,2431,TWSE,聯昌,28,電子零組件業,power_supply_psu,power,components,component_power,member,False,power,power_supply,power_supply__small,small,1349,0.4032757857459053,6413408.422901154,19846222.93727956,120.0,2026-06-18,11.649999618530272,2483163.0,trade_group_exact,high,False,legacy_subindustry_rule,medium,exact_symbol,1749.0,cap_1001_plus,0.1144883485309017,1186919049.8,1.1869190498,110927014.0,2026-06-10,TWSE basic issued common shares * TWSE latest close
3296.TW,3296,TWSE,勝德,28,電子零組件業,power_supply_psu,power,components,component_power,member,False,power,power_supply,power_supply__small,small,1806,0.2009738822487826,1658334.2646884918,2630312.876125574,120.0,2026-06-18,29.799999237060547,1078155.0,trade_group_exact,high,False,legacy_subindustry_rule,medium,exact_symbol,1495.0,cap_1001_plus,0.243161094224924,2152119012.5,2.1521190125,96724450.0,2026-06-10,TWSE basic issued common shares * TWSE latest close
3043.TW,3043,TWSE,科風,31,其他電子業,ups,power,components,component_power,leader,True,power,ups,ups__small,small,1731,0.2341744134572819,2199612.439534188,3993631.387386084,120.0,2026-06-18,23.799999237060547,397818.0,trade_group_exact,high,False,exact_symbol,high,exact_symbol,1848.0,cap_1001_plus,0.0643363728470111,890593236.9000001,0.8905932369000001,38975634.0,2026-06-10,TWSE basic issued common shares * TWSE latest close
6806.TW,6806,TWSE,森崴能源,35,綠能環保,grid_engineering,power_grid,other,green_energy,leader,True,power_grid,grid_engineering,grid_engineering__small_mid,small_mid,673,0.702523240371846,51779492.06715775,81233216.54968028,120.0,2026-06-18,3.240000009536743,4292008.0,trade_group_exact,high,False,exact_symbol,high,official_code_fallback,1681.0,cap_1001_plus,0.1489361702127659,1364975222.9399998,1.3649752229399998,274642902.0,2026-06-10,TWSE basic issued common shares * TWSE latest close
1605.TW,1605,TWSE,華新,6,電器電纜,grid_equipment,power_grid,traditional,cable,leader,True,power_grid,grid_equipment,grid_equipment__mid_large,mid_large,90,0.9606020362992476,1584269676.6533663,2995215293.428651,120.0,2026-06-18,39.0,61441451.0,trade_group_exact,high,False,exact_symbol,high,official_code_fallback,104.0,cap_101_250,0.9478216818642352,154210386590.4,154.2103865904,4431332948.0,2026-06-10,TWSE basic issued common shares * TWSE latest close
1618.TW,1618,TWSE,合機,6,電器電纜,grid_equipment,power_grid,traditional,cable,member,False,power_grid,grid_equipment,grid_equipment__small,small,835,0.6308100929614874,28508963.68845749,59197194.42190094,120.0,2026-06-18,41.79999923706055,824200.0,trade_group_exact,high,False,exact_symbol,high,official_code_fallback,782.0,cap_501_1000,0.6043566362715299,8362821819.8,8.3628218198,192691747.0,2026-06-10,TWSE basic issued common shares * TWSE latest close
1514.TW,1514,TWSE,亞力,5,電機機械,power_distribution,power_grid,traditional,machinery,leader,True,power_grid,power_distribution,power_distribution__mid,mid,309,0.8636564851704294,284792202.0,755107197.2793205,120.0,2026-06-18,121.5,2998872.0,trade_group_exact,high,False,exact_symbol,high,official_code_fallback,308.0,cap_251_500,0.8444782168186423,32499908287.0,32.499908287,273108473.0,2026-06-10,TWSE basic issued common shares * TWSE latest close
1513.TW,1513,TWSE,中興電,5,電機機械,switchgear,power_grid,traditional,machinery,leader,True,power_grid,switchgear,switchgear__mid_large,mid_large,180,0.9207613988490484,631051065.5,1175888135.4583333,120.0,2026-06-18,176.5,17572873.0,trade_group_exact,high,False,exact_symbol,high,official_code_fallback,163.0,cap_101_250,0.917933130699088,82762008717.5,82.7620087175,503112515.0,2026-06-10,TWSE basic issued common shares * TWSE latest close
1503.TW,1503,TWSE,士電,5,電機機械,switchgear,power_grid,traditional,machinery,leader,True,power_grid,switchgear,switchgear__mid,mid,262,0.8844621513944223,375769278.5,797753382.7041667,120.0,2026-06-18,241.5,8035685.0,trade_group_exact,high,False,exact_symbol,high,official_code_fallback,128.0,cap_101_250,0.9356636271529888,113050972391.0,113.050972391,520972223.0,2026-06-10,TWSE basic issued common shares * TWSE latest close
1519.TW,1519,TWSE,華城,5,電機機械,transformer,power_grid,traditional,machinery,core_leader,True,power_grid,transformer,transformer__large,large,55,0.9760956175298804,2920832724.0,3699942517.358333,120.0,2026-06-18,833.0,3797966.0,trade_group_exact,high,False,exact_symbol,high,official_code_fallback,74.0,cap_051_100,0.9630192502532928,249861747604.0,249.861747604,315880844.0,2026-06-10,TWSE basic issued common shares * TWSE latest close
1437.TW,1437,TWSE,勤益控,20,其他,asset_property,real_asset,other,asset_property,member,False,real_asset,asset_property,asset_property__small,small,1607,0.2890659583886675,3182792.028776169,3793701.924240144,120.0,2026-06-18,29.549999237060547,106389.0,trade_group_exact,high,False,legacy_subindustry_rule,medium,exact_symbol,955.0,cap_501_1000,0.5167173252279635,5803799415.0,5.803799415,201871284.0,2026-06-10,TWSE basic issued common shares * TWSE latest close
1416.TW,1416,TWSE,廣豐,20,其他,asset_property,real_asset,other,asset_property,member,False,real_asset,asset_property,asset_property__small,small,1742,0.2293050022133688,2066656.7659420967,2428323.425493582,120.0,2026-06-18,11.100000381469728,414930.0,trade_group_exact,high,False,legacy_subindustry_rule,medium,exact_symbol,1527.0,cap_1001_plus,0.226950354609929,2020229631.2,2.0202296312,185342168.0,2026-06-10,TWSE basic issued common shares * TWSE latest close
2514.TW,2514,TWSE,龍邦,20,其他,asset_property,real_asset,other,asset_property,member,False,real_asset,asset_property,asset_property__small,small,1777,0.2138114209827357,1851260.125772,2881048.6316835484,120.0,2026-06-18,13.699999809265137,154050.0,trade_group_exact,high,False,legacy_subindustry_rule,medium,exact_symbol,988.0,cap_501_1000,0.5,5427527572.5,5.4275275725,394729278.0,2026-06-10,TWSE basic issued common shares * TWSE latest close
1516.TW,1516,TWSE,川飛,20,其他,asset_property,real_asset,other,asset_property,member,False,real_asset,asset_property,asset_property__small,small,1923,0.1491810535635237,1070478.5080099108,1673193.8529441198,120.0,2026-06-18,20.5,40045.0,trade_group_exact,high,False,legacy_subindustry_rule,medium,exact_symbol,1852.0,cap_1001_plus,0.0623100303951368,878179880.25,0.87817988025,40008195.0,2026-06-10,TWSE basic issued common shares * TWSE latest close
2904.TW,2904,TWSE,匯僑,20,其他,asset_property,real_asset,other,asset_property,member,False,real_asset,asset_property,asset_property__small,small,2066,0.0858787073926515,571328.4244346619,778181.4526084423,120.0,2026-06-18,14.149999618530272,67086.0,trade_group_exact,high,False,legacy_subindustry_rule,medium,exact_symbol,1788.0,cap_1001_plus,0.0947315096251266,1093573769.6,1.0935737696,77834432.0,2026-06-10,TWSE basic issued common shares * TWSE latest close
1435.TW,1435,TWSE,中福,20,其他,asset_property,real_asset,other,asset_property,member,False,real_asset,asset_property,asset_property__small,small,2225,0.015493581230633,98441.80018138888,310094.1992865404,120.0,2026-06-18,14.100000381469728,14007.0,trade_group_exact,high,False,legacy_subindustry_rule,medium,exact_symbol,,,,,,,,
5455.TWO,5455,TPEX,昇益,14,建材營造,asset_property,real_asset,traditional,asset_property,member,False,real_asset,asset_property,asset_property__small,small,2237,0.0101814962372731,70500.0,650154.4814432303,120.0,2026-06-18,27.299999237060547,17366.0,trade_group_exact,high,False,legacy_subindustry_rule,medium,exact_symbol,1610.0,cap_1001_plus,0.184903748733536,1670296231.5,1.6702962315,65501813.0,2026-06-10,TPEX daily market value shares * close; API MarketValue retained for audit
2542.TW,2542,TWSE,興富發,14,建材營造,construction,real_asset,traditional,construction,member,False,real_asset,construction,construction__mid,mid,423,0.8131916777335104,151947841.77140808,198494920.03053108,120.0,2026-06-18,44.75,19644588.0,trade_group_exact,high,False,legacy_subindustry_rule,medium,official_code_fallback,143.0,cap_101_250,0.92806484295846,98766646847.55,98.76664684755,2173083539.0,2026-06-10,TWSE basic issued common shares * TWSE latest close
2515.TW,2515,TWSE,中工,14,建材營造,construction,real_asset,traditional,construction,member,False,real_asset,construction,construction__mid,mid,455,0.7990261177512173,128809992.3073678,233549341.0668824,120.0,2026-06-18,13.350000381469728,18577714.0,trade_group_exact,high,False,legacy_subindustry_rule,medium,official_code_fallback,425.0,cap_251_500,0.7852077001013171,20581172275.2,20.5811722752,1607904084.0,2026-06-10,TWSE basic issued common shares * TWSE latest close
2543.TW,2543,TWSE,皇昌,14,建材營造,construction,real_asset,traditional,construction,member,False,real_asset,construction,construction__mid,mid,478,0.7888446215139442,119417694.8439579,216053754.267066,120.0,2026-06-18,44.09999847412109,2711872.0,trade_group_exact,high,False,legacy_subindustry_rule,medium,official_code_fallback,355.0,cap_251_500,0.8206686930091185,25845701892.9,25.8457018929,528541961.0,2026-06-10,TWSE basic issued common shares * TWSE latest close
2548.TW,2548,TWSE,華固,14,建材營造,construction,real_asset,traditional,construction,member,False,real_asset,construction,construction__small_mid,small_mid,540,0.7613988490482515,94449468.0,148296371.14986783,120.0,2026-06-18,103.5,4020653.0,trade_group_exact,high,False,legacy_subindustry_rule,medium,official_code_fallback,302.0,cap_251_500,0.8475177304964538,33730322533.5,33.7303225335,319718697.0,2026-06-10,TWSE basic issued common shares * TWSE latest close
5521.TW,5521,TWSE,工信,14,建材營造,construction,real_asset,traditional,construction,member,False,real_asset,construction,construction__small_mid,small_mid,541,0.7609561752988048,93189622.45120811,200488073.9844228,120.0,2026-06-18,10.600000381469728,3653795.0,trade_group_exact,high,False,legacy_subindustry_rule,medium,official_code_fallback,975.0,cap_501_1000,0.5065856129685917,5538151743.75,5.53815174375,492280155.0,2026-06-10,TWSE basic issued common shares * TWSE latest close
2504.TW,2504,TWSE,國產,14,建材營造,construction,real_asset,traditional,construction,member,False,real_asset,construction,construction__small_mid,small_mid,597,0.7361664453297919,72560480.43438148,98452328.34982784,120.0,2026-06-18,33.599998474121094,6322950.0,trade_group_exact,high,False,legacy_subindustry_rule,medium,official_code_fallback,256.0,cap_251_500,0.8708206686930091,43896000000.0,43.896,1180000000.0,2026-06-10,TWSE basic issued common shares * TWSE latest close
5522.TW,5522,TWSE,遠雄,14,建材營造,construction,real_asset,traditional,construction,member,False,real_asset,construction,construction__small_mid,small_mid,616,0.7277556440903055,67521300.62349701,101224643.52470492,120.0,2026-06-18,74.4000015258789,2035110.0,trade_group_exact,high,False,legacy_subindustry_rule,medium,official_code_fallback,192.0,cap_101_250,0.903242147922999,64247211010.200005,64.2472110102,781596241.0,2026-06-10,TWSE basic issued common shares * TWSE latest close
2597.TW,2597,TWSE,潤弘,14,建材營造,construction,real_asset,traditional,construction,member,False,real_asset,construction,construction__small_mid,small_mid,628,0.7224435590969456,62974783.5,77926898.41666667,120.0,2026-06-18,178.0,767299.0,trade_group_exact,high,False,legacy_subindustry_rule,medium,official_code_fallback,205.0,cap_101_250,0.8966565349544073,60589620000.0,60.58962,310716000.0,2026-06-10,TWSE basic issued common shares * TWSE latest close
2520.TW,2520,TWSE,冠德,14,建材營造,construction,real_asset,traditional,construction,member,False,real_asset,construction,construction__small_mid,small_mid,670,0.703851261620186,52235663.00331497,81159375.56450756,120.0,2026-06-18,36.400001525878906,10602402.0,trade_group_exact,high,False,legacy_subindustry_rule,medium,official_code_fallback,411.0,cap_251_500,0.7922998986828774,21697741116.0,21.697741116,609487110.0,2026-06-10,TWSE basic issued common shares * TWSE latest close
5534.TW,5534,TWSE,長虹,14,建材營造,construction,real_asset,traditional,construction,member,False,real_asset,construction,construction__small_mid,small_mid,676,0.701195219123506,51515257.95270538,62875243.747067004,120.0,2026-06-18,83.19999694824219,2462269.0,trade_group_exact,high,False,legacy_subindustry_rule,medium,official_code_fallback,351.0,cap_251_500,0.8226950354609929,26329717660.0,26.32971766,315325960.0,2026-06-10,TWSE basic issued common shares * TWSE latest close
1808.TW,1808,TWSE,潤隆,14,建材營造,construction,real_asset,traditional,construction,member,False,real_asset,construction,construction__small_mid,small_mid,700,0.6905710491367862,45505677.94505693,54613510.6525391,120.0,2026-06-18,32.25,3842870.0,trade_group_exact,high,False,legacy_subindustry_rule,medium,official_code_fallback,335.0,cap_251_500,0.8308004052684904,28130499904.5,28.1304999045,893031743.0,2026-06-10,TWSE basic issued common shares * TWSE latest close
2501.TW,2501,TWSE,國建,14,建材營造,construction,real_asset,traditional,construction,member,False,real_asset,construction,construction__small_mid,small_mid,711,0.685701637892873,43448953.94078351,55982448.7508793,120.0,2026-06-18,26.850000381469727,12602426.0,trade_group_exact,high,False,legacy_subindustry_rule,medium,official_code_fallback,314.0,cap_251_500,0.8414387031408308,30844324169.4,30.8443241694,1159561059.0,2026-06-10,TWSE basic issued common shares * TWSE latest close
6177.TW,6177,TWSE,達麗,14,建材營造,construction,real_asset,traditional,construction,member,False,real_asset,construction,construction__small_mid,small_mid,723,0.6803895528995131,41501817.5790863,55553916.875593215,120.0,2026-06-18,50.400001525878906,7970303.0,trade_group_exact,high,False,legacy_subindustry_rule,medium,official_code_fallback,405.0,cap_251_500,0.795339412360689,21990140451.6,21.9901404516,471891426.0,2026-06-10,TWSE basic issued common shares * TWSE latest close
2540.TW,2540,TWSE,愛山林,14,建材營造,construction,real_asset,traditional,construction,member,False,real_asset,construction,construction__small_mid,small_mid,760,0.6640106241699868,35834006.78579521,46216945.63601392,120.0,2026-06-18,55.09999847412109,1136944.0,trade_group_exact,high,False,legacy_subindustry_rule,medium,official_code_fallback,225.0,cap_101_250,0.8865248226950355,52251530264.5,52.2515302645,944873965.0,2026-06-10,TWSE basic issued common shares * TWSE latest close
2539.TW,2539,TWSE,櫻花建,14,建材營造,construction,real_asset,traditional,construction,member,False,real_asset,construction,construction__small_mid,small_mid,790,0.650730411686587,31644881.65386009,36567437.90390183,120.0,2026-06-18,39.95000076293945,1749768.0,trade_group_exact,high,False,legacy_subindustry_rule,medium,official_code_fallback,243.0,cap_101_250,0.8774062816616008,46948586562.35,46.94858656235,1193102581.0,2026-06-10,TWSE basic issued common shares * TWSE latest close
1316.TW,1316,TWSE,上曜,14,建材營造,construction,real_asset,traditional,construction,member,False,real_asset,construction,construction__small,small,820,0.6374501992031872,29352945.46687125,36723502.14973614,120.0,2026-06-18,10.949999809265137,2537161.0,trade_group_exact,high,False,legacy_subindustry_rule,medium,official_code_fallback,1132.0,cap_1001_plus,0.4270516717325228,4135407650.0,4.13540765,375946150.0,2026-06-10,TWSE basic issued common shares * TWSE latest close
5508.TWO,5508,TPEX,永信建,14,建材營造,construction,real_asset,traditional,construction,member,False,real_asset,construction,construction__small,small,849,0.6246126604692341,27431423.44071579,58350996.05142871,120.0,2026-06-18,61.70000076293945,3695660.0,trade_group_exact,high,False,legacy_subindustry_rule,medium,official_code_fallback,602.0,cap_501_1000,0.6955420466058764,12502117647.5,12.5021176475,217428133.0,2026-06-10,TPEX daily market value shares * close; API MarketValue retained for audit
2442.TW,2442,TWSE,新美齊,14,建材營造,construction,real_asset,traditional,construction,member,False,real_asset,construction,construction__small,small,855,0.6219566179725542,27198878.64282418,33910392.30429537,120.0,2026-06-18,19.850000381469727,2891606.0,trade_group_exact,high,False,legacy_subindustry_rule,medium,official_code_fallback,900.0,cap_501_1000,0.544579533941236,6504640420.0,6.50464042,325232021.0,2026-06-10,TWSE basic issued common shares * TWSE latest close
2528.TW,2528,TWSE,皇普,14,建材營造,construction,real_asset,traditional,construction,member,False,real_asset,construction,construction__small,small,916,0.5949535192563081,21986681.05080891,23871986.760915566,120.0,2026-06-18,22.399999618530277,534160.0,trade_group_exact,high,False,legacy_subindustry_rule,medium,official_code_fallback,705.0,cap_501_1000,0.6433637284701115,9744521037.45,9.74452103745,435996467.0,2026-06-10,TWSE basic issued common shares * TWSE latest close
3056.TW,3056,TWSE,富華新,14,建材營造,construction,real_asset,traditional,construction,member,False,real_asset,construction,construction__small,small,927,0.5900841080123949,21559365.445284843,23792407.691757035,120.0,2026-06-18,15.25,1629771.0,trade_group_exact,high,False,legacy_subindustry_rule,medium,official_code_fallback,861.0,cap_501_1000,0.5643363728470112,7112214754.8,7.1122147548,480555051.0,2026-06-10,TWSE basic issued common shares * TWSE latest close
2535.TW,2535,TWSE,達欣工,14,建材營造,construction,real_asset,traditional,construction,member,False,real_asset,construction,construction__small,small,937,0.5856573705179282,20948138.080108643,28786224.350473244,120.0,2026-06-18,93.6999969482422,789390.0,trade_group_exact,high,False,legacy_subindustry_rule,medium,official_code_fallback,373.0,cap_251_500,0.8115501519756839,24290218839.9,24.290218839900003,270793967.0,2026-06-10,TWSE basic issued common shares * TWSE latest close
2530.TW,2530,TWSE,華建,14,建材營造,construction,real_asset,traditional,construction,member,False,real_asset,construction,construction__small,small,944,0.5825586542718018,20770009.968964577,21971177.83660946,120.0,2026-06-18,20.0,1045123.0,trade_group_exact,high,False,legacy_subindustry_rule,medium,official_code_fallback,480.0,cap_251_500,0.7573454913880446,17035428552.75,17.03542855275,841255731.0,2026-06-10,TWSE basic issued common shares * TWSE latest close
6186.TWO,6186,TPEX,新潤,14,建材營造,construction,real_asset,traditional,construction,member,False,real_asset,construction,construction__small,small,948,0.580787959274015,20497672.528957367,25969233.03475764,120.0,2026-06-18,42.34999847412109,2034661.0,trade_group_exact,high,False,legacy_subindustry_rule,medium,official_code_fallback,797.0,cap_501_1000,0.5967578520770009,8186119116.0,8.186119116,194907598.0,2026-06-10,TPEX daily market value shares * close; API MarketValue retained for audit
1442.TW,1442,TWSE,名軒,14,建材營造,construction,real_asset,traditional,construction,member,False,real_asset,construction,construction__small,small,950,0.5799026117751218,20272750.0,39824709.0977679,120.0,2026-06-18,28.0,518039.0,trade_group_exact,high,False,legacy_subindustry_rule,medium,official_code_fallback,683.0,cap_501_1000,0.6545086119554204,10253918024.0,10.253918024,366211358.0,2026-06-10,TWSE basic issued common shares * TWSE latest close
5515.TW,5515,TWSE,建國,14,建材營造,construction,real_asset,traditional,construction,member,False,real_asset,construction,construction__small,small,966,0.5728198317839752,19392095.84479713,30136071.42322909,120.0,2026-06-18,42.0,943409.0,trade_group_exact,high,False,legacy_subindustry_rule,medium,official_code_fallback,768.0,cap_501_1000,0.6114488348530902,8668803612.0,8.668803612,201600084.0,2026-06-10,TWSE basic issued common shares * TWSE latest close
3703.TW,3703,TWSE,欣陸,14,建材營造,construction,real_asset,traditional,construction,member,False,real_asset,construction,construction__small,small,982,0.5657370517928286,18362593.07949829,23014789.45468932,120.0,2026-06-18,21.799999237060547,1413252.0,trade_group_exact,high,False,legacy_subindustry_rule,medium,official_code_fallback,465.0,cap_251_500,0.7649442755825735,17946108364.0,17.946108364,823215980.0,2026-06-10,TWSE basic issued common shares * TWSE latest close
2547.TW,2547,TWSE,日勝生,14,建材營造,construction,real_asset,traditional,construction,member,False,real_asset,construction,construction__small,small,1018,0.549800796812749,16835225.898343563,19314890.01338109,120.0,2026-06-18,11.199999809265137,4679759.0,trade_group_exact,high,False,legacy_subindustry_rule,medium,official_code_fallback,637.0,cap_501_1000,0.6778115501519757,11541305336.35,11.54130533635,1035094649.0,2026-06-10,TWSE basic issued common shares * TWSE latest close
5519.TW,5519,TWSE,隆大,14,建材營造,construction,real_asset,traditional,construction,member,False,real_asset,construction,construction__small,small,1102,0.5126162018592297,13063670.695796968,16880431.035573322,120.0,2026-06-18,34.45000076293945,817450.0,trade_group_exact,high,False,legacy_subindustry_rule,medium,official_code_fallback,835.0,cap_501_1000,0.5775075987841946,7408864683.999999,7.408864683999999,219197180.0,2026-06-10,TWSE basic issued common shares * TWSE latest close
3188.TWO,3188,TPEX,鑫龍騰,14,建材營造,construction,real_asset,traditional,construction,member,False,real_asset,construction,construction__small,small,1126,0.50199203187251,11990787.09649372,14873851.907675125,120.0,2026-06-18,24.950000762939453,520000.0,trade_group_exact,high,False,legacy_subindustry_rule,medium,official_code_fallback,1031.0,cap_1001_plus,0.4782168186423505,4894492169.25,4.89449216925,188612415.0,2026-06-10,TPEX daily market value shares * close; API MarketValue retained for audit
5213.TWO,5213,TPEX,亞昕,14,建材營造,construction,real_asset,traditional,construction,member,False,real_asset,construction,construction__small,small,1135,0.49800796812749,11748011.293933868,17149698.23024078,120.0,2026-06-18,22.950000762939453,657159.0,trade_group_exact,high,False,legacy_subindustry_rule,medium,official_code_fallback,478.0,cap_251_500,0.7583586626139818,17095623526.2,17.095623526199997,721334326.0,2026-06-10,TPEX daily market value shares * close; API MarketValue retained for audit
2545.TW,2545,TWSE,皇翔,14,建材營造,construction,real_asset,traditional,construction,member,False,real_asset,construction,construction__small,small,1138,0.49667994687915,11630268.6267128,13337520.05699304,120.0,2026-06-18,38.54999923706055,660511.0,trade_group_exact,high,False,legacy_subindustry_rule,medium,official_code_fallback,530.0,cap_501_1000,0.732016210739615,14885604473.6,14.8856044736,379734808.0,2026-06-10,TWSE basic issued common shares * TWSE latest close
1436.TW,1436,TWSE,華友聯,14,建材營造,construction,real_asset,traditional,construction,member,False,real_asset,construction,construction__small,small,1139,0.4962372731297034,11570594.550188065,13292691.048430538,120.0,2026-06-18,47.5,742204.0,trade_group_exact,high,False,legacy_subindustry_rule,medium,official_code_fallback,735.0,cap_501_1000,0.6281661600810537,9183379903.5,9.1833799035,194151795.0,2026-06-10,TWSE basic issued common shares * TWSE latest close
5511.TWO,5511,TPEX,德昌,14,建材營造,construction,real_asset,traditional,construction,member,False,real_asset,construction,construction__small,small,1198,0.4701195219123506,9458224.804229736,13335388.865200792,120.0,2026-06-18,76.80000305175781,266050.0,trade_group_exact,high,False,legacy_subindustry_rule,medium,official_code_fallback,776.0,cap_501_1000,0.6073961499493414,8451280000.0,8.45128,113440000.0,2026-06-10,TPEX daily market value shares * close; API MarketValue retained for audit
2511.TW,2511,TWSE,太子,14,建材營造,construction,real_asset,traditional,construction,member,False,real_asset,construction,construction__small,small,1208,0.465692784417884,9200659.043962955,12802695.058797538,120.0,2026-06-18,8.220000267028809,2275053.0,trade_group_exact,high,False,legacy_subindustry_rule,medium,official_code_fallback,573.0,cap_501_1000,0.7102330293819655,13246341359.52,13.24634135952,1623326147.0,2026-06-10,TWSE basic issued common shares * TWSE latest close
2534.TW,2534,TWSE,宏盛,14,建材營造,construction,real_asset,traditional,construction,member,False,real_asset,construction,construction__small,small,1224,0.4586100044267375,8853982.896921158,10395217.142571976,120.0,2026-06-18,18.299999237060547,1358344.0,trade_group_exact,high,False,legacy_subindustry_rule,medium,official_code_fallback,756.0,cap_501_1000,0.6175278622087133,8891774437.5,8.8917744375,474227970.0,2026-06-10,TWSE basic issued common shares * TWSE latest close
2546.TW,2546,TWSE,根基,14,建材營造,construction,real_asset,traditional,construction,member,False,real_asset,construction,construction__small,small,1236,0.4532979194333776,8563391.970870972,9897980.18467261,120.0,2026-06-18,96.4000015258789,150672.0,trade_group_exact,high,False,legacy_subindustry_rule,medium,official_code_fallback,625.0,cap_501_1000,0.6838905775075987,11864649143.7,11.8646491437,130524193.0,2026-06-10,TWSE basic issued common shares * TWSE latest close
2527.TW,2527,TWSE,宏璟,14,建材營造,construction,real_asset,traditional,construction,member,False,real_asset,construction,construction__small,small,1243,0.450199203187251,8311576.743509294,15135650.347779864,120.0,2026-06-18,39.79999923706055,1988313.0,trade_group_exact,high,False,legacy_subindustry_rule,medium,official_code_fallback,727.0,cap_501_1000,0.6322188449848024,9352587600.0,9.3525876,270306000.0,2026-06-10,TWSE basic issued common shares * TWSE latest close
2537.TW,2537,TWSE,聯上發,14,建材營造,construction,real_asset,traditional,construction,member,False,real_asset,construction,construction__small,small,1248,0.4479858344400177,8219163.805027962,14126244.603604387,120.0,2026-06-18,12.0,6917200.0,trade_group_exact,high,False,legacy_subindustry_rule,medium,official_code_fallback,1238.0,cap_1001_plus,0.373353596757852,3336191524.5,3.3361915245,300557795.0,2026-06-10,TWSE basic issued common shares * TWSE latest close
3052.TW,3052,TWSE,夆典,14,建材營造,construction,real_asset,traditional,construction,member,False,real_asset,construction,construction__small,small,1316,0.417884019477645,6971495.471647739,8533423.668761738,120.0,2026-06-18,10.850000381469728,346649.0,trade_group_exact,high,False,legacy_subindustry_rule,medium,official_code_fallback,1399.0,cap_1001_plus,0.2917933130699088,2542378903.9,2.5423789039,233245771.0,2026-06-10,TWSE basic issued common shares * TWSE latest close
5512.TWO,5512,TPEX,力麒,14,建材營造,construction,real_asset,traditional,construction,member,False,real_asset,construction,construction__small,small,1350,0.4028331119964586,6399098.009457827,6881677.2402944425,120.0,2026-06-18,7.949999809265137,1643874.0,trade_group_exact,high,False,legacy_subindustry_rule,medium,official_code_fallback,932.0,cap_501_1000,0.5283687943262412,6122836827.06,6.12283682706,766312494.0,2026-06-10,TPEX daily market value shares * close; API MarketValue retained for audit
2536.TW,2536,TWSE,宏普,14,建材營造,construction,real_asset,traditional,construction,member,False,real_asset,construction,construction__small,small,1388,0.3860115095174856,5727053.94134903,7345199.427857336,120.0,2026-06-18,22.350000381469727,4122350.0,trade_group_exact,high,False,legacy_subindustry_rule,medium,official_code_fallback,855.0,cap_501_1000,0.5673758865248226,7188666883.200001,7.188666883200001,332808652.0,2026-06-10,TWSE basic issued common shares * TWSE latest close
9906.TW,9906,TWSE,欣巴巴,14,建材營造,construction,real_asset,traditional,construction,member,False,real_asset,construction,construction__small,small,1427,0.368747233289066,5188628.662109375,9232014.984957729,120.0,2026-06-18,46.79999923706055,931006.0,trade_group_exact,high,False,legacy_subindustry_rule,medium,official_code_fallback,1128.0,cap_1001_plus,0.4290780141843971,4179906557.5,4.1799065575,90376358.0,2026-06-10,TWSE basic issued common shares * TWSE latest close
2505.TW,2505,TWSE,國揚,14,建材營造,construction,real_asset,traditional,construction,member,False,real_asset,construction,construction__small,small,1432,0.3665338645418327,5145447.149600984,6685539.706490771,120.0,2026-06-18,18.799999237060547,754545.0,trade_group_exact,high,False,legacy_subindustry_rule,medium,official_code_fallback,842.0,cap_501_1000,0.5739614994934144,7334000000.0,7.334,380000000.0,2026-06-10,TWSE basic issued common shares * TWSE latest close
6219.TWO,6219,TPEX,富旺,14,建材營造,construction,real_asset,traditional,construction,member,False,real_asset,construction,construction__small,small,1489,0.3413014608233732,4366340.4,5889816.461864697,120.0,2026-06-18,12.850000381469728,446108.0,trade_group_exact,high,False,legacy_subindustry_rule,medium,official_code_fallback,1598.0,cap_1001_plus,0.190982776089159,1699552424.0,1.699552424,124967090.0,2026-06-10,TPEX daily market value shares * close; API MarketValue retained for audit
9946.TW,9946,TWSE,三發地產,14,建材營造,construction,real_asset,traditional,construction,member,False,real_asset,construction,construction__small,small,1499,0.3368747233289065,4296128.411596298,5251406.112794494,120.0,2026-06-18,20.600000381469727,3006011.0,trade_group_exact,high,False,legacy_subindustry_rule,medium,official_code_fallback,954.0,cap_501_1000,0.5172239108409321,5812663870.0,5.81266387,326554150.0,2026-06-10,TWSE basic issued common shares * TWSE latest close
4113.TWO,4113,TPEX,聯上,14,建材營造,construction,real_asset,traditional,construction,member,False,real_asset,construction,construction__small,small,1519,0.3280212483399735,4077547.035879135,5908572.957014947,120.0,2026-06-18,17.350000381469727,269000.0,trade_group_exact,high,False,legacy_subindustry_rule,medium,official_code_fallback,1165.0,cap_1001_plus,0.4103343465045592,3813779260.5,3.8137792605,231138137.0,2026-06-10,TPEX daily market value shares * close; API MarketValue retained for audit
2524.TW,2524,TWSE,京城,14,建材營造,construction,real_asset,traditional,construction,member,False,real_asset,construction,construction__small,small,1536,0.3204957945993802,3877612.5,5689684.961433029,120.0,2026-06-18,39.25,362000.0,trade_group_exact,high,False,legacy_subindustry_rule,medium,official_code_fallback,564.0,cap_501_1000,0.7147922998986829,13724382937.5,13.7243829375,365983545.0,2026-06-10,TWSE basic issued common shares * TWSE latest close
5531.TW,5531,TWSE,鄉林,14,建材營造,construction,real_asset,traditional,construction,member,False,real_asset,construction,construction__small,small,1568,0.3063302346170872,3532595.2514619827,4042069.0937564215,120.0,2026-06-18,8.270000457763672,675295.0,trade_group_exact,high,False,legacy_subindustry_rule,medium,official_code_fallback,789.0,cap_501_1000,0.6008105369807497,8309508582.5,8.3095085825,977589245.0,2026-06-10,TWSE basic issued common shares * TWSE latest close
2516.TW,2516,TWSE,新建,14,建材營造,construction,real_asset,traditional,construction,member,False,real_asset,construction,construction__small,small,1575,0.3032315183709606,3505098.552125931,4881607.731092374,120.0,2026-06-18,13.350000381469728,158165.0,trade_group_exact,high,False,legacy_subindustry_rule,medium,official_code_fallback,1303.0,cap_1001_plus,0.3404255319148936,2964247786.7,2.9642477867,226278457.0,2026-06-10,TWSE basic issued common shares * TWSE latest close
2538.TW,2538,TWSE,基泰,14,建材營造,construction,real_asset,traditional,construction,member,False,real_asset,construction,construction__small,small,1618,0.2841965471447543,3067265.006530285,3584271.8413445074,120.0,2026-06-18,10.100000381469728,580388.0,trade_group_exact,high,False,legacy_subindustry_rule,medium,official_code_fallback,1080.0,cap_1001_plus,0.4533941236068896,4517008774.25,4.51700877425,445025495.0,2026-06-10,TWSE basic issued common shares * TWSE latest close
2596.TWO,2596,TPEX,綠意,14,建材營造,construction,real_asset,traditional,construction,member,False,real_asset,construction,construction__small,small,1641,0.2740150509074812,2891088.2,3881024.323798383,120.0,2026-06-18,30.799999237060547,62000.0,trade_group_exact,high,False,legacy_subindustry_rule,medium,official_code_fallback,1278.0,cap_1001_plus,0.3530901722391084,3155000000.0,3.155,100000000.0,2026-06-10,TPEX daily market value shares * close; API MarketValue retained for audit
4416.TWO,4416,TPEX,三圓,14,建材營造,construction,real_asset,traditional,construction,member,False,real_asset,construction,construction__small,small,1649,0.2704736609119079,2822000.0,5448728.109156773,120.0,2026-06-18,10.0,1837000.0,trade_group_exact,high,False,legacy_subindustry_rule,medium,official_code_fallback,1884.0,cap_1001_plus,0.0460992907801418,780013857.8,0.7800138578,73586213.0,2026-06-10,TPEX daily market value shares * close; API MarketValue retained for audit
2509.TW,2509,TWSE,全坤建,14,建材營造,construction,real_asset,traditional,construction,member,False,real_asset,construction,construction__small,small,1709,0.2439132359451085,2381399.969100952,2958754.52215128,120.0,2026-06-18,14.550000190734863,374372.0,trade_group_exact,high,False,legacy_subindustry_rule,medium,official_code_fallback,1266.0,cap_1001_plus,0.3591691995947315,3211072579.0,3.211072579,224550530.0,2026-06-10,TWSE basic issued common shares * TWSE latest close
1472.TW,1472,TWSE,三洋實業,14,建材營造,construction,real_asset,traditional,construction,member,False,real_asset,construction,construction__small,small,1718,0.2399291722000885,2316499.961853028,3710220.101022402,120.0,2026-06-18,91.0,94000.0,trade_group_exact,high,False,legacy_subindustry_rule,medium,official_code_fallback,1056.0,cap_1001_plus,0.4655521783181358,4666190489.8,4.6661904898,52488082.0,2026-06-10,TWSE basic issued common shares * TWSE latest close
5324.TWO,5324,TPEX,士開,14,建材營造,construction,real_asset,traditional,construction,member,False,real_asset,construction,construction__small,small,1720,0.2390438247011952,2298750.0,2711811.7218018626,120.0,2026-06-18,12.100000381469728,610201.0,trade_group_exact,high,False,legacy_subindustry_rule,medium,official_code_fallback,1351.0,cap_1001_plus,0.3161094224924012,2727868034.5,2.7278680345,226379090.0,2026-06-10,TPEX daily market value shares * close; API MarketValue retained for audit
2718.TWO,2718,TPEX,全心投控,14,建材營造,construction,real_asset,traditional,construction,member,False,real_asset,construction,construction__small,small,1727,0.2359451084550686,2246449.9835968018,3161665.967306589,120.0,2026-06-18,51.0,109000.0,trade_group_exact,high,False,legacy_subindustry_rule,medium,official_code_fallback,1125.0,cap_1001_plus,0.430597771023303,4190511600.0,4.1905116,87576000.0,2026-06-10,TPEX daily market value shares * close; API MarketValue retained for audit
3521.TWO,3521,TPEX,台鋼建設,14,建材營造,construction,real_asset,traditional,construction,member,False,real_asset,construction,construction__small,small,1739,0.2306330234617087,2113349.45,4290018.206803472,120.0,2026-06-18,12.550000190734863,48000.0,trade_group_exact,high,False,legacy_subindustry_rule,medium,official_code_fallback,1437.0,cap_1001_plus,0.2725430597771023,2396375620.8,2.3963756208,185765552.0,2026-06-10,TPEX daily market value shares * close; API MarketValue retained for audit
5533.TW,5533,TWSE,皇鼎,14,建材營造,construction,real_asset,traditional,construction,member,False,real_asset,construction,construction__small,small,1795,0.2058432934926959,1735739.5536146162,2163578.09900508,120.0,2026-06-18,14.0,282346.0,trade_group_exact,high,False,legacy_subindustry_rule,medium,official_code_fallback,1144.0,cap_1001_plus,0.4209726443768997,4021953710.4,4.0219537104,285244944.0,2026-06-10,TWSE basic issued common shares * TWSE latest close
5206.TWO,5206,TPEX,坤悅,14,建材營造,construction,real_asset,traditional,construction,member,False,real_asset,construction,construction__small,small,1816,0.1965471447543161,1614849.474982262,3395616.4463648577,120.0,2026-06-18,23.899999618530277,214200.0,trade_group_exact,high,False,legacy_subindustry_rule,medium,official_code_fallback,1133.0,cap_1001_plus,0.4265450861195542,4133571750.000001,4.133571750000001,171517500.0,2026-06-10,TPEX daily market value shares * close; API MarketValue retained for audit
5525.TW,5525,TWSE,順天,14,建材營造,construction,real_asset,traditional,construction,member,False,real_asset,construction,construction__small,small,1822,0.1938911022576361,1584599.9755859375,1871291.0979463733,120.0,2026-06-18,22.549999237060547,187000.0,trade_group_exact,high,False,legacy_subindustry_rule,medium,official_code_fallback,863.0,cap_501_1000,0.563323201621074,7093749929.400001,7.0937499294,318105378.0,2026-06-10,TWSE basic issued common shares * TWSE latest close
3512.TWO,3512,TPEX,皇龍,14,建材營造,construction,real_asset,traditional,construction,member,False,real_asset,construction,construction__small,small,1844,0.1841522797698096,1468700.0408172607,1597777.896708765,120.0,2026-06-18,20.799999237060547,117318.0,trade_group_exact,high,False,legacy_subindustry_rule,medium,official_code_fallback,1440.0,cap_1001_plus,0.2710233029381965,2374519812.0,2.374519812,113072372.0,2026-06-10,TPEX daily market value shares * close; API MarketValue retained for audit
4907.TWO,4907,TPEX,富宇,14,建材營造,construction,real_asset,traditional,construction,member,False,real_asset,construction,construction__small,small,1855,0.1792828685258963,1407445.9,2181456.562118124,120.0,2026-06-18,42.5,142000.0,trade_group_exact,high,False,legacy_subindustry_rule,medium,official_code_fallback,1061.0,cap_1001_plus,0.4630192502532928,4643129075.4,4.643129075399999,118145778.0,2026-06-10,TPEX daily market value shares * close; API MarketValue retained for audit
3489.TWO,3489,TPEX,森寶,14,建材營造,construction,real_asset,traditional,construction,member,False,real_asset,construction,construction__small,small,1863,0.1757414785303231,1366058.25,2448945.5738854567,120.0,2026-06-18,22.950000762939453,222000.0,trade_group_exact,high,False,legacy_subindustry_rule,medium,official_code_fallback,1521.0,cap_1001_plus,0.2299898682877406,2030650879.75,2.03065087975,90452155.0,2026-06-10,TPEX daily market value shares * close; API MarketValue retained for audit
2506.TW,2506,TWSE,太設,14,建材營造,construction,real_asset,traditional,construction,member,False,real_asset,construction,construction__small,small,1875,0.1704293935369633,1286343.3893909454,1566741.94592309,120.0,2026-06-18,8.960000038146973,169322.0,trade_group_exact,high,False,legacy_subindustry_rule,medium,official_code_fallback,1219.0,cap_1001_plus,0.3829787234042553,3483000000.0,3.483,387000000.0,2026-06-10,TWSE basic issued common shares * TWSE latest close
5529.TWO,5529,TPEX,鉅陞,14,建材營造,construction,real_asset,traditional,construction,member,False,real_asset,construction,construction__small,small,1893,0.1624612660469234,1223849.9908447266,1800648.912956677,120.0,2026-06-18,22.0,99000.0,trade_group_exact,high,False,legacy_subindustry_rule,medium,official_code_fallback,1414.0,cap_1001_plus,0.28419452887538,2464425855.0,2.464425855,105769350.0,2026-06-10,TPEX daily market value shares * close; API MarketValue retained for audit
8080.TWO,8080,TPEX,泰霖,14,建材營造,construction,real_asset,traditional,construction,member,False,real_asset,construction,construction__small,small,1918,0.1513944223107569,1078409.677471161,4024798.024103677,120.0,2026-06-18,28.799999237060547,29013.0,trade_group_exact,high,False,legacy_subindustry_rule,medium,official_code_fallback,1555.0,cap_1001_plus,0.2127659574468084,1880586988.0,1.880586988,67163821.0,2026-06-10,TPEX daily market value shares * close; API MarketValue retained for audit
5547.TWO,5547,TPEX,久舜,14,建材營造,construction,real_asset,traditional,construction,member,False,real_asset,construction,construction__small,small,1930,0.146082337317397,1060697.9011774063,2041764.5302059017,120.0,2026-06-18,22.100000381469727,37000.0,trade_group_exact,high,False,legacy_subindustry_rule,medium,official_code_fallback,1825.0,cap_1001_plus,0.0759878419452887,991807200.0,0.9918072,45288000.0,2026-06-10,TPEX daily market value shares * close; API MarketValue retained for audit
5523.TWO,5523,TPEX,豐謙,14,建材營造,construction,real_asset,traditional,construction,member,False,real_asset,construction,construction__small,small,1947,0.1385568835768038,987606.9942283632,1541213.4989957877,120.0,2026-06-18,30.450000762939453,39000.0,trade_group_exact,high,False,legacy_subindustry_rule,medium,official_code_fallback,1052.0,cap_1001_plus,0.4675785207700101,4712044505.599999,4.7120445056,155001464.0,2026-06-10,TPEX daily market value shares * close; API MarketValue retained for audit
1805.TW,1805,TWSE,寶徠,14,建材營造,construction,real_asset,traditional,construction,member,False,real_asset,construction,construction__small,small,1949,0.1376715360779106,968702.24166584,1941151.2207842588,120.0,2026-06-18,10.350000381469728,160007.0,trade_group_exact,high,False,legacy_subindustry_rule,medium,official_code_fallback,1664.0,cap_1001_plus,0.157548125633232,1423938300.25,1.42393830025,134970455.0,2026-06-10,TWSE basic issued common shares * TWSE latest close
5548.TWO,5548,TPEX,安倉,14,建材營造,construction,real_asset,traditional,construction,member,False,real_asset,construction,construction__small,small,1961,0.1323594510845507,917048.8,1250501.9217032655,120.0,2026-06-18,23.850000381469727,30100.0,trade_group_exact,high,False,legacy_subindustry_rule,medium,official_code_fallback,1688.0,cap_1001_plus,0.1453900709219858,1353081904.1999998,1.3530819041999995,57824013.0,2026-06-10,TPEX daily market value shares * close; API MarketValue retained for audit
1438.TW,1438,TWSE,三地開發,14,建材營造,construction,real_asset,traditional,construction,member,False,real_asset,construction,construction__small,small,1982,0.1230633023461709,833071.0810890198,1153527.6816369374,120.0,2026-06-18,22.25,107000.0,trade_group_exact,high,False,legacy_subindustry_rule,medium,official_code_fallback,1421.0,cap_1001_plus,0.2806484295845998,2435406122.1,2.4354061221,111205759.0,2026-06-10,TWSE basic issued common shares * TWSE latest close
1453.TW,1453,TWSE,大將,14,建材營造,construction,real_asset,traditional,construction,member,False,real_asset,construction,construction__small,small,1985,0.1217352810978309,812727.081097126,1357242.1815028903,120.0,2026-06-18,11.800000190734863,69295.0,trade_group_exact,high,False,legacy_subindustry_rule,medium,official_code_fallback,1700.0,cap_1001_plus,0.1393110435663627,1324943661.6,1.3249436616,113243048.0,2026-06-10,TWSE basic issued common shares * TWSE latest close
8424.TWO,8424,TPEX,惠普,14,建材營造,construction,real_asset,traditional,construction,member,False,real_asset,construction,construction__small,small,2011,0.1102257636122178,745000.0,921088.4660396448,120.0,2026-06-18,69.0,9010.0,trade_group_exact,high,False,legacy_subindustry_rule,medium,official_code_fallback,1376.0,cap_1001_plus,0.3034447821681864,2635574300.8,2.6355743008,36054368.0,2026-06-10,TPEX daily market value shares * close; API MarketValue retained for audit
1439.TW,1439,TWSE,雋揚,14,建材營造,construction,real_asset,traditional,construction,member,False,real_asset,construction,construction__small,small,2037,0.0987162461266046,687125.0,1220861.01520168,120.0,2026-06-18,25.299999237060547,1000.0,trade_group_exact,high,False,legacy_subindustry_rule,medium,official_code_fallback,1452.0,cap_1001_plus,0.2649442755825735,2323000000.0,2.323,92000000.0,2026-06-10,TWSE basic issued common shares * TWSE latest close
2923.TW,2923,TWSE,鼎固-KY,14,建材營造,construction,real_asset,traditional,construction,member,False,real_asset,construction,construction__small,small,2038,0.098273572377158,673217.8432016373,1713252.023043553,120.0,2026-06-18,23.549999237060547,95306.0,trade_group_exact,high,False,legacy_subindustry_rule,medium,official_code_fallback,282.0,cap_251_500,0.8576494427558258,38286533604.0,38.286533604,1740296982.0,2026-06-10,TWSE basic issued common shares * TWSE latest close
1456.TW,1456,TWSE,怡華,14,建材營造,construction,real_asset,traditional,construction,member,False,real_asset,construction,construction__small,small,2039,0.0978308986277113,671076.8906536102,956780.3784491856,120.0,2026-06-18,15.5,185762.0,trade_group_exact,high,False,legacy_subindustry_rule,medium,official_code_fallback,1706.0,cap_1001_plus,0.1362715298885511,1302708000.0,1.302708,93720000.0,2026-06-10,TWSE basic issued common shares * TWSE latest close
5543.TWO,5543,TPEX,桓鼎-KY,14,建材營造,construction,real_asset,traditional,construction,member,False,real_asset,construction,construction__small,small,2051,0.0925188136343514,625770.0050354004,1222667.0406400936,120.0,2026-06-18,29.450000762939453,13000.0,trade_group_exact,high,False,legacy_subindustry_rule,medium,official_code_fallback,1674.0,cap_1001_plus,0.1524822695035461,1387096712.1,1.3870967121,46703593.0,2026-06-10,TPEX daily market value shares * close; API MarketValue retained for audit
3266.TW,3266,TWSE,昇陽,14,建材營造,construction,real_asset,traditional,construction,member,False,real_asset,construction,construction__small,small,2057,0.0898627711376715,607919.2665958406,814298.1816457828,120.0,2026-06-18,13.699999809265137,129000.0,trade_group_exact,high,False,legacy_subindustry_rule,medium,official_code_fallback,1063.0,cap_1001_plus,0.4620060790273556,4632933163.35,4.632933163350001,352314309.0,2026-06-10,TWSE basic issued common shares * TWSE latest close
5516.TWO,5516,TPEX,雙喜,14,建材營造,construction,real_asset,traditional,construction,member,False,real_asset,construction,construction__small,small,2092,0.0743691899070385,507549.9997138977,882101.2175764147,120.0,2026-06-18,11.149999618530272,163010.0,trade_group_exact,high,False,legacy_subindustry_rule,medium,official_code_fallback,1927.0,cap_1001_plus,0.0243161094224924,566997453.0,0.566997453,51545223.0,2026-06-10,TPEX daily market value shares * close; API MarketValue retained for audit
5520.TWO,5520,TPEX,力泰,14,建材營造,construction,real_asset,traditional,construction,member,False,real_asset,construction,construction__small,small,2100,0.0708277999114652,493200.0045776367,762169.2581500371,120.0,2026-06-18,82.30000305175781,2015.0,trade_group_exact,high,False,legacy_subindustry_rule,medium,official_code_fallback,1027.0,cap_1001_plus,0.4802431610942249,4947957712.5,4.9479577125,59975245.0,2026-06-10,TPEX daily market value shares * close; API MarketValue retained for audit
6171.TWO,6171,TPEX,大城地產,14,建材營造,construction,real_asset,traditional,construction,member,False,real_asset,construction,construction__small,small,2112,0.0655157149181053,449805.0091743469,581217.6927635733,120.0,2026-06-18,24.899999618530277,33000.0,trade_group_exact,high,False,legacy_subindustry_rule,medium,official_code_fallback,1418.0,cap_1001_plus,0.2821681864235056,2445000000.0,2.445,100000000.0,2026-06-10,TPEX daily market value shares * close; API MarketValue retained for audit
6198.TWO,6198,TPEX,瑞築,14,建材營造,construction,real_asset,traditional,construction,member,False,real_asset,construction,construction__small,small,2126,0.0593182824258521,411547.2072486877,632013.4844524383,120.0,2026-06-18,20.950000762939453,5000.0,trade_group_exact,high,False,legacy_subindustry_rule,medium,official_code_fallback,1205.0,cap_1001_plus,0.3900709219858156,3539417227.4999995,3.5394172274999995,171400350.0,2026-06-10,TPEX daily market value shares * close; API MarketValue retained for audit
5546.TW,5546,TWSE,永固-KY,14,建材營造,construction,real_asset,traditional,construction,member,False,real_asset,construction,construction__small,small,2137,0.0544488711819388,358600.00801086426,510285.147971185,120.0,2026-06-18,17.049999237060547,31000.0,trade_group_exact,high,False,legacy_subindustry_rule,medium,official_code_fallback,1690.0,cap_1001_plus,0.1443768996960486,1350595792.8,1.3505957928,82353402.0,2026-06-10,TWSE basic issued common shares * TWSE latest close
6264.TWO,6264,TPEX,富裔,14,建材營造,construction,real_asset,traditional,construction,member,False,real_asset,construction,construction__small,small,2163,0.0429393536963258,268607.4,422706.8482899871,120.0,2026-06-18,6.010000228881836,180000.0,trade_group_exact,high,False,legacy_subindustry_rule,medium,official_code_fallback,1869.0,cap_1001_plus,0.0536980749746707,831767275.0999999,0.8317672750999999,136355291.0,2026-06-10,TPEX daily market value shares * close; API MarketValue retained for audit
6212.TWO,6212,TPEX,理銘,14,建材營造,construction,real_asset,traditional,construction,member,False,real_asset,construction,construction__small,small,2179,0.0358565737051792,229223.74771118164,372553.29048868816,120.0,2026-06-18,28.75,1000.0,trade_group_exact,high,False,legacy_subindustry_rule,medium,official_code_fallback,1313.0,cap_1001_plus,0.3353596757852076,2907000000.0,2.907,102000000.0,2026-06-10,TPEX daily market value shares * close; API MarketValue retained for audit
5514.TWO,5514,TPEX,三豐,14,建材營造,construction,real_asset,traditional,construction,member,False,real_asset,construction,construction__small,small,2218,0.0185922974767596,118172.99732971191,548440.3085766522,120.0,2026-06-18,14.050000190734863,0.0,trade_group_exact,high,False,legacy_subindustry_rule,medium,official_code_fallback,1253.0,cap_1001_plus,0.3657548125633232,3258432264.0,3.258432264,236118280.0,2026-06-10,TPEX daily market value shares * close; API MarketValue retained for audit
2348.TW,2348,TWSE,海悅,20,其他,real_estate_sales,real_asset,other,real_estate_sales,member,False,real_asset,real_estate_sales,real_estate_sales__small,small,863,0.618415227976981,26847901.449798584,34793622.07260914,120.0,2026-06-18,76.80000305175781,1975284.0,trade_group_exact,high,False,legacy_subindustry_rule,medium,exact_symbol,626.0,cap_501_1000,0.6833839918946302,11863300419.3,11.8633004193,151898853.0,2026-06-10,TWSE basic issued common shares * TWSE latest close
2340.TW,2340,TWSE,台亞,24,半導體業,semi_compound_discrete,semiconductor,semi,semi_compound_discrete,member,False,semiconductor,compound_discrete,compound_discrete__small_mid,small_mid,584,0.7419212040725984,77983696.76143646,173332321.07285324,120.0,2026-06-18,39.95000076293945,19869472.0,trade_group_exact,high,False,legacy_subindustry_rule,medium,exact_symbol,541.0,cap_501_1000,0.7264437689969605,14364898206.5,14.3648982065,438622846.0,2026-06-10,TWSE basic issued common shares * TWSE latest close
2330.TW,2330,TWSE,台積電,24,半導體業,semi_foundry,semiconductor,semi,semi_foundry,core_leader,True,semiconductor,foundry,foundry__large,large,1,1.0,52460062575.0,60147255966.75,120.0,2026-06-18,2410.0,46429815.0,trade_group_exact,high,False,exact_symbol,high,exact_symbol,1.0,cap_001_050,1.0,58477494501085.0,58477.494501085,25932370067.0,2026-06-10,TWSE basic issued common shares * TWSE latest close
6770.TW,6770,TWSE,力積電,24,半導體業,semi_foundry,semiconductor,semi,semi_foundry,member,False,semiconductor,foundry,foundry__large,large,10,0.99601593625498,8973739724.874527,12126423461.33473,120.0,2026-06-18,74.19999694824219,244021915.0,trade_group_exact,high,False,exact_symbol,high,exact_symbol,66.0,cap_051_100,0.9670719351570416,273300959246.00003,273.30095924600005,4243803715.0,2026-06-10,TWSE basic issued common shares * TWSE latest close
2303.TW,2303,TWSE,聯電,24,半導體業,semi_foundry,semiconductor,semi,semi_foundry,leader,True,semiconductor,foundry,foundry__large,large,35,0.9849490925188136,4567862723.008446,8228521607.996451,120.0,2026-06-18,145.5,293666572.0,trade_group_exact,high,False,exact_symbol,high,exact_symbol,9.0,cap_001_050,0.9959473150962512,1490372707095.0,1490.372707095,12576984870.0,2026-06-10,TWSE basic issued common shares * TWSE latest close
3443.TW,3443,TWSE,創意,24,半導體業,ic_design_highspeed,semiconductor,semi,semi_ic_design,leader,True,semiconductor,ic_design_highspeed,ic_design_highspeed__large,large,18,0.9924745462594068,6643033475.0,7119624010.333333,120.0,2026-06-18,4860.0,4599361.0,trade_group_exact,high,False,exact_symbol,high,exact_symbol,36.0,cap_001_050,0.9822695035460992,539397941775.0,539.397941775,134011911.0,2026-06-10,TWSE basic issued common shares * TWSE latest close
3661.TW,3661,TWSE,世芯-KY,24,半導體業,ic_design_highspeed,semiconductor,semi,semi_ic_design,leader,True,semiconductor,ic_design_highspeed,ic_design_highspeed__large,large,25,0.9893758300132802,6180207150.0,6797519581.916667,120.0,2026-06-18,4380.0,2106090.0,trade_group_exact,high,False,exact_symbol,high,exact_symbol,58.0,cap_051_100,0.9711246200607904,331649013600.0,331.6490136,82091340.0,2026-06-10,TWSE basic issued common shares * TWSE latest close
5274.TWO,5274,TPEX,信驊,24,半導體業,ic_design_highspeed,semiconductor,semi,semi_ic_design,member,False,semiconductor,ic_design_highspeed,ic_design_highspeed__large,large,54,0.9765382912793272,2946307800.0,3876983523.6666665,120.0,2026-06-18,18960.0,149137.0,trade_group_exact,high,False,exact_symbol,high,exact_symbol,27.0,cap_001_050,0.9868287740628168,636597215400.0,636.5972154,37802685.0,2026-06-10,TPEX daily market value shares * close; API MarketValue retained for audit
6415.TW,6415,TWSE,矽力*-KY,24,半導體業,ic_design_highspeed,semiconductor,semi,semi_ic_design,leader,True,semiconductor,ic_design_highspeed,ic_design_highspeed__mid_large,mid_large,106,0.953519256308101,1283580406.5,1946999851.525,120.0,2026-06-18,629.0,6148812.0,trade_group_exact,high,False,exact_symbol,high,exact_symbol,91.0,cap_051_100,0.9544072948328268,191404182002.5,191.4041820025,388637933.0,2026-06-10,TWSE basic issued common shares * TWSE latest close
6533.TW,6533,TWSE,晶心科,24,半導體業,ic_design_highspeed,semiconductor,semi,semi_ic_design,member,False,semiconductor,ic_design_highspeed,ic_design_highspeed__small_mid,small_mid,531,0.7653829127932714,98752043.75,155681076.4625,120.0,2026-06-18,201.5,274106.0,trade_group_exact,high,False,exact_symbol,high,exact_symbol,685.0,cap_501_1000,0.6534954407294833,10104856744.5,10.1048567445,50650911.0,2026-06-10,TWSE basic issued common shares * TWSE latest close
8081.TW,8081,TWSE,致新,24,半導體業,ic_design_highspeed,semiconductor,semi,semi_ic_design,member,False,semiconductor,ic_design_highspeed,ic_design_highspeed__small_mid,small_mid,565,0.750332005312085,85001624.5,125955772.65416668,120.0,2026-06-18,319.0,3892532.0,trade_group_exact,high,False,exact_symbol,high,exact_symbol,399.0,cap_251_500,0.7983789260385005,22275480612.0,22.275480612,86172072.0,2026-06-10,TWSE basic issued common shares * TWSE latest close
6411.TWO,6411,TPEX,晶焱,24,半導體業,ic_design_highspeed,semiconductor,semi,semi_ic_design,member,False,semiconductor,ic_design_highspeed,ic_design_highspeed__small_mid,small_mid,778,0.6560424966799469,32787068.415538788,40873868.576298185,120.0,2026-06-18,106.5,3561270.0,trade_group_exact,high,False,exact_symbol,high,exact_symbol,740.0,cap_501_1000,0.6256332320162108,9114257799.6,9.1142577996,99500631.0,2026-06-10,TPEX daily market value shares * close; API MarketValue retained for audit
2454.TW,2454,TWSE,聯發科,24,半導體業,ic_design_mobile,semiconductor,semi,semi_ic_design,core_leader,True,semiconductor,ic_design_mobile,ic_design_mobile__large,large,6,0.9977866312527668,12199861525.0,16390309850.375,120.0,2026-06-18,4390.0,12120210.0,trade_group_exact,high,False,exact_symbol,high,exact_symbol,2.0,cap_001_050,0.9994934143870314,6664185416085.0,6664.185416085,1603895407.0,2026-06-10,TWSE basic issued common shares * TWSE latest close
6223.TWO,6223,TPEX,旺矽,24,半導體業,ic_design_mobile,semiconductor,semi,semi_ic_design,member,False,semiconductor,ic_design_mobile,ic_design_mobile__large,large,43,0.9814077025232404,3844223637.5,4031519013.6666665,120.0,2026-06-18,6415.0,757141.0,trade_group_exact,high,False,legacy_subindustry_rule,medium,exact_symbol,30.0,cap_001_050,0.9853090172239108,565352152930.0,565.35215293,97981309.0,2026-06-10,TPEX daily market value shares * close; API MarketValue retained for audit
3529.TWO,3529,TPEX,力旺,24,半導體業,ic_design_mobile,semiconductor,semi,semi_ic_design,member,False,semiconductor,ic_design_mobile,ic_design_mobile__large,large,60,0.9738822487826472,2421651277.5,2953870947.7916665,120.0,2026-06-18,3270.0,392187.0,trade_group_exact,high,False,exact_symbol,high,exact_symbol,82.0,cap_051_100,0.958966565349544,222565746160.0,222.56574616,74686492.0,2026-06-10,TPEX daily market value shares * close; API MarketValue retained for audit
2379.TW,2379,TWSE,瑞昱,24,半導體業,ic_design_mobile,semiconductor,semi,semi_ic_design,leader,True,semiconductor,ic_design_mobile,ic_design_mobile__mid_large,mid_large,101,0.9557326250553342,1343165778.0,1558818774.1583333,120.0,2026-06-18,819.0,6476508.0,trade_group_exact,high,False,exact_symbol,high,exact_symbol,57.0,cap_051_100,0.9716312056737588,332505653445.0,332.505653445,515512641.0,2026-06-10,TWSE basic issued common shares * TWSE latest close
3034.TW,3034,TWSE,聯詠,24,半導體業,ic_design_mobile,semiconductor,semi,semi_ic_design,leader,True,semiconductor,ic_design_mobile,ic_design_mobile__mid_large,mid_large,110,0.9517485613103144,1219644965.0,1402732733.2125,120.0,2026-06-18,516.0,9752706.0,trade_group_exact,high,False,exact_symbol,high,exact_symbol,63.0,cap_051_100,0.9685916919959472,291172737916.5,291.1727379165,608511469.0,2026-06-10,TWSE basic issued common shares * TWSE latest close
6257.TW,6257,TWSE,矽格,24,半導體業,ic_design_mobile,semiconductor,semi,semi_ic_design,member,False,semiconductor,ic_design_mobile,ic_design_mobile__mid_large,mid_large,113,0.9504205400619744,1166682430.0,1646729349.0361297,120.0,2026-06-18,235.0,16673144.0,trade_group_exact,high,False,legacy_subindustry_rule,medium,exact_symbol,144.0,cap_101_250,0.9275582573454914,98476158137.5,98.4761581375,483912325.0,2026-06-10,TWSE basic issued common shares * TWSE latest close
6789.TW,6789,TWSE,采鈺,24,半導體業,ic_design_mobile,semiconductor,semi,semi_ic_design,member,False,semiconductor,ic_design_mobile,ic_design_mobile__mid_large,mid_large,196,0.9136786188579016,564757651.0,1568461667.9,120.0,2026-06-18,543.0,3808710.0,trade_group_exact,high,False,legacy_subindustry_rule,medium,exact_symbol,109.0,cap_101_250,0.945288753799392,146417594740.0,146.41759474,318299119.0,2026-06-10,TWSE basic issued common shares * TWSE latest close
6271.TW,6271,TWSE,同欣電,24,半導體業,ic_design_mobile,semiconductor,semi,semi_ic_design,member,False,semiconductor,ic_design_mobile,ic_design_mobile__mid_large,mid_large,200,0.9119079238601152,553270323.75,909076611.5625,120.0,2026-06-18,242.5,8909870.0,trade_group_exact,high,False,legacy_subindustry_rule,medium,exact_symbol,242.0,cap_101_250,0.8779128672745694,47038055400.0,47.0380554,209058024.0,2026-06-10,TWSE basic issued common shares * TWSE latest close
3035.TW,3035,TWSE,智原,24,半導體業,ic_design_mobile,semiconductor,semi,semi_ic_design,member,False,semiconductor,ic_design_mobile,ic_design_mobile__mid,mid,220,0.903054448871182,476787373.75,818933579.4958333,120.0,2026-06-18,209.0,8892845.0,trade_group_exact,high,False,legacy_subindustry_rule,medium,exact_symbol,251.0,cap_251_500,0.8733535967578521,45466029618.5,45.4660296185,260550313.0,2026-06-10,TWSE basic issued common shares * TWSE latest close
4966.TWO,4966,TPEX,譜瑞-KY,24,半導體業,ic_design_mobile,semiconductor,semi,semi_ic_design,member,False,semiconductor,ic_design_mobile,ic_design_mobile__mid,mid,224,0.9012837538733952,471833025.5,688506728.475,120.0,2026-06-18,693.0,2336825.0,trade_group_exact,high,False,exact_symbol,high,exact_symbol,224.0,cap_101_250,0.8870314083080041,52270055656.0,52.270055656,78957788.0,2026-06-10,TPEX daily market value shares * close; API MarketValue retained for audit
6683.TWO,6683,TPEX,雍智科技,24,半導體業,ic_design_mobile,semiconductor,semi,semi_ic_design,member,False,semiconductor,ic_design_mobile,ic_design_mobile__mid,mid,259,0.8857901726427623,381580762.75,782492523.85,120.0,2026-06-18,1650.0,898332.0,trade_group_exact,high,False,legacy_subindustry_rule,medium,exact_symbol,279.0,cap_251_500,0.8591691995947315,38855597010.0,38.85559701,27557161.0,2026-06-10,TPEX daily market value shares * close; API MarketValue retained for audit
6643.TWO,6643,TPEX,M31,24,半導體業,ic_design_mobile,semiconductor,semi,semi_ic_design,member,False,semiconductor,ic_design_mobile,ic_design_mobile__mid,mid,274,0.8791500664010624,341641481.25,491034467.72083336,120.0,2026-06-18,494.0,370190.0,trade_group_exact,high,False,legacy_subindustry_rule,medium,exact_symbol,440.0,cap_251_500,0.7776089159067883,19477942560.0,19.47794256,41798160.0,2026-06-10,TPEX daily market value shares * close; API MarketValue retained for audit
3135.TW,3135,TWSE,凌航,24,半導體業,ic_design_mobile,semiconductor,semi,semi_ic_design,member,False,semiconductor,ic_design_mobile,ic_design_mobile__mid,mid,285,0.8742806551571491,325350682.25,511193723.2088252,120.0,2026-06-18,198.0,2066742.0,trade_group_exact,high,False,legacy_subindustry_rule,medium,exact_symbol,448.0,cap_251_500,0.7735562310030395,18779905873.5,18.7799058735,90071491.0,2026-06-10,TWSE basic issued common shares * TWSE latest close
4919.TW,4919,TWSE,新唐,24,半導體業,ic_design_mobile,semiconductor,semi,semi_ic_design,member,False,semiconductor,ic_design_mobile,ic_design_mobile__mid,mid,304,0.8658698539176627,294173117.2744713,905127479.3491224,120.0,2026-06-18,196.5,19523053.0,trade_group_exact,high,False,legacy_subindustry_rule,medium,exact_symbol,187.0,cap_101_250,0.905775075987842,66742677612.0,66.742677612,419765268.0,2026-06-10,TWSE basic issued common shares * TWSE latest close
2458.TW,2458,TWSE,義隆,24,半導體業,ic_design_mobile,semiconductor,semi,semi_ic_design,member,False,semiconductor,ic_design_mobile,ic_design_mobile__mid,mid,316,0.8605577689243028,268830812.25,339645754.57916665,120.0,2026-06-18,172.0,14702722.0,trade_group_exact,high,False,legacy_subindustry_rule,medium,exact_symbol,253.0,cap_251_500,0.8723404255319149,44518477428.0,44.518477428,303880392.0,2026-06-10,TWSE basic issued common shares * TWSE latest close
6182.TWO,6182,TPEX,合晶,24,半導體業,ic_design_mobile,semiconductor,semi,semi_ic_design,member,False,semiconductor,ic_design_mobile,ic_design_mobile__mid,mid,323,0.8574590526781762,259583165.76304057,936363714.4234684,120.0,2026-06-18,120.0,114043114.0,trade_group_exact,high,False,legacy_subindustry_rule,medium,exact_symbol,245.0,cap_101_250,0.8763931104356636,46600843227.5,46.6008432275,593641315.0,2026-06-10,TPEX daily market value shares * close; API MarketValue retained for audit
3227.TWO,3227,TPEX,原相,24,半導體業,ic_design_mobile,semiconductor,semi,semi_ic_design,member,False,semiconductor,ic_design_mobile,ic_design_mobile__mid,mid,333,0.8530323151837096,243063562.0,294827831.1,120.0,2026-06-18,225.0,2002629.0,trade_group_exact,high,False,exact_symbol,high,exact_symbol,309.0,cap_251_500,0.8439716312056738,31906602504.0,31.906602504,150502842.0,2026-06-10,TPEX daily market value shares * close; API MarketValue retained for audit
6147.TWO,6147,TPEX,頎邦,24,半導體業,ic_design_mobile,semiconductor,semi,semi_ic_design,member,False,semiconductor,ic_design_mobile,ic_design_mobile__mid,mid,342,0.8490482514386897,225893064.58377072,1638698415.2076406,120.0,2026-06-18,252.0,25915908.0,trade_group_exact,high,False,legacy_subindustry_rule,medium,exact_symbol,100.0,cap_051_100,0.9498480243161094,168278139814.0,168.278139814,744593539.0,2026-06-10,TPEX daily market value shares * close; API MarketValue retained for audit
2363.TW,2363,TWSE,矽統,24,半導體業,ic_design_mobile,semiconductor,semi,semi_ic_design,member,False,semiconductor,ic_design_mobile,ic_design_mobile__mid,mid,390,0.8277999114652501,180599493.2295113,393680262.47265553,120.0,2026-06-18,62.900001525878906,8906165.0,trade_group_exact,high,False,legacy_subindustry_rule,medium,exact_symbol,332.0,cap_251_500,0.8323201621073961,28375847671.1,28.3758476711,514988161.0,2026-06-10,TWSE basic issued common shares * TWSE latest close
2388.TW,2388,TWSE,威盛,24,半導體業,ic_design_mobile,semiconductor,semi,semi_ic_design,member,False,semiconductor,ic_design_mobile,ic_design_mobile__mid,mid,395,0.8255865427180168,177412171.47868156,456956170.7529916,120.0,2026-06-18,81.4000015258789,26256186.0,trade_group_exact,high,False,legacy_subindustry_rule,medium,exact_symbol,288.0,cap_251_500,0.8546099290780143,35635493818.1,35.635493818099995,555935941.0,2026-06-10,TWSE basic issued common shares * TWSE latest close
2436.TW,2436,TWSE,偉詮電,24,半導體業,ic_design_mobile,semiconductor,semi,semi_ic_design,member,False,semiconductor,ic_design_mobile,ic_design_mobile__mid,mid,451,0.8007968127490039,131166846.03920364,361608540.9477669,120.0,2026-06-18,73.4000015258789,5124024.0,trade_group_exact,high,False,legacy_subindustry_rule,medium,exact_symbol,587.0,cap_501_1000,0.7031408308004052,12865991152.5,12.8659911525,200093175.0,2026-06-10,TWSE basic issued common shares * TWSE latest close
6104.TWO,6104,TPEX,創惟,24,半導體業,ic_design_mobile,semiconductor,semi,semi_ic_design,member,False,semiconductor,ic_design_mobile,ic_design_mobile__mid,mid,469,0.7928286852589641,122369335.944355,180507824.6001496,120.0,2026-06-18,103.5,3476625.0,trade_group_exact,high,False,legacy_subindustry_rule,medium,exact_symbol,741.0,cap_501_1000,0.6251266464032421,9112710700.0,9.1127107,91127107.0,2026-06-10,TPEX daily market value shares * close; API MarketValue retained for audit
4968.TW,4968,TWSE,立積,24,半導體業,ic_design_mobile,semiconductor,semi,semi_ic_design,member,False,semiconductor,ic_design_mobile,ic_design_mobile__mid,mid,472,0.7915006640106241,121314548.5,175082212.45833334,120.0,2026-06-18,113.5,1001369.0,trade_group_exact,high,False,legacy_subindustry_rule,medium,exact_symbol,704.0,cap_501_1000,0.64387031408308,9774249188.0,9.774249188,92209898.0,2026-06-10,TWSE basic issued common shares * TWSE latest close
8016.TW,8016,TWSE,矽創,24,半導體業,ic_design_mobile,semiconductor,semi,semi_ic_design,member,False,semiconductor,ic_design_mobile,ic_design_mobile__mid,mid,487,0.7848605577689243,116439377.25,155697819.18333334,120.0,2026-06-18,300.5,2511000.0,trade_group_exact,high,False,legacy_subindustry_rule,medium,exact_symbol,296.0,cap_251_500,0.8505572441742655,34419214974.0,34.419214974,120136876.0,2026-06-10,TWSE basic issued common shares * TWSE latest close
6231.TWO,6231,TPEX,系微,30,資訊服務業,ic_design_mobile,semiconductor,semi,semi_ic_design,member,False,semiconductor,ic_design_mobile,ic_design_mobile__mid,mid,499,0.7795484727755644,111731136.0,272311621.20416665,120.0,2026-06-18,277.0,284226.0,trade_group_exact,high,False,legacy_subindustry_rule,medium,exact_symbol,591.0,cap_501_1000,0.701114488348531,12691307708.0,12.691307708,45652186.0,2026-06-10,TPEX daily market value shares * close; API MarketValue retained for audit
4961.TW,4961,TWSE,天鈺,24,半導體業,ic_design_mobile,semiconductor,semi,semi_ic_design,member,False,semiconductor,ic_design_mobile,ic_design_mobile__mid,mid,508,0.7755644090305445,108233826.0,150744888.38333333,120.0,2026-06-18,174.0,1744703.0,trade_group_exact,high,False,legacy_subindustry_rule,medium,exact_symbol,435.0,cap_251_500,0.7801418439716312,19824964090.5,19.8249640905,121253603.0,2026-06-10,TWSE basic issued common shares * TWSE latest close
6138.TWO,6138,TPEX,茂達,24,半導體業,ic_design_mobile,semiconductor,semi,semi_ic_design,member,False,semiconductor,ic_design_mobile,ic_design_mobile__mid,mid,516,0.7720230190349713,105369248.5,170026399.09166667,120.0,2026-06-18,358.5,2388341.0,trade_group_exact,high,False,legacy_subindustry_rule,medium,exact_symbol,404.0,cap_251_500,0.7958459979736575,22009930500.0,22.0099305,75635500.0,2026-06-10,TPEX daily market value shares * close; API MarketValue retained for audit
3014.TW,3014,TWSE,聯陽,24,半導體業,ic_design_mobile,semiconductor,semi,semi_ic_design,member,False,semiconductor,ic_design_mobile,ic_design_mobile__small_mid,small_mid,548,0.7578574590526782,91500150.0,105605791.99166666,120.0,2026-06-18,157.5,3698410.0,trade_group_exact,high,False,legacy_subindustry_rule,medium,exact_symbol,394.0,cap_251_500,0.8009118541033434,22657242426.0,22.657242426,165987124.0,2026-06-10,TWSE basic issued common shares * TWSE latest close
5222.TW,5222,TWSE,全訊,24,半導體業,ic_design_mobile,semiconductor,semi,semi_ic_design,member,False,semiconductor,ic_design_mobile,ic_design_mobile__small_mid,small_mid,563,0.7512173528109783,85817099.75,120786057.84583332,120.0,2026-06-18,114.0,271785.0,trade_group_exact,high,False,legacy_subindustry_rule,medium,exact_symbol,680.0,cap_501_1000,0.6560283687943262,10293731384.0,10.293731384,91094968.0,2026-06-10,TWSE basic issued common shares * TWSE latest close
6485.TWO,6485,TPEX,點序,24,半導體業,ic_design_mobile,semiconductor,semi,semi_ic_design,member,False,semiconductor,ic_design_mobile,ic_design_mobile__small_mid,small_mid,576,0.7454625940681718,81470382.82396698,226523043.69405457,120.0,2026-06-18,88.4000015258789,903001.0,trade_group_exact,high,False,legacy_subindustry_rule,medium,exact_symbol,1127.0,cap_1001_plus,0.4295845997973657,4187197981.2,4.187197981200001,47366493.0,2026-06-10,TPEX daily market value shares * close; API MarketValue retained for audit
2401.TW,2401,TWSE,凌陽,24,半導體業,ic_design_mobile,semiconductor,semi,semi_ic_design,member,False,semiconductor,ic_design_mobile,ic_design_mobile__small_mid,small_mid,699,0.6910137228862329,45607472.9714241,83271053.47623043,120.0,2026-06-18,32.25,29135177.0,trade_group_exact,high,False,legacy_subindustry_rule,medium,exact_symbol,525.0,cap_501_1000,0.7345491388044579,15007071196.650002,15.00707119665,591994919.0,2026-06-10,TWSE basic issued common shares * TWSE latest close
6732.TWO,6732,TPEX,昇佳電子,24,半導體業,ic_design_mobile,semiconductor,semi,semi_ic_design,member,False,semiconductor,ic_design_mobile,ic_design_mobile__small,small,882,0.6100044267374944,24790543.0,34362265.166666664,120.0,2026-06-18,165.5,214324.0,trade_group_exact,high,False,legacy_subindustry_rule,medium,exact_symbol,830.0,cap_501_1000,0.5800405268490375,7483630554.0,7.483630554,48912618.0,2026-06-10,TPEX daily market value shares * close; API MarketValue retained for audit
3257.TW,3257,TWSE,虹冠電,24,半導體業,ic_design_mobile,semiconductor,semi,semi_ic_design,member,False,semiconductor,ic_design_mobile,ic_design_mobile__small,small,898,0.602921646746348,23826785.24856568,44600412.6107509,120.0,2026-06-18,61.09999847412109,1918092.0,trade_group_exact,high,False,legacy_subindustry_rule,medium,exact_symbol,1119.0,cap_1001_plus,0.4336372847011145,4230650270.0,4.23065027,79823590.0,2026-06-10,TWSE basic issued common shares * TWSE latest close
3041.TW,3041,TWSE,揚智,24,半導體業,ic_design_mobile,semiconductor,semi,semi_ic_design,member,False,semiconductor,ic_design_mobile,ic_design_mobile__small,small,1057,0.5325365205843293,15394509.542978289,27939088.61991205,120.0,2026-06-18,28.149999618530277,13461746.0,trade_group_exact,high,False,legacy_subindustry_rule,medium,exact_symbol,1239.0,cap_1001_plus,0.3728470111448835,3330311616.25,3.33031161625,140223647.0,2026-06-10,TWSE basic issued common shares * TWSE latest close
5471.TW,5471,TWSE,松翰,24,半導體業,ic_design_mobile,semiconductor,semi,semi_ic_design,member,False,semiconductor,ic_design_mobile,ic_design_mobile__small,small,1065,0.5289951305887561,14957421.648731232,35248652.78147456,120.0,2026-06-18,60.900001525878906,10299533.0,trade_group_exact,high,False,legacy_subindustry_rule,medium,exact_symbol,798.0,cap_501_1000,0.5962512664640325,8133643653.900001,8.1336436539,167877062.0,2026-06-10,TWSE basic issued common shares * TWSE latest close
6756.TW,6756,TWSE,威鋒電子,24,半導體業,ic_design_mobile,semiconductor,semi,semi_ic_design,member,False,semiconductor,ic_design_mobile,ic_design_mobile__small,small,1105,0.5112881806108898,12943254.895210266,18776453.62291139,120.0,2026-06-18,103.5,467443.0,trade_group_exact,high,False,legacy_subindustry_rule,medium,exact_symbol,897.0,cap_501_1000,0.5460992907801419,6565062000.0,6.565062,69990000.0,2026-06-10,TWSE basic issued common shares * TWSE latest close
3094.TW,3094,TWSE,聯傑,24,半導體業,ic_design_mobile,semiconductor,semi,semi_ic_design,member,False,semiconductor,ic_design_mobile,ic_design_mobile__small,small,1437,0.3643204957945993,5071360.625624658,12589027.830163542,120.0,2026-06-18,38.25,5014220.0,trade_group_exact,high,False,legacy_subindustry_rule,medium,exact_symbol,1434.0,cap_1001_plus,0.274062816616008,2402083872.1,2.4020838721,83117089.0,2026-06-10,TWSE basic issued common shares * TWSE latest close
3150.TW,3150,TWSE,鈺寶-創,24,半導體業,ic_design_mobile,semiconductor,semi,semi_ic_design,member,False,semiconductor,ic_design_mobile,ic_design_mobile__small,small,1933,0.1447543160690571,1035785.7639369963,1592995.917998902,120.0,2026-06-18,18.799999237060547,46000.0,trade_group_exact,high,False,legacy_subindustry_rule,medium,exact_symbol,1870.0,cap_1001_plus,0.0531914893617021,827631068.65,0.82763106865,44377001.0,2026-06-10,TWSE basic issued common shares * TWSE latest close
2351.TW,2351,TWSE,順德,24,半導體業,semi_leadframe,semiconductor_supply_chain,semi,semi_leadframe,member,False,semiconductor,leadframe,leadframe__mid,mid,449,0.8016821602478973,132548539.49295044,421450036.4292645,120.0,2026-06-18,195.0,13141395.0,trade_group_exact,high,False,legacy_subindustry_rule,medium,exact_symbol,310.0,cap_251_500,0.8434650455927052,31874543575.0,31.874543575,182140249.0,2026-06-10,TWSE basic issued common shares * TWSE latest close
2338.TW,2338,TWSE,光罩,24,半導體業,semi_mask_wafer_material,semiconductor_supply_chain,semi,semi_mask_wafer_material,member,False,semiconductor,mask_wafer_material,mask_wafer_material__small_mid,small_mid,562,0.751660026560425,86334202.68026733,169414554.9543257,120.0,2026-06-18,53.29999923706055,6706071.0,trade_group_exact,high,False,legacy_subindustry_rule,medium,exact_symbol,492.0,cap_251_500,0.7512664640324215,16306446184.35,16.30644618435,366849183.0,2026-06-10,TWSE basic issued common shares * TWSE latest close
2449.TW,2449,TWSE,京元電子,24,半導體業,packaging_test,semiconductor_supply_chain,semi,semi_packaging_test,member,False,semiconductor,packaging_test,packaging_test__large,large,23,0.9902611775121736,6187513290.75,6791831896.395833,120.0,2026-06-18,308.5,51061461.0,trade_group_exact,high,False,exact_symbol,high,exact_symbol,56.0,cap_051_100,0.9721377912867276,332586657680.0,332.58665768,1222745065.0,2026-06-10,TWSE basic issued common shares * TWSE latest close
3711.TW,3711,TWSE,日月光投控,24,半導體業,packaging_test,semiconductor_supply_chain,semi,semi_packaging_test,leader,True,semiconductor,packaging_test,packaging_test__large,large,26,0.9889331562638336,6100076348.5,7176633096.833333,120.0,2026-06-18,613.0,34220952.0,trade_group_exact,high,False,exact_symbol,high,exact_symbol,5.0,cap_001_050,0.9979736575481256,2404389031198.0,2404.389031198,4460833082.0,2026-06-10,TWSE basic issued common shares * TWSE latest close
5347.TWO,5347,TPEX,世界,24,半導體業,packaging_test,semiconductor_supply_chain,semi,semi_packaging_test,member,False,semiconductor,packaging_test,packaging_test__large,large,59,0.9743249225320938,2491732964.75,3439041384.1846457,120.0,2026-06-18,174.5,16947495.0,trade_group_exact,high,False,legacy_subindustry_rule,medium,exact_symbol,64.0,cap_051_100,0.9680851063829788,284777334137.5,284.7773341375,1867392355.0,2026-06-10,TPEX daily market value shares * close; API MarketValue retained for audit
6239.TW,6239,TWSE,力成,24,半導體業,packaging_test,semiconductor_supply_chain,semi,semi_packaging_test,member,False,semiconductor,packaging_test,packaging_test__large,large,66,0.9712262062859672,2263164258.75,2947337126.1833334,120.0,2026-06-18,363.5,60854535.0,trade_group_exact,high,False,exact_symbol,high,exact_symbol,80.0,cap_051_100,0.9599797365754812,230021430102.0,230.021430102,759146634.0,2026-06-10,TWSE basic issued common shares * TWSE latest close
3264.TWO,3264,TPEX,欣銓,24,半導體業,packaging_test,semiconductor_supply_chain,semi,semi_packaging_test,member,False,semiconductor,packaging_test,packaging_test__mid_large,mid_large,99,0.9566179725542276,1347609814.1411743,2137033655.9693863,120.0,2026-06-18,232.5,13928151.0,trade_group_exact,high,False,exact_symbol,high,exact_symbol,140.0,cap_101_250,0.9295845997973656,103670971074.0,103.670971074,490170076.0,2026-06-10,TPEX daily market value shares * close; API MarketValue retained for audit
8150.TW,8150,TWSE,南茂,24,半導體業,packaging_test,semiconductor_supply_chain,semi,semi_packaging_test,member,False,semiconductor,packaging_test,packaging_test__mid_large,mid_large,109,0.952191235059761,1225903342.737257,2085276312.490838,120.0,2026-06-18,104.0,72390881.0,trade_group_exact,high,False,exact_symbol,high,exact_symbol,200.0,cap_101_250,0.8991894630192503,62209392025.8,62.20939202579999,704523126.0,2026-06-10,TWSE basic issued common shares * TWSE latest close
8028.TW,8028,TWSE,昇陽半導體,24,半導體業,packaging_test,semiconductor_supply_chain,semi,semi_packaging_test,member,False,semiconductor,packaging_test,packaging_test__mid_large,mid_large,119,0.9477644975652944,1114014957.25,1816936635.2583327,120.0,2026-06-18,311.5,6908114.0,trade_group_exact,high,False,legacy_subindustry_rule,medium,exact_symbol,212.0,cap_101_250,0.8931104356636271,55214172090.0,55.21417209,175283086.0,2026-06-10,TWSE basic issued common shares * TWSE latest close
8110.TW,8110,TWSE,華東,24,半導體業,packaging_test,semiconductor_supply_chain,semi,semi_packaging_test,member,False,semiconductor,packaging_test,packaging_test__mid_large,mid_large,134,0.9411243913235944,977672788.5,2529928934.080623,120.0,2026-06-18,59.20000076293945,15069636.0,trade_group_exact,high,False,legacy_subindustry_rule,medium,exact_symbol,345.0,cap_251_500,0.8257345491388044,26818925576.8,26.8189255768,517739876.0,2026-06-10,TWSE basic issued common shares * TWSE latest close
2329.TW,2329,TWSE,華泰,24,半導體業,packaging_test,semiconductor_supply_chain,semi,semi_packaging_test,member,False,semiconductor,packaging_test,packaging_test__mid_large,mid_large,140,0.9384683488269144,904546239.9625512,1157491473.858349,120.0,2026-06-18,55.59999847412109,18290208.0,trade_group_exact,high,False,legacy_subindustry_rule,medium,exact_symbol,295.0,cap_251_500,0.851063829787234,34726577149.1,34.726577149099995,658948333.0,2026-06-10,TWSE basic issued common shares * TWSE latest close
2441.TW,2441,TWSE,超豐,24,半導體業,packaging_test,semiconductor_supply_chain,semi,semi_packaging_test,member,False,semiconductor,packaging_test,packaging_test__mid_large,mid_large,175,0.9229747675962816,657099652.5553207,891178780.7375764,120.0,2026-06-18,135.0,13672221.0,trade_group_exact,high,False,legacy_subindustry_rule,medium,exact_symbol,186.0,cap_101_250,0.9062816616008106,68545933480.5,68.5459334805,568845921.0,2026-06-10,TWSE basic issued common shares * TWSE latest close
8131.TW,8131,TWSE,福懋科,24,半導體業,packaging_test,semiconductor_supply_chain,semi,semi_packaging_test,member,False,semiconductor,packaging_test,packaging_test__mid_large,mid_large,210,0.9074811863656486,531548024.20996857,847029070.2361484,120.0,2026-06-18,75.9000015258789,6151318.0,trade_group_exact,high,False,legacy_subindustry_rule,medium,exact_symbol,320.0,cap_251_500,0.8383991894630193,29584666718.7,29.5846667187,442222223.0,2026-06-10,TWSE basic issued common shares * TWSE latest close
2369.TW,2369,TWSE,菱生,24,半導體業,packaging_test,semiconductor_supply_chain,semi,semi_packaging_test,member,False,semiconductor,packaging_test,packaging_test__mid,mid,279,0.8769366976538291,337445585.5991068,530146895.80463415,120.0,2026-06-18,36.84999847412109,25246010.0,trade_group_exact,high,False,legacy_subindustry_rule,medium,exact_symbol,628.0,cap_501_1000,0.682370820668693,11821182898.4,11.8211828984,380102344.0,2026-06-10,TWSE basic issued common shares * TWSE latest close
6719.TW,6719,TWSE,力智,24,半導體業,packaging_test,semiconductor_supply_chain,semi,semi_packaging_test,member,False,semiconductor,packaging_test,packaging_test__small_mid,small_mid,631,0.7211155378486056,61853834.25,84508448.49166666,120.0,2026-06-18,260.5,4006876.0,trade_group_exact,high,False,legacy_subindustry_rule,medium,exact_symbol,397.0,cap_251_500,0.7993920972644377,22468089657.0,22.468089657,105483989.0,2026-06-10,TWSE basic issued common shares * TWSE latest close
2481.TW,2481,TWSE,強茂,24,半導體業,semi_idm_power,semiconductor,semi,semi_discrete_power,member,False,semiconductor,power_discrete,power_discrete__mid_large,mid_large,79,0.9654714475431608,1849463995.4207344,2226701221.418293,120.0,2026-06-18,160.0,11662345.0,trade_group_exact,high,False,legacy_subindustry_rule,medium,exact_symbol,226.0,cap_101_250,0.8860182370820668,51776572608.5,51.7765726085,382114927.0,2026-06-10,TWSE basic issued common shares * TWSE latest close
2302.TW,2302,TWSE,麗正,24,半導體業,semi_idm_power,semiconductor,semi,semi_discrete_power,member,False,semiconductor,power_discrete,power_discrete__small,small,1149,0.4918105356352368,11057084.62912464,18589854.68891924,120.0,2026-06-18,47.0,30361952.0,trade_group_exact,high,False,legacy_subindustry_rule,medium,exact_symbol,996.0,cap_501_1000,0.4959473150962512,5321692192.0,5.321692192,166302881.0,2026-06-10,TWSE basic issued common shares * TWSE latest close
2434.TW,2434,TWSE,統懋,24,半導體業,semi_idm_power,semiconductor,semi,semi_discrete_power,member,False,semiconductor,power_discrete,power_discrete__small,small,2046,0.0947321823815847,642600.0080108643,1625086.682623307,120.0,2026-06-18,38.84999847412109,490123.0,trade_group_exact,high,False,legacy_subindustry_rule,medium,exact_symbol,1745.0,cap_1001_plus,0.1165146909827761,1200650000.0,1.20065,37000000.0,2026-06-10,TWSE basic issued common shares * TWSE latest close
6510.TWO,6510,TPEX,精測,24,半導體業,semi_equipment,semiconductor_supply_chain,semi,semi_equipment_material,member,False,semiconductor,semiconductor_equipment,semiconductor_equipment__large,large,74,0.967684816290394,2032158967.5,2370724841.583333,120.0,2026-06-18,3610.0,369274.0,trade_group_exact,high,False,exact_symbol,high,exact_symbol,137.0,cap_101_250,0.9311043566362716,105227436800.0,105.2274368,32883574.0,2026-06-10,TPEX daily market value shares * close; API MarketValue retained for audit
3131.TWO,3131,TPEX,弘塑,31,其他電子業,semi_equipment,semiconductor_supply_chain,semi,semi_equipment_material,leader,True,semiconductor,semiconductor_equipment,semiconductor_equipment__mid_large,mid_large,80,0.965028773793714,1841476830.0,1960443764.5,120.0,2026-06-18,3520.0,835347.0,trade_group_exact,high,False,exact_symbol,high,exact_symbol,154.0,cap_101_250,0.9224924012158054,92134366920.0,92.13436692,29672904.0,2026-06-10,TPEX daily market value shares * close; API MarketValue retained for audit
6187.TWO,6187,TPEX,萬潤,24,半導體業,semi_equipment,semiconductor_supply_chain,semi,semi_equipment_material,member,False,semiconductor,semiconductor_equipment,semiconductor_equipment__mid_large,mid_large,154,0.9322709163346614,798041981.0,2129161548.3833327,120.0,2026-06-18,1235.0,1705572.0,trade_group_exact,high,False,exact_symbol,high,exact_symbol,139.0,cap_101_250,0.9300911854103344,104575955025.0,104.575955025,98193385.0,2026-06-10,TPEX daily market value shares * close; API MarketValue retained for audit
3680.TWO,3680,TPEX,家登,24,半導體業,semi_equipment,semiconductor_supply_chain,semi,semi_equipment_material,member,False,semiconductor,semiconductor_equipment,semiconductor_equipment__mid_large,mid_large,192,0.9154493138556884,573107683.5,965541953.2291666,120.0,2026-06-18,542.0,3485788.0,trade_group_exact,high,False,legacy_subindustry_rule,medium,exact_symbol,239.0,cap_101_250,0.8794326241134752,47613887759.5,47.6138877595,96092609.0,2026-06-10,TPEX daily market value shares * close; API MarketValue retained for audit
6788.TWO,6788,TPEX,華景電,24,半導體業,semi_equipment,semiconductor_supply_chain,semi,semi_equipment_material,member,False,semiconductor,semiconductor_equipment,semiconductor_equipment__mid_large,mid_large,194,0.914563966356795,572382950.75,724583454.8583333,120.0,2026-06-18,438.0,708929.0,trade_group_exact,high,False,exact_symbol,high,exact_symbol,489.0,cap_251_500,0.7527862208713273,16425625592.0,16.425625592,38739683.0,2026-06-10,TPEX daily market value shares * close; API MarketValue retained for audit
6196.TW,6196,TWSE,帆宣,31,其他電子業,semi_equipment,semiconductor_supply_chain,semi,semi_equipment_material,leader,True,semiconductor,semiconductor_equipment,semiconductor_equipment__mid_large,mid_large,195,0.9141212926073484,570456213.0,754622312.7791667,120.0,2026-06-18,567.0,1975485.0,trade_group_exact,high,False,exact_symbol,high,exact_symbol,133.0,cap_101_250,0.933130699088146,110164764500.0,110.1647645,220329529.0,2026-06-10,TWSE basic issued common shares * TWSE latest close
3413.TW,3413,TWSE,京鼎,24,半導體業,semi_equipment,semiconductor_supply_chain,semi,semi_equipment_material,leader,True,semiconductor,semiconductor_equipment,semiconductor_equipment__mid,mid,235,0.896414342629482,427083339.5,524193698.06666666,120.0,2026-06-18,324.5,1888773.0,trade_group_exact,high,False,exact_symbol,high,exact_symbol,304.0,cap_251_500,0.8465045592705167,33060723020.0,33.06072302,110570980.0,2026-06-10,TWSE basic issued common shares * TWSE latest close
5443.TWO,5443,TPEX,均豪,24,半導體業,semi_equipment,semiconductor_supply_chain,semi,semi_equipment_material,member,False,semiconductor,semiconductor_equipment,semiconductor_equipment__mid,mid,321,0.8583444001770695,261373021.69680023,457890195.7222045,120.0,2026-06-18,107.0,1232025.0,trade_group_exact,high,False,exact_symbol,high,exact_symbol,485.0,cap_251_500,0.7548125633232017,16557037722.0,16.557037722,164746644.0,2026-06-10,TPEX daily market value shares * close; API MarketValue retained for audit
8261.TW,8261,TWSE,富鼎,24,半導體業,semi_equipment,semiconductor_supply_chain,semi,semi_equipment_material,member,False,semiconductor,semiconductor_equipment,semiconductor_equipment__mid,mid,410,0.8189464364763169,165221985.5598793,267247520.59751287,120.0,2026-06-18,215.0,2804186.0,trade_group_exact,high,False,legacy_subindustry_rule,medium,exact_symbol,452.0,cap_251_500,0.7715298885511651,18604468504.5,18.6044685045,118878393.0,2026-06-10,TWSE basic issued common shares * TWSE latest close
6538.TWO,6538,TPEX,倉和,28,電子零組件業,semi_equipment,semiconductor_supply_chain,semi,semi_equipment_material,member,False,semiconductor,semiconductor_equipment,semiconductor_equipment__small,small,1321,0.4156706507304116,6855208.07724762,11248682.713529242,120.0,2026-06-18,114.5,814001.0,trade_group_exact,high,False,legacy_subindustry_rule,medium,exact_symbol,1166.0,cap_1001_plus,0.4098277608915907,3795878100.0,3.7958781,38073000.0,2026-06-10,TPEX daily market value shares * close; API MarketValue retained for audit
3105.TWO,3105,TPEX,穩懋,24,半導體業,semiconductor_general,semiconductor,semi,semi_general,member,False,semiconductor,semiconductor_general,semiconductor_general__large,large,21,0.9911465250110668,6301595147.5,9114167132.116669,120.0,2026-06-18,528.0,38778005.0,trade_group_exact,high,True,legacy_subindustry_rule,medium,official_code_fallback,88.0,cap_051_100,0.9559270516717324,202643503552.0,202.643503552,423940384.0,2026-06-10,TPEX daily market value shares * close; API MarketValue retained for audit
7769.TW,7769,TWSE,鴻勁,24,半導體業,semiconductor_general,semiconductor,semi,semi_general,member,False,semiconductor,semiconductor_general,semiconductor_general__large,large,39,0.983178397521027,4251901530.0,5082687683.899082,109.0,2026-06-18,6975.0,1267991.0,trade_group_exact,high,True,legacy_subindustry_rule,medium,official_code_fallback,15.0,cap_001_050,0.9929078014184396,1230721200000.0,1230.7212,179930000.0,2026-06-10,TWSE basic issued common shares * TWSE latest close
6515.TW,6515,TWSE,穎崴,24,半導體業,semiconductor_general,semiconductor,semi,semi_general,member,False,semiconductor,semiconductor_general,semiconductor_general__large,large,57,0.9752102700309871,2583611887.5,2757686779.7916665,120.0,2026-06-18,9450.0,179690.0,trade_group_exact,high,True,legacy_subindustry_rule,medium,official_code_fallback,62.0,cap_051_100,0.969098277608916,292809091250.0,292.80909125,36038042.0,2026-06-10,TWSE basic issued common shares * TWSE latest close
4967.TW,4967,TWSE,十銓,24,半導體業,semiconductor_general,semiconductor,semi,semi_general,member,False,semiconductor,semiconductor_general,semiconductor_general__large,large,73,0.9681274900398408,2064730344.0,3066299948.55,120.0,2026-06-18,278.5,3849939.0,trade_group_exact,high,True,legacy_subindustry_rule,medium,official_code_fallback,391.0,cap_251_500,0.8024316109422492,22855124472.0,22.855124472,84963288.0,2026-06-10,TWSE basic issued common shares * TWSE latest close
6531.TW,6531,TWSE,愛普*,24,半導體業,semiconductor_general,semiconductor,semi,semi_general,member,False,semiconductor,semiconductor_general,semiconductor_general__mid_large,mid_large,77,0.966356795042054,1925196358.5,2665160231.85,120.0,2026-06-18,1025.0,5349210.0,trade_group_exact,high,True,legacy_subindustry_rule,medium,official_code_fallback,110.0,cap_101_250,0.9447821681864236,145460533608.0,145.460533608,162707532.0,2026-06-10,TWSE basic issued common shares * TWSE latest close
4749.TWO,4749,TPEX,新應材,24,半導體業,semiconductor_general,semiconductor,semi,semi_general,member,False,semiconductor,semiconductor_general,semiconductor_general__mid_large,mid_large,102,0.9552899513058876,1320662739.0,1759875579.025,120.0,2026-06-18,991.0,1441272.0,trade_group_exact,high,True,legacy_subindustry_rule,medium,official_code_fallback,158.0,cap_101_250,0.9204660587639312,85777900125.0,85.777900125,92732865.0,2026-06-10,TPEX daily market value shares * close; API MarketValue retained for audit
5269.TW,5269,TWSE,祥碩,24,半導體業,semiconductor_general,semiconductor,semi,semi_general,member,False,semiconductor,semiconductor_general,semiconductor_general__mid_large,mid_large,126,0.9446657813191678,1051510720.0,1391079272.2916667,120.0,2026-06-18,1455.0,1035656.0,trade_group_exact,high,True,legacy_subindustry_rule,medium,official_code_fallback,145.0,cap_101_250,0.9270516717325228,98257599675.0,98.257599675,74156679.0,2026-06-10,TWSE basic issued common shares * TWSE latest close
8271.TW,8271,TWSE,宇瞻,24,半導體業,semiconductor_general,semiconductor,semi,semi_general,member,False,semiconductor,semiconductor_general,semiconductor_general__mid_large,mid_large,142,0.9375830013280212,895083423.0,1246269816.5314362,120.0,2026-06-18,211.0,2131941.0,trade_group_exact,high,True,legacy_subindustry_rule,medium,official_code_fallback,352.0,cap_251_500,0.8221884498480243,26182081732.0,26.182081732,129614266.0,2026-06-10,TWSE basic issued common shares * TWSE latest close
5483.TWO,5483,TPEX,中美晶,24,半導體業,semiconductor_general,semiconductor,semi,semi_general,member,False,semiconductor,semiconductor_general,semiconductor_general__mid_large,mid_large,148,0.9349269588313414,858304034.25,1344119530.8353865,120.0,2026-06-18,181.0,21820638.0,trade_group_exact,high,True,legacy_subindustry_rule,medium,official_code_fallback,155.0,cap_101_250,0.9219858156028368,92015306918.5,92.0153069185,641221651.0,2026-06-10,TPEX daily market value shares * close; API MarketValue retained for audit
5351.TWO,5351,TPEX,鈺創,24,半導體業,semiconductor_general,semiconductor,semi,semi_general,member,False,semiconductor,semiconductor_general,semiconductor_general__mid_large,mid_large,161,0.9291722000885348,732758780.75,1283444631.6959162,120.0,2026-06-18,94.0,28148433.0,trade_group_exact,high,True,legacy_subindustry_rule,medium,official_code_fallback,336.0,cap_251_500,0.8302938196555218,28083738775.5,28.0837387755,328464781.0,2026-06-10,TPEX daily market value shares * close; API MarketValue retained for audit
4971.TWO,4971,TPEX,IET-KY,24,半導體業,semiconductor_general,semiconductor,semi,semi_general,member,False,semiconductor,semiconductor_general,semiconductor_general__mid_large,mid_large,191,0.915891987605135,575069730.0,1450913251.35,120.0,2026-06-18,578.0,1402015.0,trade_group_exact,high,True,legacy_subindustry_rule,medium,official_code_fallback,406.0,cap_251_500,0.7948328267477204,21872201421.0,21.872201421,39985743.0,2026-06-10,TPEX daily market value shares * close; API MarketValue retained for audit
3374.TWO,3374,TPEX,精材,24,半導體業,semiconductor_general,semiconductor,semi,semi_general,member,False,semiconductor,semiconductor_general,semiconductor_general__mid_large,mid_large,198,0.9127932713590085,562898899.25,1162202709.15,120.0,2026-06-18,251.0,6360054.0,trade_group_exact,high,True,legacy_subindustry_rule,medium,official_code_fallback,202.0,cap_101_250,0.898176291793313,60921288942.0,60.921288942,271364316.0,2026-06-10,TPEX daily market value shares * close; API MarketValue retained for audit
8086.TWO,8086,TPEX,宏捷科,24,半導體業,semiconductor_general,semiconductor,semi,semi_general,member,False,semiconductor,semiconductor_general,semiconductor_general__mid_large,mid_large,208,0.9083665338645418,537602025.75,750292536.8221714,120.0,2026-06-18,166.0,7669777.0,trade_group_exact,high,True,legacy_subindustry_rule,medium,official_code_fallback,327.0,cap_251_500,0.8348530901722391,28887870081.0,28.887870081,196516123.0,2026-06-10,TPEX daily market value shares * close; API MarketValue retained for audit
4991.TWO,4991,TPEX,環宇-KY,24,半導體業,semiconductor_general,semiconductor,semi,semi_general,member,False,semiconductor,semiconductor_general,semiconductor_general__mid_large,mid_large,209,0.9079238601150952,536549769.0,1659981496.2034144,120.0,2026-06-18,566.0,1400086.0,trade_group_exact,high,True,legacy_subindustry_rule,medium,official_code_fallback,190.0,cap_101_250,0.9042553191489362,65188443551.0,65.188443551,120943309.0,2026-06-10,TPEX daily market value shares * close; API MarketValue retained for audit
7822.TW,7822,TWSE,倍利科,24,半導體業,semiconductor_general,semiconductor,semi,semi_general,member,False,semiconductor,semiconductor_general,semiconductor_general__mid,mid,223,0.901726427622842,473932482.5,638085631.4583334,120.0,2026-06-18,1165.0,187162.0,trade_group_exact,high,True,legacy_subindustry_rule,medium,official_code_fallback,250.0,cap_101_250,0.8738601823708206,45515202237.0,45.515202237,45560763.0,2026-06-10,TWSE basic issued common shares * TWSE latest close
6291.TWO,6291,TPEX,沛亨,24,半導體業,semiconductor_general,semiconductor,semi,semi_general,member,False,semiconductor,semiconductor_general,semiconductor_general__mid,mid,244,0.8924302788844621,404757260.0,488827305.7791666,120.0,2026-06-18,548.0,881221.0,trade_group_exact,high,True,legacy_subindustry_rule,medium,official_code_fallback,418.0,cap_251_500,0.7887537993920972,21126000000.0,21.126,42000000.0,2026-06-10,TPEX daily market value shares * close; API MarketValue retained for audit
6451.TW,6451,TWSE,訊芯-KY,24,半導體業,semiconductor_general,semiconductor,semi,semi_general,member,False,semiconductor,semiconductor_general,semiconductor_general__mid,mid,249,0.8902169101372288,400727739.5,741047552.1083333,120.0,2026-06-18,561.0,3908029.0,trade_group_exact,high,True,legacy_subindustry_rule,medium,official_code_fallback,197.0,cap_101_250,0.900709219858156,62903663370.0,62.90366337,113339934.0,2026-06-10,TWSE basic issued common shares * TWSE latest close
6640.TWO,6640,TPEX,均華,24,半導體業,semiconductor_general,semiconductor,semi,semi_general,member,False,semiconductor,semiconductor_general,semiconductor_general__mid,mid,256,0.8871181938911022,387441650.0,605016296.1666666,120.0,2026-06-18,1120.0,236114.0,trade_group_exact,high,True,legacy_subindustry_rule,medium,official_code_fallback,322.0,cap_251_500,0.837386018237082,29515612500.0,29.5156125,28517500.0,2026-06-10,TPEX daily market value shares * close; API MarketValue retained for audit
8054.TWO,8054,TPEX,安國,24,半導體業,semiconductor_general,semiconductor,semi,semi_general,member,False,semiconductor,semiconductor_general,semiconductor_general__mid,mid,268,0.8818061088977424,365884931.5,592416165.1902101,120.0,2026-06-18,103.5,1970452.0,trade_group_exact,high,True,legacy_subindustry_rule,medium,official_code_fallback,671.0,cap_501_1000,0.6605876393110436,10570140317.0,10.570140317,106232566.0,2026-06-10,TPEX daily market value shares * close; API MarketValue retained for audit
7828.TWO,7828,TPEX,創新服務,24,半導體業,semiconductor_general,semiconductor,semi,semi_general,member,False,semiconductor,semiconductor_general,semiconductor_general__mid,mid,280,0.8764940239043825,337233132.5,401839857.7791666,120.0,2026-06-18,2000.0,80648.0,trade_group_exact,high,True,legacy_subindustry_rule,medium,official_code_fallback,188.0,cap_101_250,0.9052684903748732,66005074930.0,66.00507493,40493911.0,2026-06-10,TPEX daily market value shares * close; API MarketValue retained for audit
3532.TW,3532,TWSE,台勝科,24,半導體業,semiconductor_general,semiconductor,semi,semi_general,member,False,semiconductor,semiconductor_general,semiconductor_general__mid,mid,286,0.8738379814077025,324385946.5,559219958.9984214,120.0,2026-06-18,390.0,6783798.0,trade_group_exact,high,True,legacy_subindustry_rule,medium,official_code_fallback,138.0,cap_101_250,0.9305977710233028,104719041000.0,104.719041,387848300.0,2026-06-10,TWSE basic issued common shares * TWSE latest close
3265.TWO,3265,TPEX,台星科,24,半導體業,semiconductor_general,semiconductor,semi,semi_general,member,False,semiconductor,semiconductor_general,semiconductor_general__mid,mid,290,0.8720672864099159,313303182.75,463085935.1678275,120.0,2026-06-18,189.5,2907223.0,trade_group_exact,high,True,legacy_subindustry_rule,medium,official_code_fallback,384.0,cap_251_500,0.8059777102330294,23368874518.5,23.3688745185,136261659.0,2026-06-10,TPEX daily market value shares * close; API MarketValue retained for audit
6548.TWO,6548,TPEX,長科*,24,半導體業,semiconductor_general,semiconductor,semi,semi_general,member,False,semiconductor,semiconductor_general,semiconductor_general__mid,mid,305,0.8654271801682161,293533783.3417969,458211573.5812327,120.0,2026-06-18,86.0999984741211,14137218.0,trade_group_exact,high,True,legacy_subindustry_rule,medium,official_code_fallback,170.0,cap_101_250,0.914387031408308,77748012460.0,77.74801246,950464700.0,2026-06-10,TPEX daily market value shares * close; API MarketValue retained for audit
7751.TWO,7751,TPEX,竑騰,24,半導體業,semiconductor_general,semiconductor,semi,semi_general,member,False,semiconductor,semiconductor_general,semiconductor_general__mid,mid,314,0.8614431164231962,279820975.5,446907211.3625,120.0,2026-06-18,1485.0,223428.0,trade_group_exact,high,True,legacy_subindustry_rule,medium,official_code_fallback,283.0,cap_251_500,0.8571428571428572,37375154000.0,37.375154,26888600.0,2026-06-10,TPEX daily market value shares * close; API MarketValue retained for audit
3707.TWO,3707,TPEX,漢磊,24,半導體業,semiconductor_general,semiconductor,semi,semi_general,member,False,semiconductor,semiconductor_general,semiconductor_general__mid,mid,320,0.8587870739265162,263616688.0400276,730804410.1479888,120.0,2026-06-18,83.19999694824219,18960842.0,trade_group_exact,high,True,legacy_subindustry_rule,medium,official_code_fallback,331.0,cap_251_500,0.8328267477203648,28514219268.9,28.5142192689,396581631.0,2026-06-10,TPEX daily market value shares * close; API MarketValue retained for audit
8088.TWO,8088,TPEX,品安,24,半導體業,semiconductor_general,semiconductor,semi,semi_general,member,False,semiconductor,semiconductor_general,semiconductor_general__mid,mid,329,0.8548030101814963,247542124.3845977,473112835.6969136,120.0,2026-06-18,69.19999694824219,18026844.0,trade_group_exact,high,True,legacy_subindustry_rule,medium,official_code_fallback,1216.0,cap_1001_plus,0.3844984802431611,3503000567.5,3.5030005675,60921749.0,2026-06-10,TPEX daily market value shares * close; API MarketValue retained for audit
5425.TWO,5425,TPEX,台半,24,半導體業,semiconductor_general,semiconductor,semi,semi_general,member,False,semiconductor,semiconductor_general,semiconductor_general__mid,mid,349,0.8459495351925631,216579985.8685741,479748867.58312416,120.0,2026-06-18,118.5,14639902.0,trade_group_exact,high,True,legacy_subindustry_rule,medium,official_code_fallback,388.0,cap_251_500,0.803951367781155,23002282927.8,23.0022829278,263485486.0,2026-06-10,TPEX daily market value shares * close; API MarketValue retained for audit
7734.TWO,7734,TPEX,印能科技,24,半導體業,semiconductor_general,semiconductor,semi,semi_general,member,False,semiconductor,semiconductor_general,semiconductor_general__mid,mid,358,0.8419654714475432,208999160.0,547066641.0166667,120.0,2026-06-18,3615.0,257881.0,trade_group_exact,high,True,legacy_subindustry_rule,medium,official_code_fallback,150.0,cap_101_250,0.9245187436676798,92960000000.0,92.96,28000000.0,2026-06-10,TPEX daily market value shares * close; API MarketValue retained for audit
6526.TW,6526,TWSE,達發,24,半導體業,semiconductor_general,semiconductor,semi,semi_general,member,False,semiconductor,semiconductor_general,semiconductor_general__mid,mid,391,0.8273572377158034,179559600.0,364810191.4291667,120.0,2026-06-18,696.0,932996.0,trade_group_exact,high,True,legacy_subindustry_rule,medium,official_code_fallback,141.0,cap_101_250,0.9290780141843972,103015915710.0,103.01591571,167505554.0,2026-06-10,TWSE basic issued common shares * TWSE latest close
4973.TWO,4973,TPEX,廣穎電通,24,半導體業,semiconductor_general,semiconductor,semi,semi_general,member,False,semiconductor,semiconductor_general,semiconductor_general__mid,mid,393,0.8264718902169101,177908289.18061638,340736033.4895633,120.0,2026-06-18,193.5,3913408.0,trade_group_exact,high,True,legacy_subindustry_rule,medium,official_code_fallback,597.0,cap_501_1000,0.6980749746707193,12601518699.0,12.601518699,65292843.0,2026-06-10,TPEX daily market value shares * close; API MarketValue retained for audit
6568.TWO,6568,TPEX,宏觀,24,半導體業,semiconductor_general,semiconductor,semi,semi_general,member,False,semiconductor,semiconductor_general,semiconductor_general__mid,mid,430,0.8100929614873837,148478858.25,191235788.53343773,120.0,2026-06-18,176.5,192200.0,trade_group_exact,high,True,legacy_subindustry_rule,medium,official_code_fallback,1000.0,cap_501_1000,0.4939209726443769,5269860900.0,5.2698609,30817900.0,2026-06-10,TPEX daily market value shares * close; API MarketValue retained for audit
6462.TWO,6462,TPEX,神盾,24,半導體業,semiconductor_general,semiconductor,semi,semi_general,member,False,semiconductor,semiconductor_general,semiconductor_general__mid,mid,439,0.8061088977423638,141514839.75,210793521.38267595,120.0,2026-06-18,114.0,825684.0,trade_group_exact,high,True,legacy_subindustry_rule,medium,official_code_fallback,701.0,cap_501_1000,0.6453900709219857,9809456055.0,9.809456055,91250754.0,2026-06-10,TPEX daily market value shares * close; API MarketValue retained for audit
3592.TW,3592,TWSE,瑞鼎,24,半導體業,semiconductor_general,semiconductor,semi,semi_general,member,False,semiconductor,semiconductor_general,semiconductor_general__mid,mid,471,0.7919433377600709,121398558.5,169071841.65833333,120.0,2026-06-18,275.0,1147312.0,trade_group_exact,high,True,legacy_subindustry_rule,medium,official_code_fallback,441.0,cap_251_500,0.7771023302938196,19456865469.0,19.456865469,75855226.0,2026-06-10,TWSE basic issued common shares * TWSE latest close
3581.TWO,3581,TPEX,博磊,24,半導體業,semiconductor_general,semiconductor,semi,semi_general,member,False,semiconductor,semiconductor_general,semiconductor_general__mid,mid,514,0.7729083665338645,106847988.5,172173380.70245445,120.0,2026-06-18,179.5,324050.0,trade_group_exact,high,True,legacy_subindustry_rule,medium,official_code_fallback,877.0,cap_501_1000,0.5562310030395137,6885810000.0,6.88581,51006000.0,2026-06-10,TPEX daily market value shares * close; API MarketValue retained for audit
6937.TW,6937,TWSE,天虹,24,半導體業,semiconductor_general,semiconductor,semi,semi_general,member,False,semiconductor,semiconductor_general,semiconductor_general__small_mid,small_mid,538,0.7622841965471447,95828028.0,173551305.28333333,120.0,2026-06-18,279.5,544202.0,trade_group_exact,high,True,legacy_subindustry_rule,medium,official_code_fallback,457.0,cap_251_500,0.7689969604863222,18436059167.5,18.4360591675,67655263.0,2026-06-10,TWSE basic issued common shares * TWSE latest close
6435.TWO,6435,TPEX,大中,24,半導體業,semiconductor_general,semiconductor,semi,semi_general,member,False,semiconductor,semiconductor_general,semiconductor_general__small_mid,small_mid,543,0.7600708277999115,92819827.0,133341254.4875,120.0,2026-06-18,317.5,829375.0,trade_group_exact,high,True,legacy_subindustry_rule,medium,official_code_fallback,703.0,cap_501_1000,0.6443768996960486,9777399300.0,9.7773993,37461300.0,2026-06-10,TPEX daily market value shares * close; API MarketValue retained for audit
6962.TW,6962,TWSE,奕力-KY,24,半導體業,semiconductor_general,semiconductor,semi,semi_general,member,False,semiconductor,semiconductor_general,semiconductor_general__small_mid,small_mid,551,0.7565294378043382,89248108.35582733,132543584.79794423,120.0,2026-06-18,38.900001525878906,6025000.0,trade_group_exact,high,True,legacy_subindustry_rule,medium,official_code_fallback,482.0,cap_251_500,0.7563323201621074,16839962523.000002,16.839962523,492396565.0,2026-06-10,TWSE basic issued common shares * TWSE latest close
6907.TWO,6907,TPEX,雅特力-KY,24,半導體業,semiconductor_general,semiconductor,semi,semi_general,member,False,semiconductor,semiconductor_general,semiconductor_general__small_mid,small_mid,557,0.7538733953076583,88098437.15291595,164290358.1833064,64.0,2026-06-18,135.5,951815.0,trade_group_exact,high,True,legacy_subindustry_rule,medium,official_code_fallback,793.0,cap_501_1000,0.5987841945288754,8247168600.0,8.2471686,62478550.0,2026-06-10,TPEX daily market value shares * close; API MarketValue retained for audit
7749.TW,7749,TWSE,意騰-KY,24,半導體業,semiconductor_general,semiconductor,semi,semi_general,member,False,semiconductor,semiconductor_general,semiconductor_general__small_mid,small_mid,558,0.7534307215582116,87563970.0,115263773.0625,120.0,2026-06-18,484.5,390050.0,trade_group_exact,high,True,legacy_subindustry_rule,medium,official_code_fallback,372.0,cap_251_500,0.8120567375886525,24312035744.0,24.312035744,46485728.0,2026-06-10,TWSE basic issued common shares * TWSE latest close
6679.TWO,6679,TPEX,鈺太,24,半導體業,semiconductor_general,semiconductor,semi,semi_general,member,False,semiconductor,semiconductor_general,semiconductor_general__small_mid,small_mid,604,0.7330677290836654,70576870.5,117593467.20833331,120.0,2026-06-18,285.5,523473.0,trade_group_exact,high,True,legacy_subindustry_rule,medium,official_code_fallback,540.0,cap_501_1000,0.7269503546099291,14376050102.5,14.3760501025,54975335.0,2026-06-10,TPEX daily market value shares * close; API MarketValue retained for audit
6854.TW,6854,TWSE,錼創科技-KY創,24,半導體業,semiconductor_general,semiconductor,semi,semi_general,member,False,semiconductor,semiconductor_general,semiconductor_general__small_mid,small_mid,606,0.732182381584772,70417082.25,105432531.05,120.0,2026-06-18,130.0,326010.0,trade_group_exact,high,True,legacy_subindustry_rule,medium,official_code_fallback,522.0,cap_501_1000,0.7360688956433638,15062863616.0,15.062863616,117678622.0,2026-06-10,TWSE basic issued common shares * TWSE latest close
6202.TW,6202,TWSE,盛群,24,半導體業,semiconductor_general,semiconductor,semi,semi_general,member,False,semiconductor,semiconductor_general,semiconductor_general__small_mid,small_mid,615,0.7281983178397521,67638871.40547562,181901153.0091153,120.0,2026-06-18,67.0,12329410.0,trade_group_exact,high,True,legacy_subindustry_rule,medium,official_code_fallback,635.0,cap_501_1000,0.6788247213779128,11634604100.0,11.6346041,230388200.0,2026-06-10,TWSE basic issued common shares * TWSE latest close
3545.TW,3545,TWSE,敦泰,24,半導體業,semiconductor_general,semiconductor,semi,semi_general,member,False,semiconductor,semiconductor_general,semiconductor_general__small_mid,small_mid,639,0.7175741478530323,61079539.17857933,80315888.23273678,120.0,2026-06-18,58.0,1645881.0,trade_group_exact,high,True,legacy_subindustry_rule,medium,official_code_fallback,633.0,cap_501_1000,0.67983789260385,11743129516.5,11.7431295165,221151215.0,2026-06-10,TWSE basic issued common shares * TWSE latest close
8227.TWO,8227,TPEX,巨有科技,24,半導體業,semiconductor_general,semiconductor,semi,semi_general,member,False,semiconductor,semiconductor_general,semiconductor_general__small_mid,small_mid,691,0.6945551128818062,47909581.0,137295485.75,120.0,2026-06-18,184.5,733101.0,trade_group_exact,high,True,legacy_subindustry_rule,medium,official_code_fallback,874.0,cap_501_1000,0.5577507598784195,6920025000.0,6.920025,39543000.0,2026-06-10,TPEX daily market value shares * close; API MarketValue retained for audit
7712.TWO,7712,TPEX,博盛半導體,24,半導體業,semiconductor_general,semiconductor,semi,semi_general,member,False,semiconductor,semiconductor_general,semiconductor_general__small_mid,small_mid,719,0.6821602478972997,41759184.5,62744349.07636757,120.0,2026-06-18,184.5,3544008.0,trade_group_exact,high,True,legacy_subindustry_rule,medium,official_code_fallback,1071.0,cap_1001_plus,0.4579533941236069,4574943156.5,4.5749431565,32561873.0,2026-06-10,TPEX daily market value shares * close; API MarketValue retained for audit
6261.TWO,6261,TPEX,久元,24,半導體業,semiconductor_general,semiconductor,semi,semi_general,member,False,semiconductor,semiconductor_general,semiconductor_general__small_mid,small_mid,725,0.6795042054006197,41163777.25346375,113892909.20884654,120.0,2026-06-18,98.8000030517578,1244130.0,trade_group_exact,high,True,legacy_subindustry_rule,medium,official_code_fallback,613.0,cap_501_1000,0.6899696048632219,12181609357.2,12.1816093572,128497989.0,2026-06-10,TPEX daily market value shares * close; API MarketValue retained for audit
6693.TWO,6693,TPEX,廣閎科,24,半導體業,semiconductor_general,semiconductor,semi,semi_general,member,False,semiconductor,semiconductor_general,semiconductor_general__small_mid,small_mid,736,0.6746347941567066,39071100.75378418,99734352.39839052,120.0,2026-06-18,215.0,1062023.0,trade_group_exact,high,True,legacy_subindustry_rule,medium,official_code_fallback,841.0,cap_501_1000,0.574468085106383,7338060000.0,7.33806,45720000.0,2026-06-10,TPEX daily market value shares * close; API MarketValue retained for audit
7810.TWO,7810,TPEX,捷創科技,24,半導體業,semiconductor_general,semiconductor,semi,semi_general,member,False,semiconductor,semiconductor_general,semiconductor_general__small_mid,small_mid,742,0.6719787516600266,38180412.5,91945699.05,120.0,2026-06-18,208.0,34271.0,trade_group_exact,high,True,legacy_subindustry_rule,medium,official_code_fallback,1140.0,cap_1001_plus,0.422998986828774,4070250000.0,4.07025,20250000.0,2026-06-10,TPEX daily market value shares * close; API MarketValue retained for audit
3228.TWO,3228,TPEX,金麗科,24,半導體業,semiconductor_general,semiconductor,semi,semi_general,member,False,semiconductor,semiconductor_general,semiconductor_general__small_mid,small_mid,755,0.66622399291722,36247023.0,92090144.44166666,120.0,2026-06-18,183.5,423962.0,trade_group_exact,high,True,legacy_subindustry_rule,medium,official_code_fallback,639.0,cap_501_1000,0.6767983789260386,11513350695.0,11.513350695,71511495.0,2026-06-10,TPEX daily market value shares * close; API MarketValue retained for audit
3317.TWO,3317,TPEX,尼克森,24,半導體業,semiconductor_general,semiconductor,semi,semi_general,member,False,semiconductor,semiconductor_general,semiconductor_general__small_mid,small_mid,774,0.6578131916777334,33197101.3117733,132698624.15727136,120.0,2026-06-18,88.30000305175781,11325940.0,trade_group_exact,high,True,legacy_subindustry_rule,medium,official_code_fallback,878.0,cap_501_1000,0.5557244174265451,6885000000.0,6.885,90000000.0,2026-06-10,TPEX daily market value shares * close; API MarketValue retained for audit
3555.TWO,3555,TPEX,博士旺,24,半導體業,semiconductor_general,semiconductor,semi,semi_general,member,False,semiconductor,semiconductor_general,semiconductor_general__small,small,819,0.6378928729526339,29406659.25,58997664.75875041,120.0,2026-06-18,199.0,72246.0,trade_group_exact,high,True,legacy_subindustry_rule,medium,official_code_fallback,828.0,cap_501_1000,0.5810536980749746,7499774437.5,7.4997744375,39998797.0,2026-06-10,TPEX daily market value shares * close; API MarketValue retained for audit
6829.TWO,6829,TPEX,千附精密,24,半導體業,semiconductor_general,semiconductor,semi,semi_general,member,False,semiconductor,semiconductor_general,semiconductor_general__small,small,878,0.6117751217352811,25318758.75,87553772.09166667,120.0,2026-06-18,203.5,715050.0,trade_group_exact,high,True,legacy_subindustry_rule,medium,official_code_fallback,641.0,cap_501_1000,0.6757852077001013,11419617000.0,11.419617,59169000.0,2026-06-10,TPEX daily market value shares * close; API MarketValue retained for audit
6909.TW,6909,TWSE,創控,24,半導體業,semiconductor_general,semiconductor,semi,semi_general,member,False,semiconductor,semiconductor_general,semiconductor_general__small,small,900,0.6020362992474546,23693265.58007431,76395617.59860821,120.0,2026-06-18,50.900001525878906,529000.0,trade_group_exact,high,True,legacy_subindustry_rule,medium,official_code_fallback,1312.0,cap_1001_plus,0.3358662613981763,2920804590.0,2.92080459,67222200.0,2026-06-10,TWSE basic issued common shares * TWSE latest close
3141.TWO,3141,TPEX,晶宏,24,半導體業,semiconductor_general,semiconductor,semi,semi_general,member,False,semiconductor,semiconductor_general,semiconductor_general__small,small,922,0.5922974767596281,21749637.066747665,53227030.579721525,120.0,2026-06-18,74.0,1538500.0,trade_group_exact,high,True,legacy_subindustry_rule,medium,official_code_fallback,974.0,cap_501_1000,0.5070921985815603,5546363508.0,5.546363508,75460728.0,2026-06-10,TPEX daily market value shares * close; API MarketValue retained for audit
3372.TWO,3372,TPEX,典範,24,半導體業,semiconductor_general,semiconductor,semi,semi_general,member,False,semiconductor,semiconductor_general,semiconductor_general__small,small,940,0.5843293492695882,20862295.5,41945080.08095762,120.0,2026-06-18,20.399999618530277,996129.0,trade_group_exact,high,True,legacy_subindustry_rule,medium,official_code_fallback,1231.0,cap_1001_plus,0.3768996960486322,3383753200.0,3.3837532,175324000.0,2026-06-10,TPEX daily market value shares * close; API MarketValue retained for audit
6895.TWO,6895,TPEX,宏碩系統,24,半導體業,semiconductor_general,semiconductor,semi,semi_general,member,False,semiconductor,semiconductor_general,semiconductor_general__small,small,956,0.5772465692784419,20060521.5,28943112.604166668,120.0,2026-06-18,163.5,51000.0,trade_group_exact,high,True,legacy_subindustry_rule,medium,official_code_fallback,971.0,cap_501_1000,0.508611955420466,5575350000.0,5.57535,34100000.0,2026-06-10,TPEX daily market value shares * close; API MarketValue retained for audit
5236.TWO,5236,TPEX,凌陽創新,24,半導體業,semiconductor_general,semiconductor,semi,semi_general,member,False,semiconductor,semiconductor_general,semiconductor_general__small,small,1000,0.5577689243027888,17664263.5,35819472.541666664,120.0,2026-06-18,166.0,317150.0,trade_group_exact,high,True,legacy_subindustry_rule,medium,official_code_fallback,738.0,cap_501_1000,0.6266464032421479,9120613776.0,9.120613776,60004038.0,2026-06-10,TPEX daily market value shares * close; API MarketValue retained for audit
6799.TW,6799,TWSE,來頡,24,半導體業,semiconductor_general,semiconductor,semi,semi_general,member,False,semiconductor,semiconductor_general,semiconductor_general__small,small,1007,0.5546702080566622,17444839.83062744,22746677.093025845,120.0,2026-06-18,99.9000015258789,1137000.0,trade_group_exact,high,True,legacy_subindustry_rule,medium,official_code_fallback,1186.0,cap_1001_plus,0.3996960486322188,3688610308.5,3.6886103085,43652193.0,2026-06-10,TWSE basic issued common shares * TWSE latest close
6996.TWO,6996,TPEX,力領科技,24,半導體業,semiconductor_general,semiconductor,semi,semi_general,member,False,semiconductor,semiconductor_general,semiconductor_general__small,small,1027,0.545816733067729,16401145.0,24824424.73333333,120.0,2026-06-18,194.0,76007.0,trade_group_exact,high,True,legacy_subindustry_rule,medium,official_code_fallback,780.0,cap_501_1000,0.605369807497467,8378567683.5,8.3785676835,41997833.0,2026-06-10,TPEX daily market value shares * close; API MarketValue retained for audit
6525.TW,6525,TWSE,捷敏-KY,24,半導體業,semiconductor_general,semiconductor,semi,semi_general,member,False,semiconductor,semiconductor_general,semiconductor_general__small,small,1033,0.5431606905710491,16188142.194480896,26002494.737648584,120.0,2026-06-18,143.0,4142857.0,trade_group_exact,high,True,legacy_subindustry_rule,medium,official_code_fallback,532.0,cap_501_1000,0.7310030395136777,14711401776.0,14.711401776,129047384.0,2026-06-10,TWSE basic issued common shares * TWSE latest close
6823.TWO,6823,TPEX,濾能,24,半導體業,semiconductor_general,semiconductor,semi,semi_general,member,False,semiconductor,semiconductor_general,semiconductor_general__small,small,1037,0.5413899955732625,16116316.239776611,32044960.105491214,120.0,2026-06-18,73.0999984741211,246862.0,trade_group_exact,high,True,legacy_subindustry_rule,medium,official_code_fallback,1522.0,cap_1001_plus,0.229483282674772,2030505680.0,2.03050568,30533920.0,2026-06-10,TPEX daily market value shares * close; API MarketValue retained for audit
3530.TW,3530,TWSE,晶相光,24,半導體業,semiconductor_general,semiconductor,semi,semi_general,member,False,semiconductor,semiconductor_general,semiconductor_general__small,small,1064,0.5294378043382028,15021754.019594193,38408415.73261439,120.0,2026-06-18,71.0999984741211,1727180.0,trade_group_exact,high,True,legacy_subindustry_rule,medium,official_code_fallback,1041.0,cap_1001_plus,0.4731509625126646,4811253390.0,4.81125339,77475900.0,2026-06-10,TWSE basic issued common shares * TWSE latest close
3588.TW,3588,TWSE,通嘉,24,半導體業,semiconductor_general,semiconductor,semi,semi_general,member,False,semiconductor,semiconductor_general,semiconductor_general__small,small,1070,0.5267817618415228,14507110.8249588,38623209.14775635,120.0,2026-06-18,60.29999923706055,582618.0,trade_group_exact,high,True,legacy_subindustry_rule,medium,official_code_fallback,1245.0,cap_1001_plus,0.369807497467072,3304236600.6,3.3042366006,61993182.0,2026-06-10,TWSE basic issued common shares * TWSE latest close
6695.TW,6695,TWSE,芯鼎,24,半導體業,semiconductor_general,semiconductor,semi,semi_general,member,False,semiconductor,semiconductor_general,semiconductor_general__small,small,1084,0.5205843293492696,13999218.039823532,27516069.036861323,120.0,2026-06-18,58.400001525878906,2729530.0,trade_group_exact,high,True,legacy_subindustry_rule,medium,official_code_fallback,984.0,cap_501_1000,0.5020263424518744,5451655680.0,5.45165568,106477650.0,2026-06-10,TWSE basic issued common shares * TWSE latest close
6716.TWO,6716,TPEX,應廣,24,半導體業,semiconductor_general,semiconductor,semi,semi_general,member,False,semiconductor,semiconductor_general,semiconductor_general__small,small,1121,0.5042054006197432,12393826.773147585,29224594.21145414,120.0,2026-06-18,102.5,899222.0,trade_group_exact,high,True,legacy_subindustry_rule,medium,official_code_fallback,1368.0,cap_1001_plus,0.3074974670719351,2661279632.0,2.661279632,30241814.0,2026-06-10,TPEX daily market value shares * close; API MarketValue retained for audit
6651.TWO,6651,TPEX,全宇昕,24,半導體業,semiconductor_general,semiconductor,semi,semi_general,member,False,semiconductor,semiconductor_general,semiconductor_general__small,small,1145,0.4935812306330235,11102577.812957764,20802133.13391292,120.0,2026-06-18,155.5,1778800.0,trade_group_exact,high,True,legacy_subindustry_rule,medium,official_code_fallback,1086.0,cap_1001_plus,0.450354609929078,4428997248.0,4.428997248,34601541.0,2026-06-10,TPEX daily market value shares * close; API MarketValue retained for audit
6953.TWO,6953,TPEX,家碩,24,半導體業,semiconductor_general,semiconductor,semi,semi_general,member,False,semiconductor,semiconductor_general,semiconductor_general__small,small,1152,0.4904825143868968,11025064.5,30207588.904166665,120.0,2026-06-18,235.0,50005.0,trade_group_exact,high,True,legacy_subindustry_rule,medium,official_code_fallback,899.0,cap_501_1000,0.5450861195542047,6528175500.0,6.5281755,30014600.0,2026-06-10,TPEX daily market value shares * close; API MarketValue retained for audit
6233.TWO,6233,TPEX,旺玖,24,半導體業,semiconductor_general,semiconductor,semi,semi_general,member,False,semiconductor,semiconductor_general,semiconductor_general__small,small,1167,0.4838424081451969,10610808.752368929,19815120.191526715,120.0,2026-06-18,25.049999237060547,601020.0,trade_group_exact,high,True,legacy_subindustry_rule,medium,official_code_fallback,1553.0,cap_1001_plus,0.2137791286727457,1895912366.4,1.8959123664,81021896.0,2026-06-10,TPEX daily market value shares * close; API MarketValue retained for audit
5285.TW,5285,TWSE,界霖,24,半導體業,semiconductor_general,semiconductor,semi,semi_general,member,False,semiconductor,semiconductor_general,semiconductor_general__small,small,1182,0.4772023019034971,10195754.969766617,15750566.909508642,120.0,2026-06-18,93.6999969482422,4129391.0,trade_group_exact,high,True,legacy_subindustry_rule,medium,official_code_fallback,769.0,cap_501_1000,0.6109422492401215,8622458247.0,8.622458247,102040926.0,2026-06-10,TWSE basic issued common shares * TWSE latest close
6720.TWO,6720,TPEX,久昌,24,半導體業,semiconductor_general,semiconductor,semi,semi_general,member,False,semiconductor,semiconductor_general,semiconductor_general__small,small,1193,0.4723328906595838,9605376.25,16975102.083333332,120.0,2026-06-18,142.0,48000.0,trade_group_exact,high,True,legacy_subindustry_rule,medium,official_code_fallback,1077.0,cap_1001_plus,0.4549138804457954,4533861150.0,4.53386115,30225741.0,2026-06-10,TPEX daily market value shares * close; API MarketValue retained for audit
8040.TWO,8040,TPEX,九暘,24,半導體業,semiconductor_general,semiconductor,semi,semi_general,member,False,semiconductor,semiconductor_general,semiconductor_general__small,small,1194,0.4718902169101372,9575531.143936155,48633850.54836223,120.0,2026-06-18,94.8000030517578,720002.0,trade_group_exact,high,True,legacy_subindustry_rule,medium,official_code_fallback,736.0,cap_501_1000,0.6276595744680851,9149676642.6,9.1496766426,96413874.0,2026-06-10,TPEX daily market value shares * close; API MarketValue retained for audit
6423.TWO,6423,TPEX,億而得,24,半導體業,semiconductor_general,semiconductor,semi,semi_general,member,False,semiconductor,semiconductor_general,semiconductor_general__small,small,1206,0.4665781319167773,9275470.086250303,24301004.798417665,120.0,2026-06-18,82.69999694824219,62202.0,trade_group_exact,high,True,legacy_subindustry_rule,medium,official_code_fallback,1390.0,cap_1001_plus,0.2963525835866262,2571226400.0,2.5712264,31016000.0,2026-06-10,TPEX daily market value shares * close; API MarketValue retained for audit
6684.TWO,6684,TPEX,安格,24,半導體業,semiconductor_general,semiconductor,semi,semi_general,member,False,semiconductor,semiconductor_general,semiconductor_general__small,small,1212,0.4639220894200974,9133937.07572937,14135982.9201921,120.0,2026-06-18,50.5,365102.0,trade_group_exact,high,True,legacy_subindustry_rule,medium,official_code_fallback,1481.0,cap_1001_plus,0.2502532928064843,2201239102.4,2.2012391024,44559496.0,2026-06-10,TPEX daily market value shares * close; API MarketValue retained for audit
4952.TW,4952,TWSE,凌通,24,半導體業,semiconductor_general,semiconductor,semi,semi_general,member,False,semiconductor,semiconductor_general,semiconductor_general__small,small,1245,0.4493138556883577,8284757.36298561,29399808.00930888,120.0,2026-06-18,57.900001525878906,1701490.0,trade_group_exact,high,True,legacy_subindustry_rule,medium,official_code_fallback,1013.0,cap_1001_plus,0.4873353596757852,5130665724.4,5.1306657244,108815816.0,2026-06-10,TWSE basic issued common shares * TWSE latest close
3527.TWO,3527,TPEX,聚積,24,半導體業,semiconductor_general,semiconductor,semi,semi_general,member,False,semiconductor,semiconductor_general,semiconductor_general__small,small,1271,0.4378043382027445,7758310.7015686035,14535793.895518638,120.0,2026-06-18,70.69999694824219,594010.0,trade_group_exact,high,True,legacy_subindustry_rule,medium,official_code_fallback,1381.0,cap_1001_plus,0.3009118541033434,2613373350.0,2.61337335,44445125.0,2026-06-10,TPEX daily market value shares * close; API MarketValue retained for audit
5299.TWO,5299,TPEX,杰力,24,半導體業,semiconductor_general,semiconductor,semi,semi_general,member,False,semiconductor,semiconductor_general,semiconductor_general__small,small,1283,0.4324922532093846,7467411.350700378,11878447.59036391,120.0,2026-06-18,117.5,834037.0,trade_group_exact,high,True,legacy_subindustry_rule,medium,official_code_fallback,1016.0,cap_1001_plus,0.4858156028368794,5088898100.0,5.0888981,50888981.0,2026-06-10,TPEX daily market value shares * close; API MarketValue retained for audit
3438.TWO,3438,TPEX,類比科,24,半導體業,semiconductor_general,semiconductor,semi,semi_general,member,False,semiconductor,semiconductor_general,semiconductor_general__small,small,1290,0.4293935369632581,7368368.448410034,19575073.497500684,120.0,2026-06-18,72.5999984741211,615165.0,trade_group_exact,high,True,legacy_subindustry_rule,medium,official_code_fallback,1272.0,cap_1001_plus,0.3561296859169199,3178975931.0000005,3.1789759310000005,47165815.0,2026-06-10,TPEX daily market value shares * close; API MarketValue retained for audit
4951.TWO,4951,TPEX,精拓科,24,半導體業,semiconductor_general,semiconductor,semi,semi_general,member,False,semiconductor,semiconductor_general,semiconductor_general__small,small,1292,0.4285081894643647,7356298.158721924,32759305.33946625,120.0,2026-06-18,98.5,541225.0,trade_group_exact,high,True,legacy_subindustry_rule,medium,official_code_fallback,1223.0,cap_1001_plus,0.3809523809523809,3449020013.0,3.449020013,34148713.0,2026-06-10,TPEX daily market value shares * close; API MarketValue retained for audit
7556.TWO,7556,TPEX,意德士科技,24,半導體業,semiconductor_general,semiconductor,semi,semi_general,member,False,semiconductor,semiconductor_general,semiconductor_general__small,small,1315,0.4183266932270916,6993674.5,22606559.375,120.0,2026-06-18,275.0,60052.0,trade_group_exact,high,True,legacy_subindustry_rule,medium,official_code_fallback,836.0,cap_501_1000,0.577001013171226,7408318018.5,7.4083180185,27591501.0,2026-06-10,TPEX daily market value shares * close; API MarketValue retained for audit
3178.TWO,3178,TPEX,公準,24,半導體業,semiconductor_general,semiconductor,semi,semi_general,member,False,semiconductor,semiconductor_general,semiconductor_general__small,small,1320,0.4161133244798584,6865101.897737503,12870593.666784186,120.0,2026-06-18,65.5999984741211,132000.0,trade_group_exact,high,True,legacy_subindustry_rule,medium,official_code_fallback,1325.0,cap_1001_plus,0.3292806484295846,2860675000.0,2.860675,45050000.0,2026-06-10,TPEX daily market value shares * close; API MarketValue retained for audit
6532.TWO,6532,TPEX,瑞耘,24,半導體業,semiconductor_general,semiconductor,semi,semi_general,member,False,semiconductor,semiconductor_general,semiconductor_general__small,small,1322,0.415227976980965,6850678.034664154,61081409.43010333,120.0,2026-06-18,91.1999969482422,414050.0,trade_group_exact,high,True,legacy_subindustry_rule,medium,official_code_fallback,1252.0,cap_1001_plus,0.3662613981762918,3261472303.7,3.2614723037,37445147.0,2026-06-10,TPEX daily market value shares * close; API MarketValue retained for audit
6129.TWO,6129,TPEX,普誠,24,半導體業,semiconductor_general,semiconductor,semi,semi_general,member,False,semiconductor,semiconductor_general,semiconductor_general__small,small,1332,0.4108012394864985,6709473.408921719,12056734.94440421,120.0,2026-06-18,15.899999618530272,729196.0,trade_group_exact,high,True,legacy_subindustry_rule,medium,official_code_fallback,1344.0,cap_1001_plus,0.3196555217831813,2750343860.0,2.75034386,180943675.0,2026-06-10,TPEX daily market value shares * close; API MarketValue retained for audit
5302.TWO,5302,TPEX,太欣,24,半導體業,semiconductor_general,semiconductor,semi,semi_general,member,False,semiconductor,semiconductor_general,semiconductor_general__small,small,1368,0.3948649845064187,6035974.799553394,11835384.765021188,120.0,2026-06-18,12.550000190734863,1444716.0,trade_group_exact,high,True,legacy_subindustry_rule,medium,official_code_fallback,1593.0,cap_1001_plus,0.193515704154002,1726794169.2,1.7267941692,159888349.0,2026-06-10,TPEX daily market value shares * close; API MarketValue retained for audit
7730.TW,7730,TWSE,暉盛-創,24,半導體業,semiconductor_general,semiconductor,semi,semi_general,member,False,semiconductor,semiconductor_general,semiconductor_general__small,small,1372,0.3930942895086321,5947199.954986572,9715111.504089927,120.0,2026-06-18,180.5,136014.0,trade_group_exact,high,True,legacy_subindustry_rule,medium,official_code_fallback,887.0,cap_501_1000,0.5511651469098278,6733801773.0,6.733801773,36796731.0,2026-06-10,TWSE basic issued common shares * TWSE latest close
6243.TW,6243,TWSE,迅杰,24,半導體業,semiconductor_general,semiconductor,semi,semi_general,member,False,semiconductor,semiconductor_general,semiconductor_general__small,small,1377,0.3908809207613988,5917430.523902893,12253221.006489277,120.0,2026-06-18,34.900001525878906,982555.0,trade_group_exact,high,True,legacy_subindustry_rule,medium,official_code_fallback,1695.0,cap_1001_plus,0.1418439716312056,1333167367.45,1.33316736745,45268841.0,2026-06-10,TWSE basic issued common shares * TWSE latest close
6921.TW,6921,TWSE,嘉雨思-創,24,半導體業,semiconductor_general,semiconductor,semi,semi_general,member,False,semiconductor,semiconductor_general,semiconductor_general__small,small,1379,0.3899955732625055,5889726.0,7731378.47650746,84.0,2026-06-18,71.5,63000.0,trade_group_exact,high,True,legacy_subindustry_rule,medium,official_code_fallback,1477.0,cap_1001_plus,0.2522796352583586,2212667399.5,2.2126673995,31836941.0,2026-06-10,TWSE basic issued common shares * TWSE latest close
3686.TW,3686,TWSE,達能,24,半導體業,semiconductor_general,semiconductor,semi,semi_general,member,False,semiconductor,semiconductor_general,semiconductor_general__small,small,1387,0.3864541832669322,5732760.560335159,10609644.17072951,120.0,2026-06-18,17.25,194769.0,trade_group_exact,high,True,legacy_subindustry_rule,medium,official_code_fallback,1717.0,cap_1001_plus,0.1306990881458967,1269818958.8000002,1.2698189588000002,76495118.0,2026-06-10,TWSE basic issued common shares * TWSE latest close
3556.TWO,3556,TPEX,禾瑞亞,24,半導體業,semiconductor_general,semiconductor,semi,semi_general,member,False,semiconductor,semiconductor_general,semiconductor_general__small,small,1401,0.380256750774679,5559974.574291229,16550420.513867576,120.0,2026-06-18,74.0,2102590.0,trade_group_exact,high,True,legacy_subindustry_rule,medium,official_code_fallback,1106.0,cap_1001_plus,0.4402228976697061,4331793392.0,4.331793392,63702844.0,2026-06-10,TPEX daily market value shares * close; API MarketValue retained for audit
6494.TWO,6494,TPEX,九齊,24,半導體業,semiconductor_general,semiconductor,semi,semi_general,member,False,semiconductor,semiconductor_general,semiconductor_general__small,small,1408,0.3771580345285524,5458469.328655243,10667147.786586184,120.0,2026-06-18,69.19999694824219,1125040.0,trade_group_exact,high,True,legacy_subindustry_rule,medium,official_code_fallback,1613.0,cap_1001_plus,0.1833839918946301,1660039694.0,1.660039694,31559690.0,2026-06-10,TPEX daily market value shares * close; API MarketValue retained for audit
6573.TW,6573,TWSE,虹揚-KY,24,半導體業,semiconductor_general,semiconductor,semi,semi_general,member,False,semiconductor,semiconductor_general,semiconductor_general__small,small,1542,0.3178397521027003,3795696.826934816,6227535.85326825,120.0,2026-06-18,16.200000762939453,621999.0,trade_group_exact,high,True,legacy_subindustry_rule,medium,official_code_fallback,1743.0,cap_1001_plus,0.1175278622087132,1211515142.25,1.21151514225,80499345.0,2026-06-10,TWSE basic issued common shares * TWSE latest close
8162.TW,8162,TWSE,微矽電子-創,24,半導體業,semiconductor_general,semiconductor,semi,semi_general,member,False,semiconductor,semiconductor_general,semiconductor_general__small,small,1552,0.3134130146082338,3735273.539333344,13478455.007672912,120.0,2026-06-18,78.4000015258789,1441022.0,trade_group_exact,high,True,legacy_subindustry_rule,medium,official_code_fallback,1072.0,cap_1001_plus,0.4574468085106383,4561812800.0,4.5618128,68702000.0,2026-06-10,TWSE basic issued common shares * TWSE latest close
5272.TWO,5272,TPEX,笙科,24,半導體業,semiconductor_general,semiconductor,semi,semi_general,member,False,semiconductor,semiconductor_general,semiconductor_general__small,small,1579,0.3014608233731739,3463315.3063259134,8535989.656039897,120.0,2026-06-18,21.649999618530277,238198.0,trade_group_exact,high,True,legacy_subindustry_rule,medium,official_code_fallback,1776.0,cap_1001_plus,0.1008105369807497,1119341389.5,1.1193413895,55276118.0,2026-06-10,TPEX daily market value shares * close; API MarketValue retained for audit
6208.TWO,6208,TPEX,日揚,24,半導體業,semiconductor_general,semiconductor,semi,semi_general,member,False,semiconductor,semiconductor_general,semiconductor_general__small,small,1584,0.2992474546259407,3424976.5140571594,24485291.20289957,120.0,2026-06-18,99.0,5898466.0,trade_group_exact,high,True,legacy_subindustry_rule,medium,official_code_fallback,834.0,cap_501_1000,0.5780141843971631,7424740159.799999,7.424740159799999,94462343.0,2026-06-10,TPEX daily market value shares * close; API MarketValue retained for audit
6552.TW,6552,TWSE,易華電,24,半導體業,semiconductor_general,semiconductor,semi,semi_general,member,False,semiconductor,semiconductor_general,semiconductor_general__small,small,1624,0.2815405046480743,3026075.0,8034820.081437365,120.0,2026-06-18,31.049999237060547,439661.0,trade_group_exact,high,True,legacy_subindustry_rule,medium,official_code_fallback,1436.0,cap_1001_plus,0.2730496453900709,2398700000.0,2.3987,83000000.0,2026-06-10,TWSE basic issued common shares * TWSE latest close
8277.TWO,8277,TPEX,商丞,24,半導體業,semiconductor_general,semiconductor,semi,semi_general,member,False,semiconductor,semiconductor_general,semiconductor_general__small,small,1629,0.2793271359008411,3000944.3325214386,7705863.293105037,120.0,2026-06-18,9.550000190734863,851668.0,trade_group_exact,high,True,legacy_subindustry_rule,medium,official_code_fallback,1835.0,cap_1001_plus,0.0709219858156028,943776979.9,0.9437769799,91628833.0,2026-06-10,TPEX daily market value shares * close; API MarketValue retained for audit
3122.TWO,3122,TPEX,笙泉,24,半導體業,semiconductor_general,semiconductor,semi,semi_general,member,False,semiconductor,semiconductor_general,semiconductor_general__small,small,1676,0.2585214696768482,2580864.0091371536,17328599.77020368,120.0,2026-06-18,31.049999237060547,267100.0,trade_group_exact,high,True,legacy_subindustry_rule,medium,official_code_fallback,1762.0,cap_1001_plus,0.10790273556231,1139376886.7,1.1393768867,40764826.0,2026-06-10,TPEX daily market value shares * close; API MarketValue retained for audit
7704.TWO,7704,TPEX,明遠精密,24,半導體業,semiconductor_general,semiconductor,semi,semi_general,member,False,semiconductor,semiconductor_general,semiconductor_general__small,small,1712,0.2425852146967685,2367049.9992370605,5640076.827378464,120.0,2026-06-18,58.20000076293945,20000.0,trade_group_exact,high,True,legacy_subindustry_rule,medium,official_code_fallback,1525.0,cap_1001_plus,0.2279635258358662,2026188240.0,2.02618824,33769804.0,2026-06-10,TPEX daily market value shares * close; API MarketValue retained for audit
3467.TWO,3467,TPEX,台灣精材,24,半導體業,semiconductor_general,semiconductor,semi,semi_general,member,False,semiconductor,semiconductor_general,semiconductor_general__small,small,1771,0.2164674634794157,1939499.961853027,15021570.135246912,120.0,2026-06-18,64.30000305175781,105002.0,trade_group_exact,high,True,legacy_subindustry_rule,medium,official_code_fallback,1539.0,cap_1001_plus,0.220871327254306,1972156474.6,1.9721564746,31106569.0,2026-06-10,TPEX daily market value shares * close; API MarketValue retained for audit
5468.TWO,5468,TPEX,凱鈺,24,半導體業,semiconductor_general,semiconductor,semi,semi_general,member,False,semiconductor,semiconductor_general,semiconductor_general__small,small,1776,0.2142540947321823,1858248.0,3516245.348808543,120.0,2026-06-18,30.0,1309389.0,trade_group_exact,high,True,legacy_subindustry_rule,medium,official_code_fallback,1800.0,cap_1001_plus,0.0886524822695035,1060612362.0,1.060612362,58922909.0,2026-06-10,TPEX daily market value shares * close; API MarketValue retained for audit
6229.TWO,6229,TPEX,研通,24,半導體業,semiconductor_general,semiconductor,semi,semi_general,member,False,semiconductor,semiconductor_general,semiconductor_general__small,small,1809,0.1996458610004426,1648650.8006362915,10568565.553319665,120.0,2026-06-18,27.75,648411.0,trade_group_exact,high,True,legacy_subindustry_rule,medium,official_code_fallback,1794.0,cap_1001_plus,0.0916919959473151,1071576585.0,1.071576585,40360700.0,2026-06-10,TPEX daily market value shares * close; API MarketValue retained for audit
3567.TWO,3567,TPEX,逸昌,24,半導體業,semiconductor_general,semiconductor,semi,semi_general,member,False,semiconductor,semiconductor_general,semiconductor_general__small,small,1821,0.1943337760070828,1586607.640473366,3299480.452385413,120.0,2026-06-18,28.450000762939453,174083.0,trade_group_exact,high,True,legacy_subindustry_rule,medium,official_code_fallback,1842.0,cap_1001_plus,0.0673758865248227,913362600.0,0.9133626,33954000.0,2026-06-10,TPEX daily market value shares * close; API MarketValue retained for audit
7770.TWO,7770,TPEX,君曜,24,半導體業,semiconductor_general,semiconductor,semi,semi_general,member,False,semiconductor,semiconductor_general,semiconductor_general__small,small,1824,0.1930057547587428,1573128.4595489502,2884410.089005102,120.0,2026-06-18,42.20000076293945,15030.0,trade_group_exact,high,True,legacy_subindustry_rule,medium,official_code_fallback,1718.0,cap_1001_plus,0.130192502532928,1265612431.3,1.2656124313,30062053.0,2026-06-10,TPEX daily market value shares * close; API MarketValue retained for audit
8102.TWO,8102,TPEX,傑霖科技,24,半導體業,semiconductor_general,semiconductor,semi,semi_general,member,False,semiconductor,semiconductor_general,semiconductor_general__small,small,1827,0.1916777335104028,1563680.5444107056,2995201.294511509,120.0,2026-06-18,71.9000015258789,42000.0,trade_group_exact,high,True,legacy_subindustry_rule,medium,official_code_fallback,1596.0,cap_1001_plus,0.1919959473150962,1712167055.0,1.712167055,23358350.0,2026-06-10,TPEX daily market value shares * close; API MarketValue retained for audit
4923.TWO,4923,TPEX,力士,24,半導體業,semiconductor_general,semiconductor,semi,semi_general,member,False,semiconductor,semiconductor_general,semiconductor_general__small,small,1831,0.1899070385126162,1525563.5135707855,5052306.577752355,120.0,2026-06-18,57.70000076293945,4691004.0,trade_group_exact,high,True,legacy_subindustry_rule,medium,official_code_fallback,1650.0,cap_1001_plus,0.1646403242147923,1474249800.0,1.4742498,33890800.0,2026-06-10,TPEX daily market value shares * close; API MarketValue retained for audit
3259.TWO,3259,TPEX,鑫創,24,半導體業,semiconductor_general,semiconductor,semi,semi_general,member,False,semiconductor,semiconductor_general,semiconductor_general__small,small,1909,0.1553784860557768,1127083.4959888458,1897184.8925473653,120.0,2026-06-18,16.549999237060547,17142.0,trade_group_exact,high,True,legacy_subindustry_rule,medium,official_code_fallback,1731.0,cap_1001_plus,0.1236068895643364,1236772581.3,1.2367725813,72965934.0,2026-06-10,TPEX daily market value shares * close; API MarketValue retained for audit
3268.TWO,3268,TPEX,海德威,24,半導體業,semiconductor_general,semiconductor,semi,semi_general,member,False,semiconductor,semiconductor_general,semiconductor_general__small,small,1929,0.1465250110668438,1060772.6250181198,3676444.789670082,120.0,2026-06-18,21.850000381469727,410000.0,trade_group_exact,high,True,legacy_subindustry_rule,medium,official_code_fallback,1911.0,cap_1001_plus,0.0324214792299898,677055522.0,0.677055522,34720796.0,2026-06-10,TPEX daily market value shares * close; API MarketValue retained for audit
5344.TWO,5344,TPEX,立衛,24,半導體業,semiconductor_general,semiconductor,semi,semi_general,member,False,semiconductor,semiconductor_general,semiconductor_general__small,small,1957,0.1341301460823373,922641.8992118835,2056982.8263144493,120.0,2026-06-18,15.649999618530272,32100.0,trade_group_exact,high,True,legacy_subindustry_rule,medium,official_code_fallback,1732.0,cap_1001_plus,0.1231003039513677,1235408003.0,1.235408003,79447460.0,2026-06-10,TPEX daily market value shares * close; API MarketValue retained for audit
5487.TWO,5487,TPEX,通泰,24,半導體業,semiconductor_general,semiconductor,semi,semi_general,member,False,semiconductor,semiconductor_general,semiconductor_general__small,small,1993,0.1181938911022576,778692.2000000001,1210177.37067084,120.0,2026-06-18,29.5,146100.0,trade_group_exact,high,True,legacy_subindustry_rule,medium,official_code_fallback,1909.0,cap_1001_plus,0.033434650455927,687919454.4,0.6879194544,24222516.0,2026-06-10,TPEX daily market value shares * close; API MarketValue retained for audit
6708.TWO,6708,TPEX,天擎,24,半導體業,semiconductor_general,semiconductor,semi,semi_general,member,False,semiconductor,semiconductor_general,semiconductor_general__small,small,2047,0.0942895086321381,641875.0057220459,1277419.9010579428,120.0,2026-06-18,39.79999923706055,24000.0,trade_group_exact,high,True,legacy_subindustry_rule,medium,official_code_fallback,1774.0,cap_1001_plus,0.1018237082066869,1124090186.25,1.12409018625,29008779.0,2026-06-10,TPEX daily market value shares * close; API MarketValue retained for audit
8024.TWO,8024,TPEX,佑華,24,半導體業,semiconductor_general,semiconductor,semi,semi_general,member,False,semiconductor,semiconductor_general,semiconductor_general__small,small,2083,0.0783532536520584,540883.2116360664,756517.0340708002,120.0,2026-06-18,12.25,54000.0,trade_group_exact,high,True,legacy_subindustry_rule,medium,official_code_fallback,1938.0,cap_1001_plus,0.0187436676798379,548695215.0,0.548695215,45160100.0,2026-06-10,TPEX daily market value shares * close; API MarketValue retained for audit
6103.TWO,6103,TPEX,合邦,24,半導體業,semiconductor_general,semiconductor,semi,semi_general,member,False,semiconductor,semiconductor_general,semiconductor_general__inactive,inactive,2258,0.0008853474988933,0.0,180657.32908983863,120.0,2026-06-18,34.0,1004.0,trade_group_exact,high,True,legacy_subindustry_rule,medium,official_code_fallback,1943.0,cap_1001_plus,0.0162107396149949,500659988.8,0.5006599888,13604891.0,2026-06-10,TPEX daily market value shares * close; API MarketValue retained for audit
7768.TW,7768,TWSE,頌勝科技,24,半導體業,semiconductor_general,semiconductor,semi,semi_general,member,False,semiconductor,semiconductor_general,semiconductor_general__missing_price,missing_price,999999,,0.0,,,,,,trade_group_exact,high,True,legacy_subindustry_rule,medium,official_code_fallback,380.0,cap_251_500,0.8080040526849037,23909760000.0,23.90976,62265000.0,2026-06-10,TWSE basic issued common shares * TWSE latest close
7772.TWO,7772,TPEX,耀穎,24,半導體業,semiconductor_general,semiconductor,semi,semi_general,member,False,semiconductor,semiconductor_general,semiconductor_general__missing_price,missing_price,999999,,0.0,,,,,,trade_group_exact,high,True,legacy_subindustry_rule,medium,official_code_fallback,1170.0,cap_1001_plus,0.4078014184397163,3776050500.0,3.7760505,26498600.0,2026-06-10,TPEX daily market value shares * close; API MarketValue retained for audit
4763.TW,4763,TWSE,材料*-KY,21,化學工業,semi_material,semiconductor_supply_chain,traditional,chemical,member,False,semiconductor,semiconductor_material,semiconductor_material__mid,mid,291,0.8716246126604692,312895913.0695019,368304675.06040543,120.0,2026-06-18,44.29999923706055,6621636.0,trade_group_exact,high,False,exact_symbol,high,official_code_fallback,258.0,cap_251_500,0.869807497467072,43769740147.5,43.7697401475,989146670.0,2026-06-10,TWSE basic issued common shares * TWSE latest close
4739.TW,4739,TWSE,康普,21,化學工業,semi_material,semiconductor_supply_chain,traditional,chemical,member,False,semiconductor,semiconductor_material,semiconductor_material__mid,mid,503,0.7777777777777778,110401338.81230928,203490822.7334364,120.0,2026-06-18,123.5,3679701.0,trade_group_exact,high,False,exact_symbol,high,official_code_fallback,507.0,cap_501_1000,0.7436676798378926,15581158625.0,15.581158625,124649269.0,2026-06-10,TWSE basic issued common shares * TWSE latest close
4770.TW,4770,TWSE,上品,21,化學工業,semi_material,semiconductor_supply_chain,traditional,chemical,leader,True,semiconductor,semiconductor_material,semiconductor_material__small_mid,small_mid,539,0.7618415227976981,95816564.0,137941565.24583334,120.0,2026-06-18,215.5,437213.0,trade_group_exact,high,False,exact_symbol,high,official_code_fallback,474.0,cap_251_500,0.7603850050658562,17274816000.0,17.274816,79976000.0,2026-06-10,TWSE basic issued common shares * TWSE latest close
6488.TWO,6488,TPEX,環球晶,24,半導體業,semi_wafer_material,semiconductor_supply_chain,semi,semi_equipment_material,leader,True,semiconductor,wafer_material,wafer_material__mid_large,mid_large,82,0.9641434262948207,1780167007.0,3102337046.025,120.0,2026-06-18,1110.0,11451045.0,trade_group_exact,high,False,exact_symbol,high,exact_symbol,53.0,cap_051_100,0.9736575481256332,370538136875.0,370.538136875,478113725.0,2026-06-10,TPEX daily market value shares * close; API MarketValue retained for audit
3016.TW,3016,TWSE,嘉晶,24,半導體業,semi_wafer_material,semiconductor_supply_chain,semi,semi_wafer_material,member,False,semiconductor,wafer_material,wafer_material__mid,mid,479,0.7884019477644976,119041977.09506798,260291992.7704492,120.0,2026-06-18,126.5,11834924.0,trade_group_exact,high,False,legacy_subindustry_rule,medium,exact_symbol,318.0,cap_251_500,0.8394123606889564,29719807357.0,29.719807357,288541819.0,2026-06-10,TWSE basic issued common shares * TWSE latest close
2342.TW,2342,TWSE,茂矽,24,半導體業,semi_wafer_material,semiconductor_supply_chain,semi,semi_wafer_material,member,False,semiconductor,wafer_material,wafer_material__small_mid,small_mid,686,0.6967684816290394,49828337.000341415,107620798.76943976,120.0,2026-06-18,55.20000076293945,29103424.0,trade_group_exact,high,False,legacy_subindustry_rule,medium,exact_symbol,935.0,cap_501_1000,0.5268490374873354,6117893804.400001,6.1178938044,157474744.0,2026-06-10,TWSE basic issued common shares * TWSE latest close
8454.TW,8454,TWSE,富邦媒,36,數位雲端,cloud_digital,software_service,other,digital_cloud,member,False,software,cloud_digital,cloud_digital__small_mid,small_mid,580,0.7436918990703851,80196055.5,90549547.17083332,120.0,2026-06-18,341.0,1192043.0,trade_group_exact,high,False,legacy_subindustry_rule,medium,official_code_fallback,122.0,cap_101_250,0.9387031408308004,119106386112.5,119.1063861125,264975275.0,2026-06-10,TWSE basic issued common shares * TWSE latest close
7805.TWO,7805,TPEX,威聯通,36,數位雲端,cloud_digital,software_service,other,digital_cloud,member,False,software,cloud_digital,cloud_digital__small_mid,small_mid,610,0.7304116865869854,68921621.5,93710355.40833332,120.0,2026-06-18,692.0,54130.0,trade_group_exact,high,False,legacy_subindustry_rule,medium,official_code_fallback,385.0,cap_251_500,0.8054711246200608,23320071104.0,23.320071104,33125101.0,2026-06-10,TPEX daily market value shares * close; API MarketValue retained for audit
7722.TW,7722,TWSE,LINEPAY,36,數位雲端,cloud_digital,software_service,other,digital_cloud,member,False,software,cloud_digital,cloud_digital__small_mid,small_mid,710,0.6861443116423196,44034831.0,57301903.10833333,120.0,2026-06-18,328.0,363169.0,trade_group_exact,high,False,legacy_subindustry_rule,medium,official_code_fallback,382.0,cap_251_500,0.8069908814589666,23596000000.0,23.596,68000000.0,2026-06-10,TWSE basic issued common shares * TWSE latest close
6763.TWO,6763,TPEX,綠界科技*,36,數位雲端,cloud_digital,software_service,other,digital_cloud,member,False,software,cloud_digital,cloud_digital__small,small,933,0.5874280655157149,21229763.861083984,29423564.77663137,120.0,2026-06-18,47.400001525878906,538100.0,trade_group_exact,high,False,legacy_subindustry_rule,medium,official_code_fallback,759.0,cap_501_1000,0.6160081053698074,8806272370.5,8.8062723705,184039130.0,2026-06-10,TPEX daily market value shares * close; API MarketValue retained for audit
6165.TW,6165,TWSE,浪凡,36,數位雲端,cloud_digital,software_service,other,digital_cloud,member,False,software,cloud_digital,cloud_digital__small,small,938,0.5852146967684817,20921808.290388107,33598343.476425394,120.0,2026-06-18,48.59999847412109,394000.0,trade_group_exact,high,False,legacy_subindustry_rule,medium,official_code_fallback,1168.0,cap_1001_plus,0.4088145896656535,3790440371.25,3.79044037125,77752623.0,2026-06-10,TWSE basic issued common shares * TWSE latest close
7714.TWO,7714,TPEX,創泓科技,36,數位雲端,cloud_digital,software_service,other,digital_cloud,member,False,software,cloud_digital,cloud_digital__small,small,1020,0.5489154493138557,16750702.5,33064029.1875,120.0,2026-06-18,126.5,44002.0,trade_group_exact,high,False,legacy_subindustry_rule,medium,official_code_fallback,1348.0,cap_1001_plus,0.3176291793313069,2740500000.0,2.7405,21000000.0,2026-06-10,TPEX daily market value shares * close; API MarketValue retained for audit
6741.TWO,6741,TPEX,91APP*-KY,36,數位雲端,cloud_digital,software_service,other,digital_cloud,member,False,software,cloud_digital,cloud_digital__small,small,1021,0.548472775564409,16675560.103759766,22100872.57546472,120.0,2026-06-18,62.0,113200.0,trade_group_exact,high,False,legacy_subindustry_rule,medium,official_code_fallback,832.0,cap_501_1000,0.5790273556231003,7463778014.3,7.4637780143,120577997.0,2026-06-10,TPEX daily market value shares * close; API MarketValue retained for audit
6689.TW,6689,TWSE,伊雲谷,36,數位雲端,cloud_digital,software_service,other,digital_cloud,member,False,software,cloud_digital,cloud_digital__small,small,1035,0.5422753430721559,16174958.4868927,40004530.03286193,120.0,2026-06-18,67.0,287150.0,trade_group_exact,high,False,legacy_subindustry_rule,medium,official_code_fallback,1059.0,cap_1001_plus,0.4640324214792299,4658000000.0,4.658,68000000.0,2026-06-10,TWSE basic issued common shares * TWSE latest close
7765.TW,7765,TWSE,中華資安,36,數位雲端,cloud_digital,software_service,other,digital_cloud,member,False,software,cloud_digital,cloud_digital__small,small,1108,0.5099601593625498,12831755.0,16570738.441666666,120.0,2026-06-18,238.0,189127.0,trade_group_exact,high,False,legacy_subindustry_rule,medium,official_code_fallback,690.0,cap_501_1000,0.6509625126646403,10027866500.0,10.0278665,40681000.0,2026-06-10,TWSE basic issued common shares * TWSE latest close
8044.TWO,8044,TPEX,網家,36,數位雲端,cloud_digital,software_service,other,digital_cloud,member,False,software,cloud_digital,cloud_digital__small,small,1111,0.5086321381142098,12627529.707336428,15187652.258614508,120.0,2026-06-18,31.149999618530277,3149200.0,trade_group_exact,high,False,legacy_subindustry_rule,medium,official_code_fallback,920.0,cap_501_1000,0.5344478216818642,6210541363.0,6.210541363,205647065.0,2026-06-10,TPEX daily market value shares * close; API MarketValue retained for audit
6870.TWO,6870,TPEX,騰雲,36,數位雲端,cloud_digital,software_service,other,digital_cloud,member,False,software,cloud_digital,cloud_digital__small,small,1123,0.5033200531208499,12197880.0,18611115.370833334,120.0,2026-06-18,285.5,153004.0,trade_group_exact,high,False,legacy_subindustry_rule,medium,official_code_fallback,843.0,cap_501_1000,0.5734549138804458,7328238687.0,7.328238687,23375562.0,2026-06-10,TPEX daily market value shares * close; API MarketValue retained for audit
7738.TWO,7738,TPEX,東聯互動,36,數位雲端,cloud_digital,software_service,other,digital_cloud,member,False,software,cloud_digital,cloud_digital__small,small,1213,0.4634794156706507,9087256.0,11062070.741666667,120.0,2026-06-18,173.5,93050.0,trade_group_exact,high,False,legacy_subindustry_rule,medium,official_code_fallback,1066.0,cap_1001_plus,0.4604863221884498,4623130031.0,4.623130031,27355799.0,2026-06-10,TPEX daily market value shares * close; API MarketValue retained for audit
5287.TWO,5287,TPEX,數字,36,數位雲端,cloud_digital,software_service,other,digital_cloud,member,False,software,cloud_digital,cloud_digital__small,small,1241,0.4510845506861443,8331599.0,10060564.745833334,120.0,2026-06-18,148.5,70100.0,trade_group_exact,high,False,legacy_subindustry_rule,medium,official_code_fallback,760.0,cap_501_1000,0.615501519756839,8805340300.0,8.8053403,60310550.0,2026-06-10,TPEX daily market value shares * close; API MarketValue retained for audit
2640.TWO,2640,TPEX,大車隊,36,數位雲端,cloud_digital,software_service,other,digital_cloud,member,False,software,cloud_digital,cloud_digital__small,small,1302,0.4240814519698982,7129234.0,12892934.604166666,120.0,2026-06-18,152.5,39202.0,trade_group_exact,high,False,legacy_subindustry_rule,medium,official_code_fallback,726.0,cap_501_1000,0.632725430597771,9363863048.0,9.363863048,59264956.0,2026-06-10,TPEX daily market value shares * close; API MarketValue retained for audit
6925.TWO,6925,TPEX,意藍,36,數位雲端,cloud_digital,software_service,other,digital_cloud,member,False,software,cloud_digital,cloud_digital__small,small,1358,0.3992917220008853,6243388.377914429,7889311.819786861,120.0,2026-06-18,63.70000076293945,96000.0,trade_group_exact,high,False,legacy_subindustry_rule,medium,official_code_fallback,1668.0,cap_1001_plus,0.1555217831813576,1400021000.0,1.400021,20000300.0,2026-06-10,TPEX daily market value shares * close; API MarketValue retained for audit
6614.TW,6614,TWSE,資拓宏宇,36,數位雲端,cloud_digital,software_service,other,digital_cloud,member,False,software,cloud_digital,cloud_digital__small,small,1447,0.3598937583001328,4929090.419769287,8732964.062715115,110.0,2026-06-18,40.900001525878906,136430.0,trade_group_exact,high,False,legacy_subindustry_rule,medium,official_code_fallback,1263.0,cap_1001_plus,0.3606889564336373,3218354787.9,3.2183547879,80660521.0,2026-06-10,TWSE basic issued common shares * TWSE latest close
3130.TW,3130,TWSE,一零四,36,數位雲端,cloud_digital,software_service,other,digital_cloud,member,False,software,cloud_digital,cloud_digital__small,small,1486,0.3426294820717132,4425000.0,4805506.483333333,120.0,2026-06-18,224.0,51000.0,trade_group_exact,high,False,legacy_subindustry_rule,medium,official_code_fallback,838.0,cap_501_1000,0.5759878419452887,7384930750.0,7.38493075,33190700.0,2026-06-10,TWSE basic issued common shares * TWSE latest close
6910.TWO,6910,TPEX,德鴻,36,數位雲端,cloud_digital,software_service,other,digital_cloud,member,False,software,cloud_digital,cloud_digital__small,small,1508,0.3328906595838866,4219746.8,5737433.328967603,120.0,2026-06-18,28.0,33000.0,trade_group_exact,high,False,legacy_subindustry_rule,medium,official_code_fallback,1850.0,cap_1001_plus,0.0633232016210739,885109000.0,0.885109,30521000.0,2026-06-10,TPEX daily market value shares * close; API MarketValue retained for audit
7721.TW,7721,TWSE,微程式,36,數位雲端,cloud_digital,software_service,other,digital_cloud,member,False,software,cloud_digital,cloud_digital__small,small,1512,0.3311199645861,4140959.4796295166,26574549.16742646,120.0,2026-06-18,75.0999984741211,494117.0,trade_group_exact,high,False,legacy_subindustry_rule,medium,official_code_fallback,1115.0,cap_1001_plus,0.4356636271529889,4241342000.0,4.241342,55370000.0,2026-06-10,TWSE basic issued common shares * TWSE latest close
6906.TW,6906,TWSE,現觀科,36,數位雲端,cloud_digital,software_service,other,digital_cloud,member,False,software,cloud_digital,cloud_digital__small,small,1562,0.3089862771137671,3627217.139881134,5330423.80255998,120.0,2026-06-18,92.0999984741211,214000.0,trade_group_exact,high,False,legacy_subindustry_rule,medium,official_code_fallback,1271.0,cap_1001_plus,0.3566362715298885,3186053000.0,3.186053,33537400.0,2026-06-10,TWSE basic issued common shares * TWSE latest close
7547.TWO,7547,TPEX,碩網,36,數位雲端,cloud_digital,software_service,other,digital_cloud,member,False,software,cloud_digital,cloud_digital__small,small,1572,0.3045595396193006,3516077.4616622925,26297671.42414941,120.0,2026-06-18,59.29999923706055,23000.0,trade_group_exact,high,False,legacy_subindustry_rule,medium,official_code_fallback,1537.0,cap_1001_plus,0.2218844984802431,1973963600.0,1.9739636,33628000.0,2026-06-10,TPEX daily market value shares * close; API MarketValue retained for audit
6902.TW,6902,TWSE,GOGOLOOK,36,數位雲端,cloud_digital,software_service,other,digital_cloud,member,False,software,cloud_digital,cloud_digital__small,small,1585,0.298804780876494,3421389.465034485,12314970.480327353,120.0,2026-06-18,133.0,114000.0,trade_group_exact,high,False,legacy_subindustry_rule,medium,official_code_fallback,1010.0,cap_1001_plus,0.4888551165146909,5134077486.0,5.134077486,35529948.0,2026-06-10,TWSE basic issued common shares * TWSE latest close
5321.TWO,5321,TPEX,美而快,36,數位雲端,cloud_digital,software_service,other,digital_cloud,member,False,software,cloud_digital,cloud_digital__small,small,1633,0.2775564409030544,2976005.073992729,5049709.988466533,120.0,2026-06-18,40.150001525878906,429887.0,trade_group_exact,high,False,legacy_subindustry_rule,medium,official_code_fallback,1538.0,cap_1001_plus,0.2213779128672746,1972970654.2,1.9729706542,53179802.0,2026-06-10,TPEX daily market value shares * close; API MarketValue retained for audit
7823.TW,7823,TWSE,奧義賽博-KY創,36,數位雲端,cloud_digital,software_service,other,digital_cloud,member,False,software,cloud_digital,cloud_digital__small,small,1719,0.2394864984506418,2300500.0,8994978.50316846,54.0,2026-06-18,82.0999984741211,11000.0,trade_group_exact,high,False,legacy_subindustry_rule,medium,official_code_fallback,1329.0,cap_1001_plus,0.3272543059777102,2843376561.0,2.843376561,33490890.0,2026-06-10,TWSE basic issued common shares * TWSE latest close
8487.TW,8487,TWSE,愛爾達-創,36,數位雲端,cloud_digital,software_service,other,digital_cloud,member,False,software,cloud_digital,cloud_digital__small,small,1842,0.185037627268703,1474110.3278961182,1825129.274422964,120.0,2026-06-18,78.5999984741211,25001.0,trade_group_exact,high,False,legacy_subindustry_rule,medium,official_code_fallback,1505.0,cap_1001_plus,0.2380952380952381,2128107000.0,2.128107,26535000.0,2026-06-10,TWSE basic issued common shares * TWSE latest close
7747.TWO,7747,TPEX,昕奇雲端,36,數位雲端,cloud_digital,software_service,other,digital_cloud,member,False,software,cloud_digital,cloud_digital__small,small,1876,0.1699867197875165,1281305.0,1545594.3375,120.0,2026-06-18,127.5,5000.0,trade_group_exact,high,False,legacy_subindustry_rule,medium,name_keyword,1211.0,cap_1001_plus,0.3870314083080041,3524241000.0,3.524241,27426000.0,2026-06-10,TPEX daily market value shares * close; API MarketValue retained for audit
8472.TWO,8472,TPEX,夠麻吉,36,數位雲端,cloud_digital,software_service,other,digital_cloud,member,False,software,cloud_digital,cloud_digital__small,small,1898,0.1602478972996901,1192450.9011611938,2120576.523423023,120.0,2026-06-18,85.5,2003.0,trade_group_exact,high,False,legacy_subindustry_rule,medium,official_code_fallback,1631.0,cap_1001_plus,0.1742654508611955,1596222000.0,1.596222,17735800.0,2026-06-10,TPEX daily market value shares * close; API MarketValue retained for audit
6865.TWO,6865,TPEX,偉康科技,36,數位雲端,cloud_digital,software_service,other,digital_cloud,member,False,software,cloud_digital,cloud_digital__small,small,1992,0.1186365648517042,782500.0,1581442.3128118005,120.0,2026-06-18,26.25,39000.0,trade_group_exact,high,False,legacy_subindustry_rule,medium,official_code_fallback,1954.0,cap_1001_plus,0.0106382978723403,435617737.5,0.4356177375,15840645.0,2026-06-10,TPEX daily market value shares * close; API MarketValue retained for audit
8477.TWO,8477,TPEX,創業家,36,數位雲端,cloud_digital,software_service,other,digital_cloud,member,False,software,cloud_digital,cloud_digital__small,small,2122,0.0610889774236387,416900.00343322754,639443.8603402661,120.0,2026-06-18,17.200000762939453,56000.0,trade_group_exact,high,False,legacy_subindustry_rule,medium,official_code_fallback,1756.0,cap_1001_plus,0.1109422492401215,1174322272.8,1.1743222728,64170616.0,2026-06-10,TPEX daily market value shares * close; API MarketValue retained for audit
6997.TWO,6997,TPEX,博弘,36,數位雲端,cloud_digital,software_service,other,digital_cloud,member,False,software,cloud_digital,cloud_digital__small,small,2161,0.043824701195219,270299.9954223633,635287.8766240311,120.0,2026-06-18,75.0,6000.0,trade_group_exact,high,False,legacy_subindustry_rule,medium,official_code_fallback,1619.0,cap_1001_plus,0.1803444782168186,1644277200.0000002,1.6442772000000003,22100500.0,2026-06-10,TPEX daily market value shares * close; API MarketValue retained for audit
2949.TWO,2949,TPEX,欣新網,36,數位雲端,cloud_digital,software_service,other,digital_cloud,member,False,software,cloud_digital,cloud_digital__small,small,2209,0.0225763612217795,136334.0954208374,347097.229093202,120.0,2026-06-18,68.4000015258789,3031.0,trade_group_exact,high,False,legacy_subindustry_rule,medium,official_code_fallback,1534.0,cap_1001_plus,0.2234042553191489,1985543280.0,1.98554328,30641100.0,2026-06-10,TPEX daily market value shares * close; API MarketValue retained for audit
3085.TWO,3085,TPEX,新零售,36,數位雲端,cloud_digital,software_service,other,digital_cloud,member,False,software,cloud_digital,cloud_digital__small,small,2227,0.0146082337317396,97474.99933242798,186680.5482165845,120.0,2026-06-18,12.149999618530272,2100.0,trade_group_exact,high,False,legacy_subindustry_rule,medium,official_code_fallback,1866.0,cap_1001_plus,0.0552178318135765,845486278.0,0.845486278,69019288.0,2026-06-10,TPEX daily market value shares * close; API MarketValue retained for audit
5278.TWO,5278,TPEX,尚凡*,36,數位雲端,digital_platform,software_service,other,digital_platform,member,False,software,digital_platform,digital_platform__small,small,1228,0.4568393094289509,8754409.612439156,12420872.649918787,120.0,2026-06-18,24.149999618530277,438004.0,trade_group_exact,high,False,legacy_subindustry_rule,medium,exact_symbol,857.0,cap_501_1000,0.5663627152988855,7140000000.0,7.14,300000000.0,2026-06-10,TPEX daily market value shares * close; API MarketValue retained for audit
3029.TW,3029,TWSE,零壹,30,資訊服務業,software_system,software_service,other_electronics,information_service,member,False,software,software_system,software_system__mid,mid,525,0.7680389552899514,100765609.5,128010111.04207893,120.0,2026-06-18,101.5,806289.0,trade_group_exact,high,False,legacy_subindustry_rule,medium,official_code_fallback,470.0,cap_251_500,0.7624113475177305,17535547260.0,17.53554726,167005212.0,2026-06-10,TWSE basic issued common shares * TWSE latest close
4953.TWO,4953,TPEX,緯軟,30,資訊服務業,software_system,software_service,other_electronics,information_service,member,False,software,software_system,software_system__small_mid,small_mid,682,0.6985391766268261,50561875.0,61272164.74166667,120.0,2026-06-18,132.5,585062.0,trade_group_exact,high,False,legacy_subindustry_rule,medium,official_code_fallback,687.0,cap_501_1000,0.6524822695035462,10057714425.0,10.057714425,73147014.0,2026-06-10,TPEX daily market value shares * close; API MarketValue retained for audit
3147.TWO,3147,TPEX,大綜,30,資訊服務業,software_system,software_service,other_electronics,information_service,member,False,software,software_system,software_system__small_mid,small_mid,709,0.6865869853917663,44079590.25,76379675.89583333,120.0,2026-06-18,327.0,473879.0,trade_group_exact,high,False,legacy_subindustry_rule,medium,official_code_fallback,554.0,cap_501_1000,0.7198581560283688,13979785920.0,13.97978592,43686831.0,2026-06-10,TPEX daily market value shares * close; API MarketValue retained for audit
2480.TW,2480,TWSE,敦陽科,30,資訊服務業,software_system,software_service,other_electronics,information_service,member,False,software,software_system,software_system__small,small,842,0.6277113767153608,28055628.75,34807567.775,120.0,2026-06-18,153.5,678079.0,trade_group_exact,high,False,legacy_subindustry_rule,medium,official_code_fallback,481.0,cap_251_500,0.756838905775076,16858106123.5,16.8581061235,106360291.0,2026-06-10,TWSE basic issued common shares * TWSE latest close
2453.TW,2453,TWSE,凌群,30,資訊服務業,software_system,software_service,other_electronics,information_service,member,False,software,software_system,software_system__small,small,918,0.5940681717574148,21811996.54911995,34986981.92883329,120.0,2026-06-18,56.59999847412109,443280.0,trade_group_exact,high,False,legacy_subindustry_rule,medium,official_code_fallback,969.0,cap_501_1000,0.5096251266464032,5620000000.0,5.62,100000000.0,2026-06-10,TWSE basic issued common shares * TWSE latest close
6112.TW,6112,TWSE,邁達特,30,資訊服務業,software_system,software_service,other_electronics,information_service,member,False,software,software_system,software_system__small,small,923,0.5918548030101816,21689067.393554688,35319945.455256015,120.0,2026-06-18,45.20000076293945,541467.0,trade_group_exact,high,False,legacy_subindustry_rule,medium,official_code_fallback,750.0,cap_501_1000,0.6205673758865249,8965809193.6,8.9658091936,188357336.0,2026-06-10,TWSE basic issued common shares * TWSE latest close
6811.TWO,6811,TPEX,宏碁資訊,36,數位雲端,software_system,software_service,other,information_service,member,False,software,software_system,software_system__small,small,977,0.567950420540062,18730709.25,26592920.9625,120.0,2026-06-18,230.0,97019.0,trade_group_exact,high,False,legacy_subindustry_rule,medium,name_keyword,728.0,cap_501_1000,0.6317122593718338,9346749500.0,9.3467495,41449000.0,2026-06-10,TPEX daily market value shares * close; API MarketValue retained for audit
2427.TW,2427,TWSE,三商電,30,資訊服務業,software_system,software_service,other_electronics,information_service,member,False,software,software_system,software_system__small,small,1015,0.5511288180610889,16908993.383449554,27508226.43555107,120.0,2026-06-18,22.299999237060547,622000.0,trade_group_exact,high,False,legacy_subindustry_rule,medium,official_code_fallback,1088.0,cap_1001_plus,0.4493414387031408,4415390477.900001,4.415390477900001,197999573.0,2026-06-10,TWSE basic issued common shares * TWSE latest close
2468.TW,2468,TWSE,華經,30,資訊服務業,software_system,software_service,other_electronics,information_service,member,False,software,software_system,software_system__small,small,1053,0.534307215582116,15453504.36067772,27118700.157610003,120.0,2026-06-18,38.0,626065.0,trade_group_exact,high,False,legacy_subindustry_rule,medium,official_code_fallback,1318.0,cap_1001_plus,0.3328267477203647,2885901521.25,2.88590152125,69961249.0,2026-06-10,TWSE basic issued common shares * TWSE latest close
5203.TW,5203,TWSE,訊連,30,資訊服務業,software_system,software_service,other_electronics,information_service,member,False,software,software_system,software_system__small,small,1063,0.5298804780876494,15219892.930980682,21576428.06778793,120.0,2026-06-18,69.0,239000.0,trade_group_exact,high,False,legacy_subindustry_rule,medium,official_code_fallback,989.0,cap_501_1000,0.4994934143870314,5395293400.0,5.3952934,79342550.0,2026-06-10,TWSE basic issued common shares * TWSE latest close
6148.TWO,6148,TPEX,驊宏資,30,資訊服務業,software_system,software_service,other_electronics,information_service,member,False,software,software_system,software_system__small,small,1177,0.4794156706507304,10265900.08195114,19623688.42174014,120.0,2026-06-18,33.400001525878906,370112.0,trade_group_exact,high,False,legacy_subindustry_rule,medium,official_code_fallback,1628.0,cap_1001_plus,0.1757852077001013,1607829616.5,1.6078296165,46603757.0,2026-06-10,TPEX daily market value shares * close; API MarketValue retained for audit
2471.TW,2471,TWSE,資通,30,資訊服務業,software_system,software_service,other_electronics,information_service,member,False,software,software_system,software_system__small,small,1246,0.448871181938911,8224106.788557053,10070411.47864577,120.0,2026-06-18,53.79999923706055,146000.0,trade_group_exact,high,False,legacy_subindustry_rule,medium,official_code_fallback,1403.0,cap_1001_plus,0.2897669706180344,2504456170.0,2.50445617,47253890.0,2026-06-10,TWSE basic issued common shares * TWSE latest close
5403.TWO,5403,TPEX,中菲,30,資訊服務業,software_system,software_service,other_electronics,information_service,member,False,software,software_system,software_system__small,small,1247,0.4484285081894643,8219266.532855988,10907229.689433198,120.0,2026-06-18,95.0,81040.0,trade_group_exact,high,False,legacy_subindustry_rule,medium,official_code_fallback,849.0,cap_501_1000,0.5704154002026343,7278197051.299999,7.278197051299999,78176123.0,2026-06-10,TPEX daily market value shares * close; API MarketValue retained for audit
6690.TWO,6690,TPEX,安碁資訊,36,數位雲端,software_system,software_service,other,information_service,member,False,software,software_system,software_system__small,small,1305,0.4227534307215582,7106652.0,8321452.341666667,120.0,2026-06-18,179.0,88010.0,trade_group_exact,high,False,legacy_subindustry_rule,medium,name_keyword,1007.0,cap_1001_plus,0.4903748733535967,5159951840.0,5.15995184,29999720.0,2026-06-10,TPEX daily market value shares * close; API MarketValue retained for audit
8099.TWO,8099,TPEX,大世科,30,資訊服務業,software_system,software_service,other_electronics,information_service,member,False,software,software_system,software_system__small,small,1307,0.4218680832226649,7084097.549545288,10866058.1706404,120.0,2026-06-18,60.20000076293945,63001.0,trade_group_exact,high,False,legacy_subindustry_rule,medium,official_code_fallback,944.0,cap_501_1000,0.522289766970618,6004368000.0,6.004368,100072800.0,2026-06-10,TPEX daily market value shares * close; API MarketValue retained for audit
5410.TWO,5410,TPEX,國眾,30,資訊服務業,software_system,software_service,other_electronics,information_service,member,False,software,software_system,software_system__small,small,1326,0.4134572819831784,6820369.51180172,23400561.89062768,120.0,2026-06-18,44.75,1298222.0,trade_group_exact,high,False,legacy_subindustry_rule,medium,official_code_fallback,1182.0,cap_1001_plus,0.4017223910840932,3705107163.45,3.70510716345,92281623.0,2026-06-10,TPEX daily market value shares * close; API MarketValue retained for audit
5201.TWO,5201,TPEX,凱衛,30,資訊服務業,software_system,software_service,other_electronics,information_service,member,False,software,software_system,software_system__small,small,1329,0.4121292607348384,6772310.938606262,9395355.781628888,120.0,2026-06-18,27.700000762939453,51100.0,trade_group_exact,high,False,legacy_subindustry_rule,medium,official_code_fallback,1768.0,cap_1001_plus,0.1048632218844984,1133165780.0,1.13316578,38674600.0,2026-06-10,TPEX daily market value shares * close; API MarketValue retained for audit
6752.TWO,6752,TPEX,叡揚,30,資訊服務業,software_system,software_service,other_electronics,information_service,member,False,software,software_system,software_system__small,small,1363,0.397078353253652,6181260.0,7594052.808333334,120.0,2026-06-18,102.0,54468.0,trade_group_exact,high,False,legacy_subindustry_rule,medium,official_code_fallback,1192.0,cap_1001_plus,0.3966565349544073,3654984064.8,3.6549840648,37144147.0,2026-06-10,TPEX daily market value shares * close; API MarketValue retained for audit
6221.TWO,6221,TPEX,晉泰,30,資訊服務業,software_system,software_service,other_electronics,information_service,member,False,software,software_system,software_system__small,small,1517,0.3289065958388667,4094736.000261306,6444864.824727911,120.0,2026-06-18,24.399999618530277,118426.0,trade_group_exact,high,False,legacy_subindustry_rule,medium,official_code_fallback,1142.0,cap_1001_plus,0.4219858156028369,4037998883.7,4.037998883699999,168601206.0,2026-06-10,TPEX daily market value shares * close; API MarketValue retained for audit
6140.TWO,6140,TPEX,訊達電腦,30,資訊服務業,software_system,software_service,other_electronics,information_service,member,False,software,software_system,software_system__small,small,1523,0.3262505533421868,4000186.135498047,4915279.812698412,120.0,2026-06-18,21.049999237060547,86200.0,trade_group_exact,high,False,legacy_subindustry_rule,medium,official_code_fallback,1744.0,cap_1001_plus,0.1170212765957446,1207750720.0,1.20775072,54897760.0,2026-06-10,TPEX daily market value shares * close; API MarketValue retained for audit
3570.TWO,3570,TPEX,大塚,30,資訊服務業,software_system,software_service,other_electronics,information_service,member,False,software,software_system,software_system__small,small,1551,0.3138556883576804,3738125.0,6807858.004166666,120.0,2026-06-18,179.0,48121.0,trade_group_exact,high,False,legacy_subindustry_rule,medium,official_code_fallback,1279.0,cap_1001_plus,0.3525835866261398,3154396500.0,3.1543965,17097000.0,2026-06-10,TPEX daily market value shares * close; API MarketValue retained for audit
6123.TWO,6123,TPEX,上奇,30,資訊服務業,software_system,software_service,other_electronics,information_service,member,False,software,software_system,software_system__small,small,1611,0.2872952633908809,3142838.8794174194,3750264.883739929,120.0,2026-06-18,43.0,90347.0,trade_group_exact,high,False,legacy_subindustry_rule,medium,official_code_fallback,1321.0,cap_1001_plus,0.331306990881459,2871636137.5,2.8716361375,62089430.0,2026-06-10,TPEX daily market value shares * close; API MarketValue retained for audit
5210.TWO,5210,TPEX,寶碩,30,資訊服務業,software_system,software_service,other_electronics,information_service,member,False,software,software_system,software_system__small,small,1617,0.284639220894201,3074872.32329464,4997510.388279556,120.0,2026-06-18,30.0,426299.0,trade_group_exact,high,False,legacy_subindustry_rule,medium,official_code_fallback,1398.0,cap_1001_plus,0.2922998986828774,2543402260.05,2.54340226005,82177779.0,2026-06-10,TPEX daily market value shares * close; API MarketValue retained for audit
6791.TWO,6791,TPEX,虎門科技,30,資訊服務業,software_system,software_service,other_electronics,information_service,member,False,software,software_system,software_system__small,small,1622,0.2824258521469677,3052780.0,7500486.919020716,120.0,2026-06-18,103.5,35000.0,trade_group_exact,high,False,legacy_subindustry_rule,medium,official_code_fallback,1498.0,cap_1001_plus,0.2416413373860182,2136817500.0,2.1368175,20847000.0,2026-06-10,TPEX daily market value shares * close; API MarketValue retained for audit
5202.TWO,5202,TPEX,力新,30,資訊服務業,software_system,software_service,other_electronics,information_service,member,False,software,software_system,software_system__small,small,1638,0.2753430721558212,2914256.879781723,3592321.859325121,120.0,2026-06-18,15.800000190734863,1611106.0,trade_group_exact,high,False,legacy_subindustry_rule,medium,official_code_fallback,1680.0,cap_1001_plus,0.1494427558257345,1367592900.0,1.3675929,89094000.0,2026-06-10,TPEX daily market value shares * close; API MarketValue retained for audit
6183.TW,6183,TWSE,關貿,30,資訊服務業,software_system,software_service,other_electronics,information_service,member,False,software,software_system,software_system__small,small,1650,0.2700309871624612,2787751.373188019,3183741.5939244586,120.0,2026-06-18,90.4000015258789,22034.0,trade_group_exact,high,False,legacy_subindustry_rule,medium,official_code_fallback,572.0,cap_501_1000,0.7107396149949341,13290000000.0,13.29,150000000.0,2026-06-10,TWSE basic issued common shares * TWSE latest close
6516.TWO,6516,TPEX,勤崴國際,30,資訊服務業,software_system,software_service,other_electronics,information_service,member,False,software,software_system,software_system__small,small,1675,0.2589641434262948,2588471.0492897034,3292084.492785422,120.0,2026-06-18,56.79999923706055,147000.0,trade_group_exact,high,False,legacy_subindustry_rule,medium,official_code_fallback,1280.0,cap_1001_plus,0.3520770010131712,3137967279.5,3.1379672795,56336935.0,2026-06-10,TPEX daily market value shares * close; API MarketValue retained for audit
6874.TWO,6874,TPEX,倍力,30,資訊服務業,software_system,software_service,other_electronics,information_service,member,False,software,software_system,software_system__small,small,1697,0.2492253209384684,2451807.550430298,4388404.560239227,120.0,2026-06-18,85.0999984741211,38033.0,trade_group_exact,high,False,legacy_subindustry_rule,medium,official_code_fallback,1562.0,cap_1001_plus,0.2092198581560284,1861200000.0,1.8612,22000000.0,2026-06-10,TPEX daily market value shares * close; API MarketValue retained for audit
6593.TWO,6593,TPEX,台灣銘板,30,資訊服務業,software_system,software_service,other_electronics,information_service,member,False,software,software_system,software_system__small,small,1706,0.2452412571934484,2400821.298265457,3767962.4258733937,120.0,2026-06-18,35.099998474121094,41100.0,trade_group_exact,high,False,legacy_subindustry_rule,medium,official_code_fallback,1785.0,cap_1001_plus,0.0962512664640323,1094274519.15,1.09427451915,31856609.0,2026-06-10,TPEX daily market value shares * close; API MarketValue retained for audit
3158.TWO,3158,TPEX,嘉實,30,資訊服務業,software_system,software_service,other_electronics,information_service,member,False,software,software_system,software_system__small,small,1708,0.2443559096945551,2384666.0,4293291.432220281,120.0,2026-06-18,83.0999984741211,14100.0,trade_group_exact,high,False,legacy_subindustry_rule,medium,official_code_fallback,1396.0,cap_1001_plus,0.2933130699088145,2551423930.0,2.55142393,30519425.0,2026-06-10,TPEX daily market value shares * close; API MarketValue retained for audit
4994.TW,4994,TWSE,傳奇,30,資訊服務業,software_system,software_service,other_electronics,information_service,member,False,software,software_system,software_system__small,small,1780,0.2124833997343957,1831285.321006775,2254283.1921579363,120.0,2026-06-18,91.8000030517578,19000.0,trade_group_exact,high,False,legacy_subindustry_rule,medium,official_code_fallback,964.0,cap_501_1000,0.5121580547112462,5669142360.0,5.66914236,66383400.0,2026-06-10,TWSE basic issued common shares * TWSE latest close
6697.TWO,6697,TPEX,東捷資訊,30,資訊服務業,software_system,software_service,other_electronics,information_service,member,False,software,software_system,software_system__small,small,1851,0.181053563523683,1432383.598684311,2135484.626048953,120.0,2026-06-18,41.59999847412109,50100.0,trade_group_exact,high,False,legacy_subindustry_rule,medium,name_keyword,1764.0,cap_1001_plus,0.1068895643363728,1136651942.4,1.1366519424,27323364.0,2026-06-10,TPEX daily market value shares * close; API MarketValue retained for audit
8416.TWO,8416,TPEX,實威,30,資訊服務業,software_system,software_service,other_electronics,information_service,member,False,software,software_system,software_system__small,small,1880,0.1682160247897299,1265125.75,1588956.0291666666,120.0,2026-06-18,172.0,8300.0,trade_group_exact,high,False,legacy_subindustry_rule,medium,official_code_fallback,1009.0,cap_1001_plus,0.4893617021276596,5134349220.0,5.13434922,28210710.0,2026-06-10,TPEX daily market value shares * close; API MarketValue retained for audit
7767.TWO,7767,TPEX,仁大資訊,30,資訊服務業,software_system,software_service,other_electronics,information_service,member,False,software,software_system,software_system__small,small,1922,0.1496237273129703,1072103.000202179,2889257.3820885974,120.0,2026-06-18,42.70000076293945,12020.0,trade_group_exact,high,False,legacy_subindustry_rule,medium,name_keyword,1716.0,cap_1001_plus,0.1312056737588652,1271725000.0,1.271725,30100000.0,2026-06-10,TPEX daily market value shares * close; API MarketValue retained for audit
8272.TWO,8272,TPEX,全景軟體,30,資訊服務業,software_system,software_service,other_electronics,information_service,member,False,software,software_system,software_system__small,small,1986,0.1212926073483842,810468.823059082,956983.1723128128,120.0,2026-06-18,71.5,13000.0,trade_group_exact,high,False,legacy_subindustry_rule,medium,official_code_fallback,1693.0,cap_1001_plus,0.1428571428571429,1341241503.0,1.341241503,18997755.0,2026-06-10,TPEX daily market value shares * close; API MarketValue retained for audit
8284.TWO,8284,TPEX,三竹,30,資訊服務業,software_system,software_service,other_electronics,information_service,member,False,software,software_system,software_system__small,small,1999,0.1155378486055777,763350.0045776367,1087565.412362887,120.0,2026-06-18,64.80000305175781,54006.0,trade_group_exact,high,False,legacy_subindustry_rule,medium,official_code_fallback,1299.0,cap_1001_plus,0.3424518743667679,2996748600.0,2.9967486,47342000.0,2026-06-10,TPEX daily market value shares * close; API MarketValue retained for audit
5212.TWO,5212,TPEX,凌網,30,資訊服務業,software_system,software_service,other_electronics,information_service,member,False,software,software_system,software_system__small,small,2000,0.115095174856131,762176.4608001709,1595637.4990506172,120.0,2026-06-18,47.29999923706055,0.0,trade_group_exact,high,False,legacy_subindustry_rule,medium,official_code_fallback,1624.0,cap_1001_plus,0.1778115501519757,1627751000.0,1.627751,34633000.0,2026-06-10,TPEX daily market value shares * close; API MarketValue retained for audit
6590.TWO,6590,TPEX,普鴻,30,資訊服務業,software_system,software_service,other_electronics,information_service,member,False,software,software_system,software_system__small,small,2022,0.1053563523683045,719000.0152587891,1092387.4682411067,120.0,2026-06-18,68.69999694824219,31330.0,trade_group_exact,high,False,legacy_subindustry_rule,medium,official_code_fallback,1614.0,cap_1001_plus,0.1828774062816616,1652619315.6,1.6526193156000002,24964038.0,2026-06-10,TPEX daily market value shares * close; API MarketValue retained for audit
5211.TWO,5211,TPEX,蒙恬,30,資訊服務業,software_system,software_service,other_electronics,information_service,member,False,software,software_system,software_system__small,small,2024,0.1044710048694113,712625.0190734863,1071130.4934267171,120.0,2026-06-18,18.950000762939453,23030.0,trade_group_exact,high,False,legacy_subindustry_rule,medium,official_code_fallback,1923.0,cap_1001_plus,0.0263424518743667,592457449.5,0.5924574495,32024727.0,2026-06-10,TPEX daily market value shares * close; API MarketValue retained for audit
6884.TWO,6884,TPEX,海柏特,30,資訊服務業,software_system,software_service,other_electronics,information_service,member,False,software,software_system,software_system__small,small,2072,0.0832226648959716,562000.0,1330377.2280509248,120.0,2026-06-18,33.400001525878906,29017.0,trade_group_exact,high,False,legacy_subindustry_rule,medium,official_code_fallback,1921.0,cap_1001_plus,0.0273556231003039,628938000.0,0.628938,18390000.0,2026-06-10,TPEX daily market value shares * close; API MarketValue retained for audit
5310.TWO,5310,TPEX,天剛,30,資訊服務業,software_system,software_service,other_electronics,information_service,member,False,software,software_system,software_system__small,small,2156,0.0460380699424524,285785.74559307104,839330.8281583627,120.0,2026-06-18,24.299999237060547,17112.0,trade_group_exact,high,False,legacy_subindustry_rule,medium,official_code_fallback,1897.0,cap_1001_plus,0.0395136778115501,723587925.0,0.723587925,28943517.0,2026-06-10,TPEX daily market value shares * close; API MarketValue retained for audit
6240.TWO,6240,TPEX,松崗,30,資訊服務業,software_system,software_service,other_electronics,information_service,member,False,software,software_system,software_system__small,small,2189,0.0314298362107127,192250.00381469727,766792.9339260578,120.0,2026-06-18,18.450000762939453,7000.0,trade_group_exact,high,False,legacy_subindustry_rule,medium,official_code_fallback,1958.0,cap_1001_plus,0.0086119554204661,412756028.5,0.4127560285,22867370.0,2026-06-10,TPEX daily market value shares * close; API MarketValue retained for audit
7819.TWO,7819,TPEX,精誠金融,30,資訊服務業,software_system,software_service,other_electronics,information_service,member,False,software,software_system,software_system__missing_price,missing_price,999999,,0.0,,,,,,trade_group_exact,high,False,legacy_subindustry_rule,medium,official_code_fallback,1748.0,cap_1001_plus,0.1149949341438703,1187384500.0,1.1873845,25263500.0,2026-06-10,TPEX daily market value shares * close; API MarketValue retained for audit
2390.TW,2390,TWSE,云辰,31,其他電子業,system_integration,software_service,other_electronics,electronics_system_integration,member,False,software,system_integration,system_integration__small,small,1556,0.3116423196104471,3705377.6536798473,5640901.2080348255,120.0,2026-06-18,12.350000381469728,724875.0,trade_group_exact,high,False,legacy_subindustry_rule,medium,exact_symbol,1473.0,cap_1001_plus,0.254305977710233,2224754555.1,2.2247545551,192619442.0,2026-06-10,TWSE basic issued common shares * TWSE latest close
2482.TW,2482,TWSE,連宇,31,其他電子業,system_integration,software_service,other_electronics,electronics_system_integration,member,False,software,system_integration,system_integration__small,small,1729,0.2350597609561753,2217340.048122406,2849935.642681408,120.0,2026-06-18,17.350000381469727,202073.0,trade_group_exact,high,False,legacy_subindustry_rule,medium,exact_symbol,1711.0,cap_1001_plus,0.1337386018237082,1292853002.6,1.2928530026000002,77882711.0,2026-06-10,TWSE basic issued common shares * TWSE latest close
6201.TW,6201,TWSE,亞弘電,31,其他電子業,system_integration,software_service,other_electronics,electronics_system_integration,member,False,software,system_integration,system_integration__small,small,1881,0.1677733510402833,1258059.508781433,1672870.901268832,120.0,2026-06-18,48.400001525878906,50000.0,trade_group_exact,high,False,legacy_subindustry_rule,medium,exact_symbol,1124.0,cap_1001_plus,0.4311043566362715,4192400000.0,4.1924,89200000.0,2026-06-10,TWSE basic issued common shares * TWSE latest close
2618.TW,2618,TWSE,長榮航,15,航運業,airline,transport,traditional,shipping,leader,True,transport,airline,airline__mid_large,mid_large,147,0.935369632580788,863439682.9171104,973592804.0869254,120.0,2026-06-18,42.54999923706055,65127485.0,trade_group_exact,high,False,exact_symbol,high,official_code_fallback,89.0,cap_051_100,0.955420466058764,201166551478.75,201.16655147875,5400444335.0,2026-06-10,TWSE basic issued common shares * TWSE latest close
2610.TW,2610,TWSE,華航,15,航運業,airline,transport,traditional,shipping,leader,True,transport,airline,airline__mid_large,mid_large,207,0.9088092076139884,538446168.7935963,619594056.5909492,120.0,2026-06-18,22.0,93938770.0,trade_group_exact,high,False,exact_symbol,high,official_code_fallback,121.0,cap_101_250,0.939209726443769,119645314518.35,119.64531451835,6119964937.0,2026-06-10,TWSE basic issued common shares * TWSE latest close
1443.TW,1443,TWSE,立益物流,20,其他,logistics_service,transport,other,logistics_service,member,False,transport,logistics,logistics__small,small,2129,0.0579902611775121,406704.9092550278,538530.6150395552,120.0,2026-06-18,27.899999618530277,14464.0,trade_group_exact,high,False,legacy_subindustry_rule,medium,exact_symbol,1202.0,cap_1001_plus,0.3915906788247214,3573055490.4,3.5730554904,135343011.0,2026-06-10,TWSE basic issued common shares * TWSE latest close
2605.TW,2605,TWSE,新興,15,航運業,shipping_general,transport,traditional,shipping,member,False,transport,shipping,shipping__mid,mid,277,0.8778220451527224,340286817.3564644,601812084.8804033,120.0,2026-06-18,31.0,13516503.0,trade_group_exact,high,False,legacy_subindustry_rule,medium,official_code_fallback,468.0,cap_251_500,0.7634245187436677,17736204899.100002,17.736204899100002,585353297.0,2026-06-10,TWSE basic issued common shares * TWSE latest close
2634.TW,2634,TWSE,漢翔,15,航運業,shipping_general,transport,traditional,shipping,member,False,transport,shipping,shipping__mid,mid,288,0.8729526339088092,314522900.0,481055180.4605017,120.0,2026-06-18,47.20000076293945,2752386.0,trade_group_exact,high,False,legacy_subindustry_rule,medium,official_code_fallback,257.0,cap_251_500,0.8703140830800405,43891006906.6,43.8910069066,941867101.0,2026-06-10,TWSE basic issued common shares * TWSE latest close
2606.TW,2606,TWSE,裕民,15,航運業,shipping_general,transport,traditional,shipping,member,False,transport,shipping,shipping__mid,mid,289,0.8725099601593626,314098259.41908646,443337813.18363374,120.0,2026-06-18,61.5,14397826.0,trade_group_exact,high,False,legacy_subindustry_rule,medium,official_code_fallback,207.0,cap_101_250,0.8956433637284701,57970821843.2,57.9708218432,845055712.0,2026-06-10,TWSE basic issued common shares * TWSE latest close
2645.TW,2645,TWSE,長榮航太,15,航運業,shipping_general,transport,traditional,shipping,member,False,transport,shipping,shipping__mid,mid,318,0.8596724214254094,265147260.25,447863538.525,120.0,2026-06-18,170.0,1027734.0,trade_group_exact,high,False,legacy_subindustry_rule,medium,official_code_fallback,196.0,cap_101_250,0.9012158054711246,63115207097.0,63.115207097,374570962.0,2026-06-10,TWSE basic issued common shares * TWSE latest close
2637.TW,2637,TWSE,慧洋-KY,15,航運業,shipping_general,transport,traditional,shipping,member,False,transport,shipping,shipping__mid,mid,357,0.8424081451969898,209165391.82187653,308638304.605173,120.0,2026-06-18,77.4000015258789,5367917.0,trade_group_exact,high,False,legacy_subindustry_rule,medium,official_code_fallback,209.0,cap_101_250,0.894630192502533,56727099124.0,56.727099124,746409199.0,2026-06-10,TWSE basic issued common shares * TWSE latest close
6753.TW,6753,TWSE,龍德造船,15,航運業,shipping_general,transport,traditional,shipping,member,False,transport,shipping,shipping__mid,mid,418,0.8154050464807436,155815951.5,275878761.5833333,120.0,2026-06-18,121.5,446828.0,trade_group_exact,high,False,legacy_subindustry_rule,medium,official_code_fallback,548.0,cap_501_1000,0.7228976697061804,14129013492.0,14.129013492,117253224.0,2026-06-10,TWSE basic issued common shares * TWSE latest close
2633.TW,2633,TWSE,台灣高鐵,15,航運業,shipping_general,transport,traditional,shipping,member,False,transport,shipping,shipping__mid,mid,464,0.7950420540061974,122911142.9324198,132294660.08376914,120.0,2026-06-18,26.149999618530277,17988732.0,trade_group_exact,high,False,legacy_subindustry_rule,medium,official_code_fallback,111.0,cap_101_250,0.9442755825734548,145209960896.4,145.2099608964,5628293058.0,2026-06-10,TWSE basic issued common shares * TWSE latest close
2630.TW,2630,TWSE,亞航,15,航運業,shipping_general,transport,traditional,shipping,member,False,transport,shipping,shipping__small_mid,small_mid,561,0.7521027003098716,86815287.91630554,154150081.21057317,120.0,2026-06-18,39.900001525878906,629358.0,trade_group_exact,high,False,legacy_subindustry_rule,medium,official_code_fallback,794.0,cap_501_1000,0.5982776089159068,8230921417.2,8.2309214172,209438204.0,2026-06-10,TWSE basic issued common shares * TWSE latest close
2646.TW,2646,TWSE,星宇航空,15,航運業,shipping_general,transport,traditional,shipping,member,False,transport,shipping,shipping__small_mid,small_mid,566,0.7498893315626383,84733531.84916116,92640336.80655508,120.0,2026-06-18,21.25,7870527.0,trade_group_exact,high,False,legacy_subindustry_rule,medium,official_code_fallback,204.0,cap_101_250,0.8971631205673759,60626010249.99999,60.62601024999999,3008735000.0,2026-06-10,TWSE basic issued common shares * TWSE latest close
2208.TW,2208,TWSE,台船,15,航運業,shipping_general,transport,traditional,shipping,member,False,transport,shipping,shipping__small_mid,small_mid,572,0.7472332890659583,81919050.60910416,120606705.8385748,120.0,2026-06-18,17.799999237060547,1796854.0,trade_group_exact,high,False,legacy_subindustry_rule,medium,official_code_fallback,392.0,cap_251_500,0.8019250253292807,22750529164.65,22.75052916465,1274539449.0,2026-06-10,TWSE basic issued common shares * TWSE latest close
2612.TW,2612,TWSE,中航,15,航運業,shipping_general,transport,traditional,shipping,member,False,transport,shipping,shipping__small_mid,small_mid,601,0.7343957503320053,71394648.90130997,124928183.92187044,120.0,2026-06-18,53.70000076293945,665010.0,trade_group_exact,high,False,legacy_subindustry_rule,medium,official_code_fallback,663.0,cap_501_1000,0.6646403242147922,10782658777.8,10.782658777800002,197484593.0,2026-06-10,TWSE basic issued common shares * TWSE latest close
6757.TW,6757,TWSE,台灣虎航,15,航運業,shipping_general,transport,traditional,shipping,member,False,transport,shipping,shipping__small_mid,small_mid,611,0.7299690128375387,68646611.0,91580341.01360507,120.0,2026-06-18,58.20000076293945,6041039.0,trade_group_exact,high,False,legacy_subindustry_rule,medium,official_code_fallback,369.0,cap_251_500,0.8135764944275583,24630808000.0,24.630808,459530000.0,2026-06-10,TWSE basic issued common shares * TWSE latest close
2641.TWO,2641,TPEX,正德,15,航運業,shipping_general,transport,traditional,shipping,member,False,transport,shipping,shipping__small_mid,small_mid,650,0.712704736609119,57480426.3045273,83346614.94224216,120.0,2026-06-18,18.799999237060547,1499124.0,trade_group_exact,high,False,legacy_subindustry_rule,medium,official_code_fallback,927.0,cap_501_1000,0.5309017223910841,6160724325.599999,6.1607243256,330333744.0,2026-06-10,TPEX daily market value shares * close; API MarketValue retained for audit
2607.TW,2607,TWSE,榮運,15,航運業,shipping_general,transport,traditional,shipping,member,False,transport,shipping,shipping__small_mid,small_mid,772,0.6586985391766269,33337021.63041687,43552803.800180025,120.0,2026-06-18,49.54999923706055,671974.0,trade_group_exact,high,False,legacy_subindustry_rule,medium,official_code_fallback,350.0,cap_251_500,0.8232016210739614,26358385021.8,26.3583850218,533570547.0,2026-06-10,TWSE basic issued common shares * TWSE latest close
5608.TW,5608,TWSE,四維航,15,航運業,shipping_general,transport,traditional,shipping,member,False,transport,shipping,shipping__small_mid,small_mid,791,0.6502877379371403,31635408.0,51539996.54502162,120.0,2026-06-18,14.899999618530272,916908.0,trade_group_exact,high,False,legacy_subindustry_rule,medium,official_code_fallback,958.0,cap_501_1000,0.5151975683890577,5761286842.400001,5.7612868424000006,389276138.0,2026-06-10,TWSE basic issued common shares * TWSE latest close
2617.TW,2617,TWSE,台航,15,航運業,shipping_general,transport,traditional,shipping,member,False,transport,shipping,shipping__small,small,905,0.5998229305002214,23360114.3017788,34279256.13987263,120.0,2026-06-18,29.850000381469727,982001.0,trade_group_exact,high,False,legacy_subindustry_rule,medium,official_code_fallback,606.0,cap_501_1000,0.6935157041540021,12372781539.55,12.37278153955,417294487.0,2026-06-10,TWSE basic issued common shares * TWSE latest close
2636.TW,2636,TWSE,台驊控股,15,航運業,shipping_general,transport,traditional,shipping,member,False,transport,shipping,shipping__small,small,978,0.5675077467906153,18565666.519046783,23331353.68895797,120.0,2026-06-18,70.19999694824219,279419.0,trade_group_exact,high,False,legacy_subindustry_rule,medium,official_code_fallback,694.0,cap_501_1000,0.648936170212766,9971016669.0,9.971016669,141835230.0,2026-06-10,TWSE basic issued common shares * TWSE latest close
5607.TW,5607,TWSE,遠雄港,15,航運業,shipping_general,transport,traditional,shipping,member,False,transport,shipping,shipping__small,small,1017,0.5502434705621957,16861733.703910828,24409290.859318543,120.0,2026-06-18,51.79999923706055,505357.0,trade_group_exact,high,False,legacy_subindustry_rule,medium,official_code_fallback,436.0,cap_251_500,0.7796352583586627,19824580845.5,19.8245808455,370552913.0,2026-06-10,TWSE basic issued common shares * TWSE latest close
5609.TWO,5609,TPEX,中菲行,15,航運業,shipping_general,transport,traditional,shipping,member,False,transport,shipping,shipping__small,small,1201,0.4687915006640106,9360411.38217926,11153697.930080224,120.0,2026-06-18,77.0999984741211,361612.0,trade_group_exact,high,False,legacy_subindustry_rule,medium,official_code_fallback,627.0,cap_501_1000,0.6828774062816616,11859372000.0,11.859372,142884000.0,2026-06-10,TPEX daily market value shares * close; API MarketValue retained for audit
2613.TW,2613,TWSE,中櫃,15,航運業,shipping_general,transport,traditional,shipping,member,False,transport,shipping,shipping__small,small,1209,0.4652501106684373,9168895.060634617,18139086.5192588,120.0,2026-06-18,21.899999618530277,182100.0,trade_group_exact,high,False,legacy_subindustry_rule,medium,official_code_fallback,1254.0,cap_1001_plus,0.3652482269503546,3257894903.1,3.2578949031,148423458.0,2026-06-10,TWSE basic issued common shares * TWSE latest close
2608.TW,2608,TWSE,嘉里大榮,15,航運業,shipping_general,transport,traditional,shipping,member,False,transport,shipping,shipping__small,small,1373,0.3926516157591855,5946459.487656593,8093577.491445875,120.0,2026-06-18,29.100000381469727,241021.0,trade_group_exact,high,False,legacy_subindustry_rule,medium,official_code_fallback,547.0,cap_501_1000,0.7234042553191489,14196815139.2,14.196815139199998,467000498.0,2026-06-10,TWSE basic issued common shares * TWSE latest close
2611.TW,2611,TWSE,志信,15,航運業,shipping_general,transport,traditional,shipping,member,False,transport,shipping,shipping__small,small,1502,0.3355467020805666,4274266.8548698425,6233539.045986144,120.0,2026-06-18,14.0,339383.0,trade_group_exact,high,False,legacy_subindustry_rule,medium,official_code_fallback,1383.0,cap_1001_plus,0.2998986828774063,2608231353.6,2.6082313536,189002272.0,2026-06-10,TWSE basic issued common shares * TWSE latest close
2643.TWO,2643,TPEX,捷迅,15,航運業,shipping_general,transport,traditional,shipping,member,False,transport,shipping,shipping__small,small,1744,0.2284196547144754,2065130.413017273,2654762.9604489515,120.0,2026-06-18,66.69999694824219,28100.0,trade_group_exact,high,False,legacy_subindustry_rule,medium,official_code_fallback,1454.0,cap_1001_plus,0.2639311043566362,2303000000.0,2.303,35000000.0,2026-06-10,TPEX daily market value shares * close; API MarketValue retained for audit
8367.TW,8367,TWSE,建新國際,15,航運業,shipping_general,transport,traditional,shipping,member,False,transport,shipping,shipping__small,small,1791,0.2076139884904825,1749260.1913414,2052580.1801118527,120.0,2026-06-18,40.29999923706055,33000.0,trade_group_exact,high,False,legacy_subindustry_rule,medium,official_code_fallback,1185.0,cap_1001_plus,0.4002026342451874,3696098443.1,3.6960984431,92172031.0,2026-06-10,TWSE basic issued common shares * TWSE latest close
2642.TW,2642,TWSE,宅配通,15,航運業,shipping_general,transport,traditional,shipping,member,False,transport,shipping,shipping__small,small,1852,0.1806108897742363,1429700.011062622,1723097.6943188508,120.0,2026-06-18,21.049999237060547,122064.0,trade_group_exact,high,False,legacy_subindustry_rule,medium,official_code_fallback,1482.0,cap_1001_plus,0.2497467071935156,2200514350.0,2.20051435,95467000.0,2026-06-10,TWSE basic issued common shares * TWSE latest close
5603.TWO,5603,TPEX,陸海,15,航運業,shipping_general,transport,traditional,shipping,member,False,transport,shipping,shipping__small,small,1883,0.16688800354139,1244957.4875640871,1750622.4521923289,120.0,2026-06-18,15.050000190734863,1118422.0,trade_group_exact,high,False,legacy_subindustry_rule,medium,official_code_fallback,1627.0,cap_1001_plus,0.1762917933130698,1609855917.45,1.60985591745,104876607.0,2026-06-10,TPEX daily market value shares * close; API MarketValue retained for audit
7716.TWO,7716,TPEX,昱臺國際,15,航運業,shipping_general,transport,traditional,shipping,member,False,transport,shipping,shipping__small,small,2166,0.0416113324479858,263959.39988708496,752846.2128552278,120.0,2026-06-18,26.0,0.0,trade_group_exact,high,False,legacy_subindustry_rule,medium,official_code_fallback,1928.0,cap_1001_plus,0.0238095238095238,565875000.0,0.565875,22500000.0,2026-06-10,TPEX daily market value shares * close; API MarketValue retained for audit
5601.TWO,5601,TPEX,台聯櫃,15,航運業,shipping_general,transport,traditional,shipping,member,False,transport,shipping,shipping__small,small,2193,0.0296591412129261,184059.99809265137,281160.5055616506,120.0,2026-06-18,32.75,2000.0,trade_group_exact,high,False,legacy_subindustry_rule,medium,official_code_fallback,1526.0,cap_1001_plus,0.2274569402228976,2025000000.0,2.025,64800000.0,2026-06-10,TPEX daily market value shares * close; API MarketValue retained for audit
2603.TW,2603,TWSE,長榮,15,航運業,shipping_container,transport,traditional,shipping,core_leader,True,transport,shipping_container,shipping_container__mid_large,mid_large,84,0.9632580787959274,1700838496.5,2343663768.8625,120.0,2026-06-18,193.0,15484054.0,trade_group_exact,high,False,exact_symbol,high,official_code_fallback,41.0,cap_001_050,0.9797365754812564,482804588108.0,482.804588108,2165042996.0,2026-06-10,TWSE basic issued common shares * TWSE latest close
2609.TW,2609,TWSE,陽明,15,航運業,shipping_container,transport,traditional,shipping,leader,True,transport,shipping_container,shipping_container__mid_large,mid_large,155,0.9318282425852148,790136143.2597771,1367628408.195698,120.0,2026-06-18,51.29999923706055,34369925.0,trade_group_exact,high,False,exact_symbol,high,official_code_fallback,95.0,cap_051_100,0.9523809523809524,176700476062.0,176.700476062,3492104270.0,2026-06-10,TWSE basic issued common shares * TWSE latest close
2615.TW,2615,TWSE,萬海,15,航運業,shipping_container,transport,traditional,shipping,leader,True,transport,shipping_container,shipping_container__mid_large,mid_large,183,0.9194333776007084,623722851.1751938,1108605021.859131,120.0,2026-06-18,80.4000015258789,9214161.0,trade_group_exact,high,False,exact_symbol,high,official_code_fallback,78.0,cap_051_100,0.9609929078014184,233190756948.3,233.1907569483,2806146293.0,2026-06-10,TWSE basic issued common shares * TWSE latest close
