symbol,raw_symbol,name,exchange,etf,source,trade_group,parent_group,role,leader_eligible,classification_source,source_confidence,scan_rank_60d_dollar_volume,median_dollar_volume_60d,in_execution_pool,execution_theme
NVDA,NVDA,NVIDIA Corporation - Common Stock,NASDAQ,N,nasdaqlisted,ai_gpu_accelerator,us_semiconductor,core_leader,True,exact_symbol,high,1.0,31995035685.485077,True,ai_compute
TSLA,TSLA,"Tesla, Inc.  - Common Stock",NASDAQ,N,nasdaqlisted,us_unclassified_stock,us_unclassified,member,False,unclassified,low,2.0,22976586689.99176,True,space_ev_defense
MU,MU,"Micron Technology, Inc. - Common Stock",NASDAQ,N,nasdaqlisted,memory_dram_nand,us_semiconductor,core_leader,True,exact_symbol,high,3.0,21397682386.9812,True,memory_storage
SNDK,SNDK,Sandisk Corporation - Common Stock When-Issued,NASDAQ,N,nasdaqlisted,us_unclassified_stock,us_unclassified,member,False,unclassified,low,4.0,14216017969.226074,False,
MSFT,MSFT,Microsoft Corporation - Common Stock,NASDAQ,N,nasdaqlisted,cloud_platform,us_technology,core_leader,True,exact_symbol,high,5.0,12695922190.809631,True,software_platform
AAPL,AAPL,Apple Inc. - Common Stock,NASDAQ,N,nasdaqlisted,mega_cap_platform,us_technology,core_leader,True,exact_symbol,high,6.0,11086714896.533203,True,us981a_ai_theme
AMZN,AMZN,"Amazon.com, Inc. - Common Stock",NASDAQ,N,nasdaqlisted,cloud_platform,us_technology,core_leader,True,exact_symbol,high,7.0,10071576000.402832,True,software_platform
AMD,AMD,"Advanced Micro Devices, Inc. - Common Stock",NASDAQ,N,nasdaqlisted,ai_gpu_accelerator,us_semiconductor,leader,True,exact_symbol,high,8.0,9888385481.311035,True,ai_compute
GOOGL,GOOGL,Alphabet Inc. - Class A Common Stock,NASDAQ,N,nasdaqlisted,mega_cap_platform,us_technology,core_leader,True,exact_symbol,high,9.0,8919268934.51233,True,software_platform
META,META,"Meta Platforms, Inc. - Class A Common Stock",NASDAQ,N,nasdaqlisted,mega_cap_platform,us_technology,core_leader,True,exact_symbol,high,10.0,8391524068.322754,True,software_platform
AVGO,AVGO,Broadcom Inc. - Common Stock,NASDAQ,N,nasdaqlisted,asic_network_chip,us_semiconductor,core_leader,True,exact_symbol,high,11.0,8231470947.738647,True,ai_compute
INTC,INTC,Intel Corporation - Common Stock,NASDAQ,N,nasdaqlisted,semi_foundry_idm,us_semiconductor,leader,True,exact_symbol,high,12.0,7252457155.057716,True,us981a_ai_theme
GOOG,GOOG,Alphabet Inc. - Class C Capital Stock,NASDAQ,N,nasdaqlisted,us_unclassified_stock,us_unclassified,member,False,unclassified,low,13.0,6106986134.590149,False,
TSM,TSM,Taiwan Semiconductor Manufacturing Company Ltd.,N,N,otherlisted,semi_foundry_idm,us_semiconductor,core_leader,True,exact_symbol,high,14.0,4933452821.685791,True,us981a_ai_theme
LITE,LITE,Lumentum Holdings Inc. - Common Stock,NASDAQ,N,nasdaqlisted,us_unclassified_stock,us_unclassified,member,False,unclassified,low,15.0,4830532777.377319,False,
ORCL,ORCL,Oracle Corporation Common Stock,N,N,otherlisted,cloud_platform,us_technology,leader,True,exact_symbol,high,16.0,3727730164.5217896,True,software_platform
MRVL,MRVL,"Marvell Technology, Inc. - Common Stock",NASDAQ,N,nasdaqlisted,asic_network_chip,us_semiconductor,leader,True,exact_symbol,high,17.0,3639722033.9199066,True,ai_compute
NFLX,NFLX,"Netflix, Inc. - Common Stock",NASDAQ,N,nasdaqlisted,us_unclassified_stock,us_unclassified,member,False,unclassified,low,18.0,3186438834.692383,False,
CBRS,CBRS,Cerebras Systems Inc. - Class A Common Stock,NASDAQ,N,nasdaqlisted,us_unclassified_stock,us_unclassified,member,False,unclassified,low,19.0,3025844149.6154785,False,
XOM,XOM,Exxon Mobil Corporation Common Stock,N,N,otherlisted,energy_oil_gas,us_energy_materials,core_leader,True,exact_symbol,high,20.0,2929219732.408905,False,
LLY,LLY,Eli Lilly and Company Common Stock,N,N,otherlisted,pharma_big,us_healthcare,core_leader,True,exact_symbol,high,21.0,2657685368.096924,False,
WDC,WDC,Western Digital Corporation - Common Stock,NASDAQ,N,nasdaqlisted,storage_hdd_ssd,us_semiconductor,leader,True,exact_symbol,high,22.0,2654565205.595398,True,memory_storage
JPM,JPM,JP Morgan Chase & Co. Common Stock,N,N,otherlisted,fin_bank,us_finance,core_leader,True,exact_symbol,high,23.0,2561992073.1262207,False,
CRWV,CRWV,"CoreWeave, Inc. - Class A Common Stock",NASDAQ,N,nasdaqlisted,us_unclassified_stock,us_unclassified,member,False,unclassified,low,24.0,2470517097.567749,False,
ASML,ASML,ASML Holding N.V. - New York Registry Shares,NASDAQ,N,nasdaqlisted,semi_equipment,us_semiconductor,core_leader,True,exact_symbol,high,25.0,2450085714.7216797,True,semi_equipment
LRCX,LRCX,Lam Research Corporation - Common Stock,NASDAQ,N,nasdaqlisted,semi_equipment,us_semiconductor,leader,True,exact_symbol,high,26.0,2381657240.762329,True,semi_equipment
AMAT,AMAT,"Applied Materials, Inc. - Common Stock",NASDAQ,N,nasdaqlisted,semi_equipment,us_semiconductor,leader,True,exact_symbol,high,27.0,2304604427.5756836,True,semi_equipment
UNH,UNH,UnitedHealth Group Incorporated Common Stock (DE),N,N,otherlisted,health_insurance,us_healthcare,core_leader,True,exact_symbol,high,28.0,2279171479.5898438,False,
NBIS,NBIS,Nebius Group N.V. - Class A Ordinary Shares,NASDAQ,N,nasdaqlisted,us_unclassified_stock,us_unclassified,member,False,unclassified,low,29.0,2256853697.172928,False,
CRM,CRM,"Salesforce, Inc. Common Stock",N,N,otherlisted,saas_software,us_technology,leader,True,exact_symbol,high,30.0,2252474118.1610107,True,software_platform
WMT,WMT,Walmart Inc. - Common Stock,NASDAQ,N,nasdaqlisted,retail,us_consumer,leader,True,exact_symbol,high,31.0,2237582768.6763763,False,
BRK-B,BRK.B,Berkshire Hathaway Inc. New Common Stock,N,N,otherlisted,us_unclassified_stock,us_unclassified,member,False,unclassified,low,32.0,2206450703.791809,False,
CVX,CVX,Chevron Corporation Common Stock,N,N,otherlisted,energy_oil_gas,us_energy_materials,leader,True,exact_symbol,high,33.0,2204836749.523926,False,
GEV,GEV,GE Vernova Inc. Common Stock,N,N,otherlisted,grid_equipment,us_industrial,leader,True,exact_symbol,high,34.0,2194656120.9381104,True,grid_engineering
V,V,Visa Inc.,N,N,otherlisted,fin_payment,us_finance,leader,True,exact_symbol,high,35.0,2110389611.5707397,False,
COIN,COIN,"Coinbase Global, Inc. - Class A Common Stock",NASDAQ,N,nasdaqlisted,us_unclassified_stock,us_unclassified,member,False,unclassified,low,36.0,1931736233.166504,False,
APP,APP,Applovin Corporation - Class A Common Stock,NASDAQ,N,nasdaqlisted,us_unclassified_stock,us_unclassified,member,False,unclassified,low,37.0,1897488539.6728516,False,
STX,STX,Seagate Technology Holdings PLC - Ordinary Shares (Ireland),NASDAQ,N,nasdaqlisted,storage_hdd_ssd,us_semiconductor,leader,True,exact_symbol,high,38.0,1870515419.140625,True,memory_storage
BE,BE,Bloom Energy Corporation Class A Common Stock,N,N,otherlisted,energy_oil_gas,us_energy_materials,member,False,name_keyword,medium,39.0,1868126576.2878413,False,
CAT,CAT,"Caterpillar, Inc. Common Stock",N,N,otherlisted,industrial_machinery,us_industrial,leader,True,exact_symbol,high,40.0,1854174817.2363281,True,us981a_ai_theme
HOOD,HOOD,"Robinhood Markets, Inc. - Class A Common Stock",NASDAQ,N,nasdaqlisted,us_unclassified_stock,us_unclassified,member,False,unclassified,low,41.0,1802875925.351715,False,
RKLB,RKLB,Rocket Lab Corporation - Common Stock,NASDAQ,N,nasdaqlisted,us_unclassified_stock,us_unclassified,member,False,unclassified,low,42.0,1749003281.39534,True,space_ev_defense
VRT,VRT,"Vertiv Holdings, LLC Class A Common Stock",N,N,otherlisted,backup_power,us_industrial,core_leader,True,exact_symbol,high,43.0,1731589590.0039673,True,thermal_power
BAC,BAC,Bank of America Corporation Common Stock,N,N,otherlisted,fin_bank,us_finance,leader,True,exact_symbol,high,44.0,1727645887.8997803,False,
JNJ,JNJ,Johnson & Johnson Common Stock,N,N,otherlisted,us_unclassified_stock,us_unclassified,member,False,unclassified,low,45.0,1720054493.788147,False,
COST,COST,Costco Wholesale Corporation - Common Stock,NASDAQ,N,nasdaqlisted,retail,us_consumer,leader,True,exact_symbol,high,46.0,1713629316.1315918,False,
MA,MA,Mastercard Incorporated Common Stock,N,N,otherlisted,fin_payment,us_finance,leader,True,exact_symbol,high,47.0,1674630157.223511,False,
GS,GS,"Goldman Sachs Group, Inc. (The) Common Stock",N,N,otherlisted,fin_broker_investment,us_finance,leader,True,exact_symbol,high,48.0,1648314852.2094727,False,
CSCO,CSCO,"Cisco Systems, Inc. - Common Stock",NASDAQ,N,nasdaqlisted,datacenter_networking,us_ai_hardware,leader,True,exact_symbol,high,49.0,1644573532.302475,True,server_network
IREN,IREN,IREN Limited - Ordinary Shares,NASDAQ,N,nasdaqlisted,us_unclassified_stock,us_unclassified,member,False,unclassified,low,50.0,1607869934.9578857,False,
GE,GE,GE Aerospace Common Stock,N,N,otherlisted,us_unclassified_stock,us_unclassified,member,False,unclassified,low,51.0,1554968586.7889404,False,
KLAC,KLAC,KLA Corporation  - Common Stock,NASDAQ,N,nasdaqlisted,semi_equipment,us_semiconductor,leader,True,exact_symbol,high,52.0,1550619701.7822266,True,semi_equipment
TXN,TXN,Texas Instruments Incorporated - Common Stock,NASDAQ,N,nasdaqlisted,us_unclassified_stock,us_unclassified,member,False,unclassified,low,53.0,1543315222.3648071,False,
AAOI,AAOI,"Applied Optoelectronics, Inc. - Common Stock",NASDAQ,N,nasdaqlisted,us_unclassified_stock,us_unclassified,member,False,unclassified,low,54.0,1538543416.442871,False,
QCOM,QCOM,QUALCOMM Incorporated - Common Stock,NASDAQ,N,nasdaqlisted,asic_network_chip,us_semiconductor,leader,True,exact_symbol,high,55.0,1511732939.7472382,True,us981a_ai_theme
BA,BA,Boeing Company (The) Common Stock,N,N,otherlisted,aerospace_defense,us_industrial,leader,True,exact_symbol,high,56.0,1429306350.8926394,True,space_ev_defense
CRWD,CRWD,"CrowdStrike Holdings, Inc. - Class A Common Stock",NASDAQ,N,nasdaqlisted,cybersecurity,us_technology,leader,True,exact_symbol,high,57.0,1412893160.5499268,True,us981a_ai_theme
C,C,"Citigroup, Inc. Common Stock",N,N,otherlisted,us_unclassified_stock,us_unclassified,member,False,unclassified,low,58.0,1402001679.38385,False,
CRCL,CRCL,"Circle Internet Group, Inc. Class A Common Stock",N,N,otherlisted,us_unclassified_stock,us_unclassified,member,False,unclassified,low,59.0,1401680771.5423584,False,
HD,HD,"Home Depot, Inc. (The) Common Stock",N,N,otherlisted,housing_building,us_consumer,leader,True,exact_symbol,high,60.0,1329659654.675293,False,
IBM,IBM,International Business Machines Corporation Common Stock,N,N,otherlisted,us_unclassified_stock,us_unclassified,member,False,unclassified,low,61.0,1291376760.0570679,False,
ADBE,ADBE,Adobe Inc. - Common Stock,NASDAQ,N,nasdaqlisted,us_unclassified_stock,us_unclassified,member,False,unclassified,low,62.0,1263286930.4199219,True,software_platform
WFC,WFC,Wells Fargo & Company Common Stock,N,N,otherlisted,fin_bank,us_finance,leader,True,exact_symbol,high,63.0,1254551739.3501282,False,
ASTS,ASTS,"AST SpaceMobile, Inc. - Class A Common Stock",NASDAQ,N,nasdaqlisted,us_unclassified_stock,us_unclassified,member,False,unclassified,low,64.0,1254262352.570343,True,space_ev_defense
ABBV,ABBV,AbbVie Inc. Common Stock,N,N,otherlisted,pharma_big,us_healthcare,leader,True,exact_symbol,high,65.0,1248036754.4128418,False,
ADI,ADI,"Analog Devices, Inc. - Common Stock",NASDAQ,N,nasdaqlisted,us_unclassified_stock,us_unclassified,member,False,unclassified,low,66.0,1237227626.7791748,False,
BKNG,BKNG,Booking Holdings Inc. - Common Stock,NASDAQ,N,nasdaqlisted,us_unclassified_stock,us_unclassified,member,False,unclassified,low,67.0,1232978947.7653503,False,
PG,PG,Procter & Gamble Company (The) Common Stock,N,N,otherlisted,us_unclassified_stock,us_unclassified,member,False,unclassified,low,68.0,1201786125.2174377,False,
DELL,DELL,Dell Technologies Inc. Class C Common Stock,N,N,otherlisted,ai_server_hardware,us_ai_hardware,leader,True,exact_symbol,high,69.0,1191660077.4597168,True,server_network
APH,APH,Amphenol Corporation Common Stock,N,N,otherlisted,us_unclassified_stock,us_unclassified,member,False,unclassified,low,70.0,1187736579.5059202,False,
INTU,INTU,Intuit Inc. - Common Stock,NASDAQ,N,nasdaqlisted,us_unclassified_stock,us_unclassified,member,False,unclassified,low,71.0,1172057005.570984,False,
CIEN,CIEN,Ciena Corporation Common Stock,N,N,otherlisted,datacenter_networking,us_ai_hardware,member,False,exact_symbol,high,72.0,1161695579.6478271,True,server_network
VZ,VZ,Verizon Communications Inc. Common Stock,N,N,otherlisted,us_unclassified_stock,us_unclassified,member,False,unclassified,low,73.0,1144159568.245697,False,
ANET,ANET,"Arista Networks, Inc. Common Stock",N,N,otherlisted,datacenter_networking,us_ai_hardware,core_leader,True,exact_symbol,high,74.0,1098188145.2636719,True,server_network
ABT,ABT,Abbott Laboratories Common Stock,N,N,otherlisted,us_unclassified_stock,us_unclassified,member,False,unclassified,low,75.0,1085424815.2160645,False,
KO,KO,Coca-Cola Company (The) Common Stock,N,N,otherlisted,us_unclassified_stock,us_unclassified,member,False,unclassified,low,76.0,1079553697.5471497,False,
LIN,LIN,Linde plc - Ordinary Shares,NASDAQ,N,nasdaqlisted,materials_chemical,us_energy_materials,leader,True,exact_symbol,high,77.0,1062954157.6477051,False,
COP,COP,ConocoPhillips Common Stock,N,N,otherlisted,energy_oil_gas,us_energy_materials,leader,True,exact_symbol,high,78.0,1021285927.8007507,False,
SOFI,SOFI,"SoFi Technologies, Inc.  - Common Stock",NASDAQ,N,nasdaqlisted,us_unclassified_stock,us_unclassified,member,False,unclassified,low,79.0,1013522577.4546623,False,
MS,MS,Morgan Stanley Common Stock,N,N,otherlisted,fin_broker_investment,us_finance,leader,True,exact_symbol,high,80.0,1011729146.1181641,False,
TMUS,TMUS,"T-Mobile US, Inc. - Common Stock",NASDAQ,N,nasdaqlisted,us_unclassified_stock,us_unclassified,member,False,unclassified,low,81.0,1003575862.6693727,False,
ETN,ETN,"Eaton Corporation, PLC Ordinary Shares",N,N,otherlisted,electrical_grid_power,us_industrial,core_leader,True,exact_symbol,high,82.0,988348060.0341797,True,thermal_power
MCD,MCD,McDonald's Corporation Common Stock,N,N,otherlisted,consumer_brand,us_consumer,leader,True,exact_symbol,high,83.0,981980546.8017578,False,
IONQ,IONQ,"IonQ, Inc. Common Stock",N,N,otherlisted,us_unclassified_stock,us_unclassified,member,False,unclassified,low,84.0,978484804.0737152,False,
SHOP,SHOP,Shopify Inc. - Class A Subordinate Voting Shares,NASDAQ,N,nasdaqlisted,us_unclassified_stock,us_unclassified,member,False,unclassified,low,85.0,974764336.8095398,False,
RTX,RTX,RTX Corporation Common Stock,N,N,otherlisted,aerospace_defense,us_industrial,leader,True,exact_symbol,high,86.0,970980197.782898,True,us981a_ai_theme
MRK,MRK,"Merck & Company, Inc. Common Stock (new)",N,N,otherlisted,pharma_big,us_healthcare,leader,True,exact_symbol,high,87.0,959035260.3103639,False,
ACN,ACN,Accenture plc Class A Ordinary Shares (Ireland),N,N,otherlisted,us_unclassified_stock,us_unclassified,member,False,unclassified,low,88.0,957556165.159607,False,
FCX,FCX,"Freeport-McMoRan, Inc. Common Stock",N,N,otherlisted,materials_mining,us_energy_materials,leader,True,exact_symbol,high,89.0,955995949.5601654,False,
AXP,AXP,American Express Company Common Stock,N,N,otherlisted,us_unclassified_stock,us_unclassified,member,False,unclassified,low,90.0,944325822.0947266,False,
PFE,PFE,"Pfizer, Inc. Common Stock",N,N,otherlisted,pharma_big,us_healthcare,leader,True,exact_symbol,high,91.0,942164920.2522278,False,
TMO,TMO,Thermo Fisher Scientific Inc Common Stock,N,N,otherlisted,us_unclassified_stock,us_unclassified,member,False,unclassified,low,92.0,940925328.1661987,False,
T,T,AT&T Inc.,N,N,otherlisted,us_unclassified_stock,us_unclassified,member,False,unclassified,low,93.0,940560094.1067696,False,
CRDO,CRDO,Credo Technology Group Holding Ltd - Ordinary Shares,NASDAQ,N,nasdaqlisted,us_unclassified_stock,us_unclassified,member,False,unclassified,low,94.0,932664772.3220825,False,
NEM,NEM,Newmont Corporation,N,N,otherlisted,us_unclassified_stock,us_unclassified,member,False,unclassified,low,95.0,915523078.3653259,False,
BSX,BSX,Boston Scientific Corporation Common Stock,N,N,otherlisted,us_unclassified_stock,us_unclassified,member,False,unclassified,low,96.0,909608282.6416016,False,
PEP,PEP,"PepsiCo, Inc. - Common Stock",NASDAQ,N,nasdaqlisted,us_unclassified_stock,us_unclassified,member,False,unclassified,low,97.0,904073606.968689,False,
NKE,NKE,"Nike, Inc. Common Stock",N,N,otherlisted,consumer_brand,us_consumer,leader,True,exact_symbol,high,98.0,901206627.0626068,False,
ISRG,ISRG,"Intuitive Surgical, Inc. - Common Stock",NASDAQ,N,nasdaqlisted,medical_device,us_healthcare,leader,True,exact_symbol,high,99.0,887915907.522583,False,
AXTI,AXTI,AXT Inc - Common Stock,NASDAQ,N,nasdaqlisted,us_unclassified_stock,us_unclassified,member,False,unclassified,low,100.0,881560364.9177551,False,
ALAB,ALAB,"Astera Labs, Inc. - Common Stock",NASDAQ,N,nasdaqlisted,us_unclassified_stock,us_unclassified,member,False,unclassified,low,101.0,880360816.1865234,False,
DIS,DIS,Walt Disney Company (The) Common Stock,N,N,otherlisted,us_unclassified_stock,us_unclassified,member,False,unclassified,low,102.0,859621850.2212524,False,
OXY,OXY,Occidental Petroleum Corporation Common Stock,N,N,otherlisted,us_unclassified_stock,us_unclassified,member,False,unclassified,low,103.0,844046084.702301,False,
VLO,VLO,Valero Energy Corporation Common Stock,N,N,otherlisted,energy_oil_gas,us_energy_materials,member,False,name_keyword,medium,104.0,835150710.3553772,False,
SPOT,SPOT,Spotify Technology S.A. Ordinary Shares,N,N,otherlisted,us_unclassified_stock,us_unclassified,member,False,unclassified,low,105.0,832757947.6669312,False,
SPGI,SPGI,S&P Global Inc. Common Stock,N,N,otherlisted,us_unclassified_stock,us_unclassified,member,False,unclassified,low,106.0,831228295.489502,False,
COF,COF,Capital One Financial Corporation Common Stock,N,N,otherlisted,us_unclassified_stock,us_unclassified,member,False,unclassified,low,107.0,827596797.189331,False,
CEG,CEG,Constellation Energy Corporation - Common Stock When-Issued,NASDAQ,N,nasdaqlisted,energy_oil_gas,us_energy_materials,member,False,name_keyword,medium,108.0,822792606.6741943,True,power_generation
AMGN,AMGN,Amgen Inc. - Common Stock,NASDAQ,N,nasdaqlisted,us_unclassified_stock,us_unclassified,member,False,unclassified,low,109.0,822290648.4802246,False,
SMCI,SMCI,"Super Micro Computer, Inc. - Common Stock",NASDAQ,N,nasdaqlisted,ai_server_hardware,us_ai_hardware,core_leader,True,exact_symbol,high,110.0,820911995.5944062,True,server_network
HON,HON,Honeywell International Inc. - Common Stock,NASDAQ,N,nasdaqlisted,industrial_machinery,us_industrial,leader,True,exact_symbol,high,111.0,807887260.0120544,True,us981a_ai_theme
CVNA,CVNA,Carvana Co. Class A Common Stock,N,N,otherlisted,us_unclassified_stock,us_unclassified,member,False,unclassified,low,112.0,790815360.5031967,False,
CMCSA,CMCSA,Comcast Corporation - Class A Common Stock,NASDAQ,N,nasdaqlisted,us_unclassified_stock,us_unclassified,member,False,unclassified,low,113.0,789819333.2350731,False,
NEE,NEE,"NextEra Energy, Inc. Common Stock",N,N,otherlisted,utility_defensive,us_defensive_assets,leader,True,exact_symbol,high,114.0,786951770.804596,True,power_generation
SYK,SYK,Stryker Corporation Common Stock,N,N,otherlisted,medical_device,us_healthcare,leader,True,exact_symbol,high,115.0,782558573.6709595,False,
PM,PM,Philip Morris International Inc Common Stock,N,N,otherlisted,us_unclassified_stock,us_unclassified,member,False,unclassified,low,116.0,773177590.9423828,False,
MELI,MELI,"MercadoLibre, Inc. - Common Stock",NASDAQ,N,nasdaqlisted,us_unclassified_stock,us_unclassified,member,False,unclassified,low,117.0,768442583.3312988,False,
ON,ON,ON Semiconductor Corporation - Common Stock,NASDAQ,N,nasdaqlisted,us_unclassified_stock,us_unclassified,member,False,unclassified,low,118.0,768222834.8831177,False,
GILD,GILD,"Gilead Sciences, Inc. - Common Stock",NASDAQ,N,nasdaqlisted,us_unclassified_stock,us_unclassified,member,False,unclassified,low,119.0,758898210.736084,False,
BX,BX,Blackstone Inc. Common Stock,N,N,otherlisted,us_unclassified_stock,us_unclassified,member,False,unclassified,low,120.0,758219424.3530273,False,
SLB,SLB,SLB Limited Common Shares,N,N,otherlisted,energy_service,us_energy_materials,leader,True,exact_symbol,high,121.0,757537489.1923904,False,
SNPS,SNPS,"Synopsys, Inc. - Common Stock",NASDAQ,N,nasdaqlisted,semi_eda_ip,us_semiconductor,leader,True,exact_symbol,high,122.0,748529549.8336792,True,us981a_ai_theme
MCHP,MCHP,Microchip Technology Incorporated - Common Stock,NASDAQ,N,nasdaqlisted,us_unclassified_stock,us_unclassified,member,False,unclassified,low,123.0,746440594.046402,False,
NET,NET,"Cloudflare, Inc. Class A Common Stock",N,N,otherlisted,cybersecurity,us_technology,member,False,exact_symbol,high,124.0,741717836.9285583,True,us981a_ai_theme
LMT,LMT,Lockheed Martin Corporation Common Stock,N,N,otherlisted,aerospace_defense,us_industrial,leader,True,exact_symbol,high,125.0,736766169.5770264,True,space_ev_defense
MDT,MDT,Medtronic plc. Ordinary Shares,N,N,otherlisted,medical_device,us_healthcare,leader,True,exact_symbol,high,126.0,736231243.4822083,False,
NXPI,NXPI,NXP Semiconductors N.V. - Common Stock,NASDAQ,N,nasdaqlisted,us_unclassified_stock,us_unclassified,member,False,unclassified,low,127.0,735316888.2408142,False,
AZO,AZO,"AutoZone, Inc. Common Stock",N,N,otherlisted,us_unclassified_stock,us_unclassified,member,False,unclassified,low,128.0,730270713.8671875,False,
AAL,AAL,"American Airlines Group, Inc. - Common Stock",NASDAQ,N,nasdaqlisted,us_unclassified_stock,us_unclassified,member,False,unclassified,low,129.0,715881999.4878768,False,
DAL,DAL,"Delta Air Lines, Inc. Common Stock",N,N,otherlisted,us_unclassified_stock,us_unclassified,member,False,unclassified,low,130.0,715567941.5252686,False,
MCK,MCK,McKesson Corporation Common Stock,N,N,otherlisted,us_unclassified_stock,us_unclassified,member,False,unclassified,low,131.0,706463800.9399414,False,
UNP,UNP,Union Pacific Corporation Common Stock,N,N,otherlisted,us_unclassified_stock,us_unclassified,member,False,unclassified,low,132.0,701939140.7440186,False,
SBUX,SBUX,Starbucks Corporation - Common Stock,NASDAQ,N,nasdaqlisted,consumer_brand,us_consumer,leader,True,exact_symbol,high,133.0,692171293.1652069,False,
CDNS,CDNS,"Cadence Design Systems, Inc. - Common Stock",NASDAQ,N,nasdaqlisted,semi_eda_ip,us_semiconductor,leader,True,exact_symbol,high,134.0,691548877.4490356,True,us981a_ai_theme
TJX,TJX,"TJX Companies, Inc. (The) Common Stock",N,N,otherlisted,us_unclassified_stock,us_unclassified,member,False,unclassified,low,135.0,686653625.6881714,False,
BLK,BLK,"BlackRock, Inc. Common Stock",N,N,otherlisted,us_unclassified_stock,us_unclassified,member,False,unclassified,low,136.0,685144559.9182129,False,
DVN,DVN,Devon Energy Corporation Common Stock,N,N,otherlisted,energy_oil_gas,us_energy_materials,member,False,name_keyword,medium,137.0,682576961.3697052,False,
DE,DE,Deere & Company Common Stock,N,N,otherlisted,industrial_machinery,us_industrial,leader,True,exact_symbol,high,138.0,681904860.1776123,True,us981a_ai_theme
OKLO,OKLO,Oklo Inc. Class A common stock,N,N,otherlisted,us_unclassified_stock,us_unclassified,member,False,unclassified,low,139.0,679178326.7486572,False,
VST,VST,Vistra Corp. Common Stock,N,N,otherlisted,us_unclassified_stock,us_unclassified,member,False,unclassified,low,140.0,676479057.1174622,True,power_generation
CCL,CCL,Carnival Corporation Ltd. Common Shares,N,N,otherlisted,us_unclassified_stock,us_unclassified,member,False,unclassified,low,141.0,674673966.3516998,False,
RDDT,RDDT,"Reddit, Inc. Class A Common Stock",N,N,otherlisted,us_unclassified_stock,us_unclassified,member,False,unclassified,low,142.0,663958173.2917786,False,
PYPL,PYPL,"PayPal Holdings, Inc. - Common Stock",NASDAQ,N,nasdaqlisted,us_unclassified_stock,us_unclassified,member,False,unclassified,low,143.0,663516204.2362213,False,
DASH,DASH,"DoorDash, Inc. - Common Stock",NASDAQ,N,nasdaqlisted,us_unclassified_stock,us_unclassified,member,False,unclassified,low,144.0,662121232.8918457,False,
UAL,UAL,"United Airlines Holdings, Inc. - Common Stock",NASDAQ,N,nasdaqlisted,us_unclassified_stock,us_unclassified,member,False,unclassified,low,145.0,655843334.2037201,False,
NU,NU,Nu Holdings Ltd. Class A Ordinary Shares,N,N,otherlisted,us_unclassified_stock,us_unclassified,member,False,unclassified,low,146.0,653148572.2322464,False,
CLS,CLS,"Celestica, Inc. Common Stock",N,N,otherlisted,us_unclassified_stock,us_unclassified,member,False,unclassified,low,147.0,652071901.7028809,False,
SATS,SATS,EchoStar Corporation - Common stock,NASDAQ,N,nasdaqlisted,us_unclassified_stock,us_unclassified,member,False,unclassified,low,148.0,649239518.964386,False,
LNG,LNG,"Cheniere Energy, Inc. Common Stock",N,N,otherlisted,energy_oil_gas,us_energy_materials,member,False,name_keyword,medium,149.0,635415982.5531006,False,
PH,PH,Parker-Hannifin Corporation Common Stock,N,N,otherlisted,us_unclassified_stock,us_unclassified,member,False,unclassified,low,150.0,634194331.6589355,False,
RCL,RCL,Royal Caribbean Cruises Ltd. Common Stock,N,N,otherlisted,us_unclassified_stock,us_unclassified,member,False,unclassified,low,151.0,629468652.0812988,False,
ADP,ADP,"Automatic Data Processing, Inc. - Common Stock",NASDAQ,N,nasdaqlisted,us_unclassified_stock,us_unclassified,member,False,unclassified,low,152.0,628238229.9499512,False,
CME,CME,CME Group Inc. - Class A Common Stock,NASDAQ,N,nasdaqlisted,us_unclassified_stock,us_unclassified,member,False,unclassified,low,153.0,626941674.1165161,False,
NVO,NVO,Novo Nordisk A/S Common Stock,N,N,otherlisted,us_unclassified_stock,us_unclassified,member,False,unclassified,low,154.0,620906223.015976,False,
APLD,APLD,Applied Digital Corporation - Common Stock,NASDAQ,N,nasdaqlisted,us_unclassified_stock,us_unclassified,member,False,unclassified,low,155.0,617640243.2275772,False,
FIX,FIX,"Comfort Systems USA, Inc. Common Stock",N,N,otherlisted,us_unclassified_stock,us_unclassified,member,False,unclassified,low,156.0,614258626.0375977,True,thermal_power
MO,MO,"Altria Group, Inc.",N,N,otherlisted,us_unclassified_stock,us_unclassified,member,False,unclassified,low,157.0,590329868.5035706,False,
TT,TT,Trane Technologies plc,N,N,otherlisted,us_unclassified_stock,us_unclassified,member,False,unclassified,low,158.0,589548214.7598267,True,thermal_power
DDOG,DDOG,"Datadog, Inc. - Class A Common Stock",NASDAQ,N,nasdaqlisted,saas_software,us_technology,member,False,exact_symbol,high,159.0,587950873.5557556,True,us981a_ai_theme
WDAY,WDAY,"Workday, Inc. - Class A Common Stock",NASDAQ,N,nasdaqlisted,us_unclassified_stock,us_unclassified,member,False,unclassified,low,160.0,586301063.4490967,False,
MPC,MPC,Marathon Petroleum Corporation Common Stock,N,N,otherlisted,us_unclassified_stock,us_unclassified,member,False,unclassified,low,161.0,582890230.5885315,False,
WELL,WELL,Welltower Inc. Common Stock,N,N,otherlisted,us_unclassified_stock,us_unclassified,member,False,unclassified,low,162.0,581749404.6691895,False,
CVS,CVS,CVS Health Corporation Common Stock,N,N,otherlisted,us_unclassified_stock,us_unclassified,member,False,unclassified,low,163.0,572747624.8878479,False,
TGT,TGT,Target Corporation Common Stock,N,N,otherlisted,us_unclassified_stock,us_unclassified,member,False,unclassified,low,164.0,571814940.1870728,False,
ONDS,ONDS,Ondas Inc - Common Stock,NASDAQ,N,nasdaqlisted,us_unclassified_stock,us_unclassified,member,False,unclassified,low,165.0,571635986.6111755,False,
CRH,CRH,CRH PLC Ordinary Shares,N,N,otherlisted,us_unclassified_stock,us_unclassified,member,False,unclassified,low,166.0,561696346.698761,False,
WBD,WBD,"Warner Bros. Discovery, Inc. - Series A Common Stock",NASDAQ,N,nasdaqlisted,us_unclassified_stock,us_unclassified,member,False,unclassified,low,167.0,559216062.4681015,False,
FDX,FDX,FedEx Corporation Common Stock,N,N,otherlisted,logistics_transport,us_industrial,leader,True,exact_symbol,high,168.0,553011925.2990723,True,us981a_ai_theme
F,F,Ford Motor Company Common Stock,N,N,otherlisted,us_unclassified_stock,us_unclassified,member,False,unclassified,low,169.0,552311122.6654053,False,
ELV,ELV,"Elevance Health, Inc. Common Stock",N,N,otherlisted,us_unclassified_stock,us_unclassified,member,False,unclassified,low,170.0,549407551.6906738,False,
FANG,FANG,"Diamondback Energy, Inc. - Common Stock",NASDAQ,N,nasdaqlisted,energy_oil_gas,us_energy_materials,member,False,name_keyword,medium,171.0,548387788.6512755,False,
MMM,MMM,3M Company Common Stock,N,N,otherlisted,us_unclassified_stock,us_unclassified,member,False,unclassified,low,172.0,544763207.7583313,False,
BMY,BMY,Bristol-Myers Squibb Company Common Stock,N,N,otherlisted,us_unclassified_stock,us_unclassified,member,False,unclassified,low,173.0,543527237.7674103,False,
EOG,EOG,"EOG Resources, Inc. Common Stock",N,N,otherlisted,us_unclassified_stock,us_unclassified,member,False,unclassified,low,174.0,541840599.685669,False,
HAL,HAL,Halliburton Company Common Stock,N,N,otherlisted,energy_service,us_energy_materials,leader,True,exact_symbol,high,175.0,538889246.295166,False,
VRTX,VRTX,Vertex Pharmaceuticals Incorporated - Common Stock,NASDAQ,N,nasdaqlisted,biotech,us_healthcare,leader,True,exact_symbol,high,176.0,538073962.4725342,False,
HIMS,HIMS,"Hims & Hers Health, Inc. Class A Common Stock",N,N,otherlisted,us_unclassified_stock,us_unclassified,member,False,unclassified,low,177.0,535510593.9720153,False,
ROST,ROST,"Ross Stores, Inc. - Common Stock",NASDAQ,N,nasdaqlisted,us_unclassified_stock,us_unclassified,member,False,unclassified,low,178.0,534608405.519104,False,
BP,BP,BP p.l.c. Common Stock,N,N,otherlisted,us_unclassified_stock,us_unclassified,member,False,unclassified,low,179.0,534543829.28180695,False,
SAP,SAP,SAP  SE ADS,N,N,otherlisted,us_unclassified_stock,us_unclassified,member,False,unclassified,low,180.0,534340299.8428345,False,
AMT,AMT,American Tower Corporation (REIT) Common Stock,N,N,otherlisted,reit_infrastructure,us_defensive_assets,leader,True,exact_symbol,high,181.0,534051459.2971802,True,data_center_reit
WULF,WULF,TeraWulf Inc. - Common Stock,NASDAQ,N,nasdaqlisted,us_unclassified_stock,us_unclassified,member,False,unclassified,low,182.0,533564985.52627563,False,
CMG,CMG,"Chipotle Mexican Grill, Inc. Common Stock",N,N,otherlisted,us_unclassified_stock,us_unclassified,member,False,unclassified,low,183.0,533462783.0640793,False,
CSX,CSX,CSX Corporation - Common Stock,NASDAQ,N,nasdaqlisted,us_unclassified_stock,us_unclassified,member,False,unclassified,low,184.0,523699444.88391876,False,
EQIX,EQIX,"Equinix, Inc. - Common Stock",NASDAQ,N,nasdaqlisted,reit_infrastructure,us_defensive_assets,leader,True,exact_symbol,high,185.0,519285721.27685547,True,data_center_reit
HWM,HWM,Howmet Aerospace Inc. Common Stock,N,N,otherlisted,us_unclassified_stock,us_unclassified,member,False,unclassified,low,186.0,517949215.40069574,True,us981a_ai_theme
GM,GM,General Motors Company Common Stock,N,N,otherlisted,us_unclassified_stock,us_unclassified,member,False,unclassified,low,187.0,517738431.3858032,False,
B,B,Barrick Mining Corporation Common Shares,N,N,otherlisted,materials_mining,us_energy_materials,member,False,name_keyword,medium,188.0,515187389.71710205,False,
TSEM,TSEM,Tower Semiconductor Ltd. - Ordinary Shares,NASDAQ,N,nasdaqlisted,us_unclassified_stock,us_unclassified,member,False,unclassified,low,189.0,514250534.4467163,False,
PSX,PSX,Phillips 66 Common Stock,N,N,otherlisted,us_unclassified_stock,us_unclassified,member,False,unclassified,low,190.0,513889278.5003662,False,
AKAM,AKAM,"Akamai Technologies, Inc. - Common Stock",NASDAQ,N,nasdaqlisted,us_unclassified_stock,us_unclassified,member,False,unclassified,low,191.0,509693189.84375,False,
LYB,LYB,LyondellBasell Industries NV Ordinary Shares Class A (Netherlands),N,N,otherlisted,us_unclassified_stock,us_unclassified,member,False,unclassified,low,192.0,505438030.4016113,False,
CB,CB,Chubb Limited  Common Stock,N,N,otherlisted,us_unclassified_stock,us_unclassified,member,False,unclassified,low,193.0,504909544.0475464,False,
APO,APO,"Apollo Global Management, Inc. (New) Common Stock",N,N,otherlisted,us_unclassified_stock,us_unclassified,member,False,unclassified,low,194.0,504670223.69384766,False,
UPS,UPS,"United Parcel Service, Inc. Common Stock",N,N,otherlisted,logistics_transport,us_industrial,leader,True,exact_symbol,high,195.0,503603816.86477655,True,us981a_ai_theme
REGN,REGN,"Regeneron Pharmaceuticals, Inc. - Common Stock",NASDAQ,N,nasdaqlisted,biotech,us_healthcare,leader,True,exact_symbol,high,196.0,491338698.6022949,False,
RBLX,RBLX,Roblox Corporation Class A Common Stock,N,N,otherlisted,us_unclassified_stock,us_unclassified,member,False,unclassified,low,197.0,490934926.73072815,False,
EBAY,EBAY,eBay Inc. - Common Stock,NASDAQ,N,nasdaqlisted,us_unclassified_stock,us_unclassified,member,False,unclassified,low,198.0,489934146.24938965,False,
USB,USB,U.S. Bancorp Common Stock,N,N,otherlisted,fin_bank,us_finance,member,False,name_keyword,medium,199.0,489250645.6277847,False,
ORLY,ORLY,"O'Reilly Automotive, Inc. - Common Stock",NASDAQ,N,nasdaqlisted,us_unclassified_stock,us_unclassified,member,False,unclassified,low,200.0,488574776.6819,False,
MCO,MCO,Moody's Corporation Common Stock,N,N,otherlisted,us_unclassified_stock,us_unclassified,member,False,unclassified,low,201.0,487946944.67315674,False,
FTNT,FTNT,"Fortinet, Inc. - Common Stock",NASDAQ,N,nasdaqlisted,cybersecurity,us_technology,member,False,exact_symbol,high,202.0,486956494.71969604,True,us981a_ai_theme
MRSH,MRSH,Marsh Common Stock,N,N,otherlisted,us_unclassified_stock,us_unclassified,member,False,unclassified,low,203.0,485906922.3464966,False,
MDLZ,MDLZ,"Mondelez International, Inc. - Class A Common Stock",NASDAQ,N,nasdaqlisted,us_unclassified_stock,us_unclassified,member,False,unclassified,low,204.0,479975715.6522751,False,
HCA,HCA,"HCA Healthcare, Inc. Common Stock",N,N,otherlisted,us_unclassified_stock,us_unclassified,member,False,unclassified,low,205.0,478994856.66503906,False,
CMI,CMI,Cummins Inc. Common Stock,N,N,otherlisted,us_unclassified_stock,us_unclassified,member,False,unclassified,low,206.0,477144802.73132324,False,
CL,CL,Colgate-Palmolive Company Common Stock,N,N,otherlisted,us_unclassified_stock,us_unclassified,member,False,unclassified,low,207.0,475728847.177124,False,
EQT,EQT,EQT Corporation Common Stock,N,N,otherlisted,us_unclassified_stock,us_unclassified,member,False,unclassified,low,208.0,471802881.8078995,False,
HLT,HLT,Hilton Worldwide Holdings Inc. Common Stock,N,N,otherlisted,us_unclassified_stock,us_unclassified,member,False,unclassified,low,209.0,468894194.86694336,False,
ICE,ICE,Intercontinental Exchange Inc. Common Stock,N,N,otherlisted,us_unclassified_stock,us_unclassified,member,False,unclassified,low,210.0,468841355.46035767,False,
CF,CF,"CF Industries Holdings, Inc. Common Stock",N,N,otherlisted,us_unclassified_stock,us_unclassified,member,False,unclassified,low,211.0,464321686.693573,False,
TEL,TEL,TE Connectivity plc Ordinary Shares,N,N,otherlisted,us_unclassified_stock,us_unclassified,member,False,unclassified,low,212.0,464311178.9353943,False,
PLD,PLD,"Prologis, Inc. Common Stock",N,N,otherlisted,reit_infrastructure,us_defensive_assets,leader,True,exact_symbol,high,213.0,461249585.7872009,False,
ABNB,ABNB,"Airbnb, Inc. - Class A Common Stock",NASDAQ,N,nasdaqlisted,us_unclassified_stock,us_unclassified,member,False,unclassified,low,214.0,457536477.2003174,False,
CNQ,CNQ,Canadian Natural Resources Limited Common Stock,N,N,otherlisted,us_unclassified_stock,us_unclassified,member,False,unclassified,low,215.0,457395451.9924164,False,
TDG,TDG,Transdigm Group Incorporated Common Stock,N,N,otherlisted,us_unclassified_stock,us_unclassified,member,False,unclassified,low,216.0,456895218.10180664,False,
ZTS,ZTS,Zoetis Inc. Class A Common Stock,N,N,otherlisted,us_unclassified_stock,us_unclassified,member,False,unclassified,low,217.0,455858204.40101624,False,
AEM,AEM,Agnico Eagle Mines Limited Common Stock,N,N,otherlisted,us_unclassified_stock,us_unclassified,member,False,unclassified,low,218.0,455221951.3442993,False,
TEAM,TEAM,Atlassian Corporation  - Class A Common Stock,NASDAQ,N,nasdaqlisted,us_unclassified_stock,us_unclassified,member,False,unclassified,low,219.0,453465025.53482056,False,
JCI,JCI,Johnson Controls International plc Ordinary Share,N,N,otherlisted,us_unclassified_stock,us_unclassified,member,False,unclassified,low,220.0,448694743.5897827,True,thermal_power
BNY,BNY,The Bank of New York Mellon Corporation Common Stock,N,N,otherlisted,fin_bank,us_finance,member,False,name_keyword,medium,221.0,443672397.47924805,False,
SO,SO,Southern Company (The) Common Stock,N,N,otherlisted,utility_defensive,us_defensive_assets,leader,True,exact_symbol,high,222.0,443057555.79681396,True,power_generation
NOC,NOC,Northrop Grumman Corporation Common Stock,N,N,otherlisted,us_unclassified_stock,us_unclassified,member,False,unclassified,low,223.0,442864510.47058105,True,space_ev_defense
LHX,LHX,"L3Harris Technologies, Inc. Common Stock",N,N,otherlisted,us_unclassified_stock,us_unclassified,member,False,unclassified,low,224.0,441857760.8062744,False,
CI,CI,The Cigna Group Common Stock,N,N,otherlisted,us_unclassified_stock,us_unclassified,member,False,unclassified,low,225.0,441661396.5133667,False,
MARA,MARA,"MARA Holdings, Inc. - Common Stock",NASDAQ,N,nasdaqlisted,us_unclassified_stock,us_unclassified,member,False,unclassified,low,226.0,441131232.49936104,False,
ADSK,ADSK,"Autodesk, Inc. - Common Stock",NASDAQ,N,nasdaqlisted,us_unclassified_stock,us_unclassified,member,False,unclassified,low,227.0,440083835.9283448,False,
MSI,MSI,"Motorola Solutions, Inc. Common Stock",N,N,otherlisted,us_unclassified_stock,us_unclassified,member,False,unclassified,low,228.0,439265891.6168213,False,
GD,GD,General Dynamics Corporation Common Stock,N,N,otherlisted,us_unclassified_stock,us_unclassified,member,False,unclassified,low,229.0,439065921.3973999,False,
STM,STM,STMicroelectronics N.V. Common Stock,N,N,otherlisted,us_unclassified_stock,us_unclassified,member,False,unclassified,low,230.0,438953602.0374298,False,
WM,WM,"Waste Management, Inc. Common Stock",N,N,otherlisted,us_unclassified_stock,us_unclassified,member,False,unclassified,low,231.0,437017793.85375977,False,
FN,FN,Fabrinet Ordinary Shares,N,N,otherlisted,us_unclassified_stock,us_unclassified,member,False,unclassified,low,232.0,435940280.50231934,False,
URI,URI,"United Rentals, Inc. Common Stock",N,N,otherlisted,us_unclassified_stock,us_unclassified,member,False,unclassified,low,233.0,429304889.932251,False,
PNC,PNC,"PNC Financial Services Group, Inc. (The) Common Stock",N,N,otherlisted,us_unclassified_stock,us_unclassified,member,False,unclassified,low,234.0,428699173.17047113,False,
WMB,WMB,"Williams Companies, Inc. (The) Common Stock",N,N,otherlisted,us_unclassified_stock,us_unclassified,member,False,unclassified,low,235.0,428693551.66893005,False,
RGTI,RGTI,"Rigetti Computing, Inc.  - Common stock",NASDAQ,N,nasdaqlisted,us_unclassified_stock,us_unclassified,member,False,unclassified,low,236.0,427948587.8003597,False,
DUK,DUK,Duke Energy Corporation (Holding Company) Common Stock,N,N,otherlisted,utility_defensive,us_defensive_assets,leader,True,exact_symbol,high,237.0,426690372.6825714,True,power_generation
QBTS,QBTS,D-Wave Quantum Inc. Common Shares,N,N,otherlisted,us_unclassified_stock,us_unclassified,member,False,unclassified,low,238.0,424714828.74794006,False,
KMB,KMB,Kimberly-Clark Corporation - Common Stock,NASDAQ,N,nasdaqlisted,us_unclassified_stock,us_unclassified,member,False,unclassified,low,239.0,424349228.03497314,False,
NVTS,NVTS,Navitas Semiconductor Corporation - Common Stock,NASDAQ,N,nasdaqlisted,us_unclassified_stock,us_unclassified,member,False,unclassified,low,240.0,423525182.61618614,False,
ROP,ROP,"Roper Technologies, Inc. - Common Stock",NASDAQ,N,nasdaqlisted,us_unclassified_stock,us_unclassified,member,False,unclassified,low,241.0,422632351.42974854,False,
AXON,AXON,"Axon Enterprise, Inc. - Common Stock",NASDAQ,N,nasdaqlisted,us_unclassified_stock,us_unclassified,member,False,unclassified,low,242.0,421249808.7890625,False,
BDX,BDX,"Becton, Dickinson and Company Common Stock",N,N,otherlisted,us_unclassified_stock,us_unclassified,member,False,unclassified,low,243.0,418823003.57666016,False,
AON,AON,Aon plc Class A Ordinary Shares (Ireland),N,N,otherlisted,us_unclassified_stock,us_unclassified,member,False,unclassified,low,244.0,417899360.8795166,False,
AEP,AEP,"American Electric Power Company, Inc. - Common Stock",NASDAQ,N,nasdaqlisted,us_unclassified_stock,us_unclassified,member,False,unclassified,low,245.0,406580477.2994995,True,power_generation
ECL,ECL,Ecolab Inc. Common Stock,N,N,otherlisted,us_unclassified_stock,us_unclassified,member,False,unclassified,low,246.0,404725206.59332275,False,
AJG,AJG,Arthur J. Gallagher & Co. Common Stock,N,N,otherlisted,us_unclassified_stock,us_unclassified,member,False,unclassified,low,247.0,402591541.5527344,False,
MDB,MDB,"MongoDB, Inc. - Class A Common Stock",NASDAQ,N,nasdaqlisted,us_unclassified_stock,us_unclassified,member,False,unclassified,low,248.0,398374318.64624023,False,
LULU,LULU,lululemon athletica inc. - Common Stock,NASDAQ,N,nasdaqlisted,us_unclassified_stock,us_unclassified,member,False,unclassified,low,249.0,397570503.99894714,False,
HPE,HPE,Hewlett Packard Enterprise Company Common Stock,N,N,otherlisted,ai_server_hardware,us_ai_hardware,leader,True,exact_symbol,high,250.0,393331667.0117378,True,server_network
KEYS,KEYS,Keysight Technologies Inc. Common Stock,N,N,otherlisted,us_unclassified_stock,us_unclassified,member,False,unclassified,low,251.0,392915096.9924927,False,
TRV,TRV,"The Travelers Companies, Inc. Common Stock",N,N,otherlisted,us_unclassified_stock,us_unclassified,member,False,unclassified,low,252.0,392151716.1178589,False,
ZS,ZS,"Zscaler, Inc. - Common Stock",NASDAQ,N,nasdaqlisted,cybersecurity,us_technology,member,False,exact_symbol,high,253.0,390271100.01831055,True,us981a_ai_theme
LYV,LYV,"Live Nation Entertainment, Inc. Common Stock",N,N,otherlisted,us_unclassified_stock,us_unclassified,member,False,unclassified,low,254.0,390014799.59259033,False,
TFC,TFC,Truist Financial Corporation Common Stock,N,N,otherlisted,us_unclassified_stock,us_unclassified,member,False,unclassified,low,255.0,386862535.70518494,False,
TTD,TTD,"The Trade Desk, Inc. - Class A Common Stock",NASDAQ,N,nasdaqlisted,us_unclassified_stock,us_unclassified,member,False,unclassified,low,256.0,385837925.28808594,False,
DG,DG,Dollar General Corporation Common Stock,N,N,otherlisted,us_unclassified_stock,us_unclassified,member,False,unclassified,low,257.0,383604403.188324,False,
RIVN,RIVN,"Rivian Automotive, Inc. - Class A Common Stock",NASDAQ,N,nasdaqlisted,us_unclassified_stock,us_unclassified,member,False,unclassified,low,258.0,383531682.1182251,False,
CPNG,CPNG,"Coupang, Inc. Class A Common Stock",N,N,otherlisted,us_unclassified_stock,us_unclassified,member,False,unclassified,low,259.0,380426385.32009125,False,
PL,PL,Planet Labs PBC Class A Common Stock,N,N,otherlisted,us_unclassified_stock,us_unclassified,member,False,unclassified,low,260.0,377354588.33942413,False,
XYZ,XYZ,"Block, Inc. Class A Common Stock,",N,N,otherlisted,us_unclassified_stock,us_unclassified,member,False,unclassified,low,261.0,376271631.16493225,False,
KMI,KMI,"Kinder Morgan, Inc. Common Stock",N,N,otherlisted,us_unclassified_stock,us_unclassified,member,False,unclassified,low,262.0,375684363.4534836,False,
NCLH,NCLH,Norwegian Cruise Line Holdings Ltd. Ordinary Shares,N,N,otherlisted,us_unclassified_stock,us_unclassified,member,False,unclassified,low,263.0,375664679.4319153,False,
TTWO,TTWO,"Take-Two Interactive Software, Inc. - Common Stock",NASDAQ,N,nasdaqlisted,us_unclassified_stock,us_unclassified,member,False,unclassified,low,264.0,374786957.51190186,False,
NRG,NRG,"NRG Energy, Inc. Common Stock",N,N,otherlisted,energy_oil_gas,us_energy_materials,member,False,name_keyword,medium,265.0,372988599.21875,True,power_generation
DOCN,DOCN,"DigitalOcean Holdings, Inc. Common Stock",N,N,otherlisted,us_unclassified_stock,us_unclassified,member,False,unclassified,low,266.0,372093865.1031494,False,
CDE,CDE,"Coeur Mining, Inc. Common Stock",N,N,otherlisted,materials_mining,us_energy_materials,member,False,name_keyword,medium,267.0,371938502.6483537,False,
EXPE,EXPE,"Expedia Group, Inc. - Common Stock",NASDAQ,N,nasdaqlisted,us_unclassified_stock,us_unclassified,member,False,unclassified,low,268.0,370741845.88165283,False,
MNST,MNST,Monster Beverage Corporation - Common Stock,NASDAQ,N,nasdaqlisted,us_unclassified_stock,us_unclassified,member,False,unclassified,low,269.0,370526601.5949249,False,
ODFL,ODFL,"Old Dominion Freight Line, Inc. - Common Stock",NASDAQ,N,nasdaqlisted,us_unclassified_stock,us_unclassified,member,False,unclassified,low,270.0,369204351.7944336,False,
CCJ,CCJ,Cameco Corporation Common Stock,N,N,otherlisted,us_unclassified_stock,us_unclassified,member,False,unclassified,low,271.0,369190565.24314886,False,
EXC,EXC,Exelon Corporation - Common Stock,NASDAQ,N,nasdaqlisted,us_unclassified_stock,us_unclassified,member,False,unclassified,low,272.0,366708411.4517212,True,power_generation
ARES,ARES,Ares Management Corporation Class A Common Stock,N,N,otherlisted,us_unclassified_stock,us_unclassified,member,False,unclassified,low,273.0,365054257.36007696,False,
OKE,OKE,"ONEOK, Inc. Common Stock",N,N,otherlisted,us_unclassified_stock,us_unclassified,member,False,unclassified,low,274.0,364562049.956131,False,
FICO,FICO,Fair Isaac Corporation Common Stock,N,N,otherlisted,us_unclassified_stock,us_unclassified,member,False,unclassified,low,275.0,361099982.3730469,False,
PCG,PCG,Pacific Gas & Electric Co. Common Stock,N,N,otherlisted,energy_oil_gas,us_energy_materials,member,False,name_keyword,medium,276.0,359508068.9695358,False,
CTAS,CTAS,Cintas Corporation - Common Stock,NASDAQ,N,nasdaqlisted,us_unclassified_stock,us_unclassified,member,False,unclassified,low,277.0,356081360.23101807,False,
FISV,FISV,"Fiserv, Inc. - Common Stock",NASDAQ,N,nasdaqlisted,us_unclassified_stock,us_unclassified,member,False,unclassified,low,278.0,355582087.178421,False,
ULTA,ULTA,"Ulta Beauty, Inc. - Common Stock",NASDAQ,N,nasdaqlisted,us_unclassified_stock,us_unclassified,member,False,unclassified,low,279.0,354745394.9356079,False,
EA,EA,Electronic Arts Inc. - Common Stock,NASDAQ,N,nasdaqlisted,us_unclassified_stock,us_unclassified,member,False,unclassified,low,280.0,353830819.0826416,False,
ZM,ZM,"Zoom Communications, Inc. - Class A Common Stock",NASDAQ,N,nasdaqlisted,us_unclassified_stock,us_unclassified,member,False,unclassified,low,281.0,353705178.0335045,False,
HUBS,HUBS,"HubSpot, Inc. Common Stock",N,N,otherlisted,us_unclassified_stock,us_unclassified,member,False,unclassified,low,282.0,350709965.8874512,False,
AZN,AZN,AstraZeneca PLC Ordinary Shares,N,N,otherlisted,us_unclassified_stock,us_unclassified,member,False,unclassified,low,283.0,348722441.47186285,False,
XEL,XEL,Xcel Energy Inc. - Common Stock,NASDAQ,N,nasdaqlisted,energy_oil_gas,us_energy_materials,member,False,name_keyword,medium,284.0,348403767.9409027,False,
ENTG,ENTG,"Entegris, Inc. - Common Stock",NASDAQ,N,nasdaqlisted,us_unclassified_stock,us_unclassified,member,False,unclassified,low,285.0,347727577.8804779,False,
CAH,CAH,"Cardinal Health, Inc. Common Stock",N,N,otherlisted,us_unclassified_stock,us_unclassified,member,False,unclassified,low,286.0,346780996.0609436,False,
JBL,JBL,Jabil Inc. Common Stock,N,N,otherlisted,us_unclassified_stock,us_unclassified,member,False,unclassified,low,287.0,346309217.1936035,False,
MP,MP,MP Materials Corp. Common Stock,N,N,otherlisted,materials_mining,us_energy_materials,member,False,name_keyword,medium,288.0,345580328.02467346,False,
CTSH,CTSH,Cognizant Technology Solutions Corporation - Class A Common Stock,NASDAQ,N,nasdaqlisted,us_unclassified_stock,us_unclassified,member,False,unclassified,low,289.0,345506686.72561646,False,
ALB,ALB,Albemarle Corporation Common Stock,N,N,otherlisted,us_unclassified_stock,us_unclassified,member,False,unclassified,low,290.0,343646601.1047364,False,
NSC,NSC,Norfolk Southern Corporation Common Stock,N,N,otherlisted,us_unclassified_stock,us_unclassified,member,False,unclassified,low,291.0,342844879.9758911,False,
DHI,DHI,"D.R. Horton, Inc. Common Stock",N,N,otherlisted,us_unclassified_stock,us_unclassified,member,False,unclassified,low,292.0,341550176.020813,False,
FITB,FITB,Fifth Third Bancorp - Common Stock,NASDAQ,N,nasdaqlisted,fin_bank,us_finance,member,False,name_keyword,medium,293.0,341298400.7461548,False,
HSY,HSY,The Hershey Company Common Stock,N,N,otherlisted,us_unclassified_stock,us_unclassified,member,False,unclassified,low,294.0,340686126.1001587,False,
HBAN,HBAN,Huntington Bancshares Incorporated - Common Stock,NASDAQ,N,nasdaqlisted,us_unclassified_stock,us_unclassified,member,False,unclassified,low,295.0,339146215.0228977,False,
RSG,RSG,"Republic Services, Inc. Common Stock",N,N,otherlisted,us_unclassified_stock,us_unclassified,member,False,unclassified,low,296.0,337919534.11483765,False,
VEEV,VEEV,Veeva Systems Inc. Class A Common Stock,N,N,otherlisted,us_unclassified_stock,us_unclassified,member,False,unclassified,low,297.0,334205703.5369873,False,
RKT,RKT,"Rocket Companies, Inc. Class A Common Stock",N,N,otherlisted,us_unclassified_stock,us_unclassified,member,False,unclassified,low,298.0,332978065.27614594,False,
ALNY,ALNY,"Alnylam Pharmaceuticals, Inc. - Common Stock",NASDAQ,N,nasdaqlisted,biotech,us_healthcare,member,False,name_keyword,medium,299.0,329854824.62768555,False,
HPQ,HPQ,HP Inc. Common Stock,N,N,otherlisted,us_unclassified_stock,us_unclassified,member,False,unclassified,low,300.0,329343679.16965485,False,
O,O,Realty Income Corporation Common Stock,N,N,otherlisted,us_unclassified_stock,us_unclassified,member,False,unclassified,low,301.0,329005045.8881378,False,
EXE,EXE,Expand Energy Corporation - Common Stock,NASDAQ,N,nasdaqlisted,energy_oil_gas,us_energy_materials,member,False,name_keyword,medium,302.0,326437636.32621765,False,
KVUE,KVUE,Kenvue Inc. Common Stock,N,N,otherlisted,us_unclassified_stock,us_unclassified,member,False,unclassified,low,303.0,326018275.4029274,False,
AG,AG,First Majestic Silver Corp. Ordinary Shares (Canada),N,N,otherlisted,us_unclassified_stock,us_unclassified,member,False,unclassified,low,304.0,324273076.3851166,False,
KHC,KHC,The Kraft Heinz Company - Common Stock,NASDAQ,N,nasdaqlisted,us_unclassified_stock,us_unclassified,member,False,unclassified,low,305.0,323545495.30057913,False,
VRSK,VRSK,"Verisk Analytics, Inc. - Common Stock",NASDAQ,N,nasdaqlisted,us_unclassified_stock,us_unclassified,member,False,unclassified,low,306.0,320801348.147583,False,
GIS,GIS,"General Mills, Inc. Common Stock",N,N,otherlisted,us_unclassified_stock,us_unclassified,member,False,unclassified,low,307.0,319695011.28959656,False,
FERG,FERG,Ferguson Enterprises Inc. Common Stock,N,N,otherlisted,us_unclassified_stock,us_unclassified,member,False,unclassified,low,308.0,319463642.829895,False,
APD,APD,"Air Products and Chemicals, Inc. Common Stock",N,N,otherlisted,materials_mining,us_energy_materials,member,False,name_keyword,medium,309.0,319310589.1113281,False,
TRGP,TRGP,"Targa Resources, Inc. Common Stock",N,N,otherlisted,us_unclassified_stock,us_unclassified,member,False,unclassified,low,310.0,318906623.3543396,False,
DPZ,DPZ,Domino's Pizza Inc - Common Stock,NASDAQ,N,nasdaqlisted,us_unclassified_stock,us_unclassified,member,False,unclassified,low,311.0,316182163.5910034,False,
TSCO,TSCO,Tractor Supply Company - Common Stock,NASDAQ,N,nasdaqlisted,us_unclassified_stock,us_unclassified,member,False,unclassified,low,312.0,316115347.1279144,False,
CASY,CASY,"Caseys General Stores, Inc. - Common Stock",NASDAQ,N,nasdaqlisted,us_unclassified_stock,us_unclassified,member,False,unclassified,low,313.0,314924031.59484863,False,
WPM,WPM,Wheaton Precious Metals Corp Common Shares (Canada),N,N,otherlisted,us_unclassified_stock,us_unclassified,member,False,unclassified,low,314.0,311783221.68807983,False,
SRE,SRE,DBA Sempra Common Stock,N,N,otherlisted,us_unclassified_stock,us_unclassified,member,False,unclassified,low,315.0,311763180.8937073,False,
MSCI,MSCI,MSCI Inc. Common Stock,N,N,otherlisted,us_unclassified_stock,us_unclassified,member,False,unclassified,low,316.0,311179136.2701416,False,
ROK,ROK,"Rockwell Automation, Inc. Common Stock",N,N,otherlisted,us_unclassified_stock,us_unclassified,member,False,unclassified,low,317.0,310793861.36932373,False,
PATH,PATH,"UiPath, Inc. Class A Common Stock",N,N,otherlisted,us_unclassified_stock,us_unclassified,member,False,unclassified,low,318.0,309814666.23339653,False,
FTAI,FTAI,FTAI Aviation Ltd. - Common Stock,NASDAQ,N,nasdaqlisted,us_unclassified_stock,us_unclassified,member,False,unclassified,low,319.0,309800831.06918335,False,
IDXX,IDXX,"IDEXX Laboratories, Inc. - Common Stock",NASDAQ,N,nasdaqlisted,us_unclassified_stock,us_unclassified,member,False,unclassified,low,320.0,309642933.38623047,False,
OMC,OMC,Omnicom Group Inc. Common Stock,N,N,otherlisted,us_unclassified_stock,us_unclassified,member,False,unclassified,low,321.0,308878911.3872528,False,
PAYX,PAYX,"Paychex, Inc. - Common Stock",NASDAQ,N,nasdaqlisted,us_unclassified_stock,us_unclassified,member,False,unclassified,low,322.0,307141068.41316223,False,
HUT,HUT,Hut 8 Corp. - Common Stock,NASDAQ,N,nasdaqlisted,us_unclassified_stock,us_unclassified,member,False,unclassified,low,323.0,304202241.4161682,False,
AA,AA,Alcoa Corporation Common Stock,N,N,otherlisted,us_unclassified_stock,us_unclassified,member,False,unclassified,low,324.0,304092037.71972656,False,
VG,VG,"Venture Global, Inc. Class A common stock",N,N,otherlisted,us_unclassified_stock,us_unclassified,member,False,unclassified,low,325.0,303924290.12789726,False,
PINS,PINS,"Pinterest, Inc. Class A Common Stock",N,N,otherlisted,us_unclassified_stock,us_unclassified,member,False,unclassified,low,326.0,303683708.61854553,False,
EL,EL,"Estee Lauder Companies, Inc. (The) Common Stock",N,N,otherlisted,us_unclassified_stock,us_unclassified,member,False,unclassified,low,327.0,302388720.4601288,False,
INSM,INSM,Insmed Incorporated - Common Stock,NASDAQ,N,nasdaqlisted,us_unclassified_stock,us_unclassified,member,False,unclassified,low,328.0,302215286.8469238,False,
RF,RF,Regions Financial Corporation Common Stock,N,N,otherlisted,us_unclassified_stock,us_unclassified,member,False,unclassified,low,329.0,301841939.5523548,False,
MRNA,MRNA,"Moderna, Inc. - Common Stock",NASDAQ,N,nasdaqlisted,biotech,us_healthcare,member,False,exact_symbol,high,330.0,301382441.7509079,False,
LUV,LUV,Southwest Airlines Company Common Stock,N,N,otherlisted,us_unclassified_stock,us_unclassified,member,False,unclassified,low,331.0,300935617.411232,False,
FIG,FIG,"Figma, Inc. Class A Common Stock",N,N,otherlisted,us_unclassified_stock,us_unclassified,member,False,unclassified,low,332.0,300881330.1343918,False,
PAAS,PAAS,Pan American Silver Corp. Common Stock,N,N,otherlisted,us_unclassified_stock,us_unclassified,member,False,unclassified,low,333.0,299702991.4039612,False,
VMC,VMC,Vulcan Materials Company (Holding Company) Common Stock,N,N,otherlisted,materials_mining,us_energy_materials,member,False,name_keyword,medium,334.0,299344254.2312622,False,
RIOT,RIOT,"Riot Platforms, Inc. - Common Stock",NASDAQ,N,nasdaqlisted,us_unclassified_stock,us_unclassified,member,False,unclassified,low,335.0,299201783.72626305,False,
TWLO,TWLO,Twilio Inc. Class A Common Stock,N,N,otherlisted,us_unclassified_stock,us_unclassified,member,False,unclassified,low,336.0,297054642.40112305,False,
FLEX,FLEX,Flex Ltd. - Ordinary Shares,NASDAQ,N,nasdaqlisted,us_unclassified_stock,us_unclassified,member,False,unclassified,low,337.0,295275706.10141754,False,
MLM,MLM,"Martin Marietta Materials, Inc. Common Stock",N,N,otherlisted,materials_mining,us_energy_materials,member,False,name_keyword,medium,338.0,293315155.380249,False,
FLUT,FLUT,Flutter Entertainment plc Ordinary Shares,N,N,otherlisted,us_unclassified_stock,us_unclassified,member,False,unclassified,low,339.0,292988175.39253235,False,
MTZ,MTZ,"MasTec, Inc. Common Stock",N,N,otherlisted,us_unclassified_stock,us_unclassified,member,False,unclassified,low,340.0,292883242.6208496,True,grid_engineering
HUM,HUM,Humana Inc. Common Stock,N,N,otherlisted,health_insurance,us_healthcare,leader,True,exact_symbol,high,341.0,292210057.12280273,False,
MTSI,MTSI,"MACOM Technology Solutions Holdings, Inc. - Common Stock",NASDAQ,N,nasdaqlisted,us_unclassified_stock,us_unclassified,member,False,unclassified,low,342.0,290579881.2194824,False,
DKNG,DKNG,DraftKings Inc. - Class A Common Stock,NASDAQ,N,nasdaqlisted,us_unclassified_stock,us_unclassified,member,False,unclassified,low,343.0,288935235.6939316,False,
RVMD,RVMD,"Revolution Medicines, Inc. - Common Stock",NASDAQ,N,nasdaqlisted,us_unclassified_stock,us_unclassified,member,False,unclassified,low,344.0,288390896.69647217,False,
MKSI,MKSI,MKS Inc. - Common Stock,NASDAQ,N,nasdaqlisted,us_unclassified_stock,us_unclassified,member,False,unclassified,low,345.0,288275940.90270996,False,
ALL,ALL,Allstate Corporation (The) Common Stock,N,N,otherlisted,us_unclassified_stock,us_unclassified,member,False,unclassified,low,346.0,288113820.86792,False,
NVT,NVT,nVent Electric plc Ordinary Shares,N,N,otherlisted,us_unclassified_stock,us_unclassified,member,False,unclassified,low,347.0,288095322.1748352,True,thermal_power
FAST,FAST,Fastenal Company - Common Stock,NASDAQ,N,nasdaqlisted,us_unclassified_stock,us_unclassified,member,False,unclassified,low,348.0,286598721.3983536,False,
PSA,PSA,Public Storage Common Stock,N,N,otherlisted,us_unclassified_stock,us_unclassified,member,False,unclassified,low,349.0,286525839.9002075,False,
STZ,STZ,"Constellation Brands, Inc. Common Stock",N,N,otherlisted,us_unclassified_stock,us_unclassified,member,False,unclassified,low,350.0,286496352.87323,False,
HUBB,HUBB,Hubbell Inc Common Stock,N,N,otherlisted,switchgear,us_industrial,leader,True,exact_symbol,high,351.0,285055572.2722168,True,thermal_power
WAT,WAT,Waters Corporation Common Stock,N,N,otherlisted,us_unclassified_stock,us_unclassified,member,False,unclassified,low,352.0,283608661.8438721,False,
CTVA,CTVA,"Corteva, Inc. Common Stock",N,N,otherlisted,us_unclassified_stock,us_unclassified,member,False,unclassified,low,353.0,283497176.9592285,False,
AIG,AIG,"American International Group, Inc. New Common Stock",N,N,otherlisted,us_unclassified_stock,us_unclassified,member,False,unclassified,low,354.0,283329333.7966919,False,
CVE,CVE,Cenovus Energy Inc Common Stock,N,N,otherlisted,energy_oil_gas,us_energy_materials,member,False,name_keyword,medium,355.0,282480687.4259949,False,
EME,EME,"EMCOR Group, Inc. Common Stock",N,N,otherlisted,us_unclassified_stock,us_unclassified,member,False,unclassified,low,356.0,280595220.2453613,True,thermal_power
APA,APA,APA Corporation - Common Stock,NASDAQ,N,nasdaqlisted,us_unclassified_stock,us_unclassified,member,False,unclassified,low,357.0,280056434.30366516,False,
SPG,SPG,"Simon Property Group, Inc. Common Stock",N,N,otherlisted,us_unclassified_stock,us_unclassified,member,False,unclassified,low,358.0,278572123.8746643,False,
D,D,"Dominion Energy, Inc. Common Stock",N,N,otherlisted,energy_oil_gas,us_energy_materials,member,False,name_keyword,medium,359.0,277951866.3690567,False,
CRS,CRS,Carpenter Technology Corporation Common Stock,N,N,otherlisted,us_unclassified_stock,us_unclassified,member,False,unclassified,low,360.0,277604616.8960571,False,
GTLS,GTLS,"Chart Industries, Inc. Common Stock",N,N,otherlisted,us_unclassified_stock,us_unclassified,member,False,unclassified,low,361.0,277301371.6201782,False,
OTIS,OTIS,Otis Worldwide Corporation Common Stock,N,N,otherlisted,us_unclassified_stock,us_unclassified,member,False,unclassified,low,362.0,276855899.6810913,False,
DXCM,DXCM,"DexCom, Inc. - Common Stock",NASDAQ,N,nasdaqlisted,us_unclassified_stock,us_unclassified,member,False,unclassified,low,363.0,276277057.327652,False,
STT,STT,State Street Corporation Common Stock,N,N,otherlisted,us_unclassified_stock,us_unclassified,member,False,unclassified,low,364.0,276248849.8023987,False,
AMP,AMP,"Ameriprise Financial, Inc. Common Stock",N,N,otherlisted,us_unclassified_stock,us_unclassified,member,False,unclassified,low,365.0,275362842.5903321,False,
KEY,KEY,KeyCorp Common Stock,N,N,otherlisted,us_unclassified_stock,us_unclassified,member,False,unclassified,low,366.0,274033862.15724945,False,
NUE,NUE,Nucor Corporation Common Stock,N,N,otherlisted,materials_steel,us_energy_materials,leader,True,exact_symbol,high,367.0,273622786.0054016,False,
SYY,SYY,Sysco Corporation Common Stock,N,N,otherlisted,us_unclassified_stock,us_unclassified,member,False,unclassified,low,368.0,273223976.72424316,False,
ATI,ATI,ATI Inc. Common Stock,N,N,otherlisted,us_unclassified_stock,us_unclassified,member,False,unclassified,low,369.0,272923081.70928955,False,
FIS,FIS,"Fidelity National Information Services, Inc. Common Stock",N,N,otherlisted,us_unclassified_stock,us_unclassified,member,False,unclassified,low,370.0,271783476.1949539,False,
KGC,KGC,Kinross Gold Corporation Common Stock,N,N,otherlisted,us_unclassified_stock,us_unclassified,member,False,unclassified,low,371.0,271388600.3168106,False,
PPL,PPL,PPL Corporation Common Stock,N,N,otherlisted,us_unclassified_stock,us_unclassified,member,False,unclassified,low,372.0,271203513.2343292,False,
KDP,KDP,Keurig Dr Pepper Inc. - Common Stock,NASDAQ,N,nasdaqlisted,us_unclassified_stock,us_unclassified,member,False,unclassified,low,373.0,270742059.88111496,False,
NTRA,NTRA,"Natera, Inc. - Common Stock",NASDAQ,N,nasdaqlisted,us_unclassified_stock,us_unclassified,member,False,unclassified,low,374.0,269181301.79672235,False,
ADM,ADM,Archer-Daniels-Midland Company Common Stock,N,N,otherlisted,us_unclassified_stock,us_unclassified,member,False,unclassified,low,375.0,268422141.07513428,False,
AFRM,AFRM,"Affirm Holdings, Inc. - Class A Common Stock",NASDAQ,N,nasdaqlisted,us_unclassified_stock,us_unclassified,member,False,unclassified,low,376.0,267672443.72901917,False,
LPLA,LPLA,LPL Financial Holdings Inc. - Common Stock,NASDAQ,N,nasdaqlisted,us_unclassified_stock,us_unclassified,member,False,unclassified,low,377.0,265776308.49609375,False,
ROKU,ROKU,"Roku, Inc. - Class A Common Stock",NASDAQ,N,nasdaqlisted,us_unclassified_stock,us_unclassified,member,False,unclassified,low,378.0,264765748.03123474,False,
CBRE,CBRE,CBRE Group Inc Common Stock Class A,N,N,otherlisted,us_unclassified_stock,us_unclassified,member,False,unclassified,low,379.0,262741479.60128784,False,
SMTC,SMTC,Semtech Corporation - Common Stock,NASDAQ,N,nasdaqlisted,us_unclassified_stock,us_unclassified,member,False,unclassified,low,380.0,262361136.819458,False,
FTI,FTI,TechnipFMC plc Ordinary Share,N,N,otherlisted,us_unclassified_stock,us_unclassified,member,False,unclassified,low,381.0,262041677.70996094,False,
FSLY,FSLY,"Fastly, Inc. - Class A Common Stock",NASDAQ,N,nasdaqlisted,us_unclassified_stock,us_unclassified,member,False,unclassified,low,382.0,261225871.40750888,False,
TOST,TOST,"Toast, Inc. Class A Common Stock",N,N,otherlisted,us_unclassified_stock,us_unclassified,member,False,unclassified,low,383.0,260786292.59986877,False,
KTOS,KTOS,"Kratos Defense & Security Solutions, Inc. - Common Stock",NASDAQ,N,nasdaqlisted,us_unclassified_stock,us_unclassified,member,False,unclassified,low,384.0,260164088.8809204,True,space_ev_defense
SCCO,SCCO,Southern Copper Corporation Common Stock,N,N,otherlisted,us_unclassified_stock,us_unclassified,member,False,unclassified,low,385.0,259490558.90972137,False,
GEHC,GEHC,GE HealthCare Technologies Inc. - Common Stock,NASDAQ,N,nasdaqlisted,us_unclassified_stock,us_unclassified,member,False,unclassified,low,386.0,259019619.41757202,False,
MDLN,MDLN,Medline Inc. - Class A common stock,NASDAQ,N,nasdaqlisted,us_unclassified_stock,us_unclassified,member,False,unclassified,low,387.0,258707873.27060694,False,
FRVO,FRVO,Fervo Energy Company - Class A common stock,NASDAQ,N,nasdaqlisted,energy_oil_gas,us_energy_materials,member,False,name_keyword,medium,388.0,258707390.33851624,False,
EFX,EFX,"Equifax, Inc. Common Stock",N,N,otherlisted,us_unclassified_stock,us_unclassified,member,False,unclassified,low,389.0,258648121.6621399,False,
HL,HL,Hecla Mining Company Common Stock,N,N,otherlisted,materials_mining,us_energy_materials,member,False,name_keyword,medium,390.0,258212668.12725067,False,
AME,AME,"AMETEK, Inc.",N,N,otherlisted,us_unclassified_stock,us_unclassified,member,False,unclassified,low,391.0,258164400.0,False,
CCI,CCI,Crown Castle Inc. Common Stock,N,N,otherlisted,us_unclassified_stock,us_unclassified,member,False,unclassified,low,392.0,257012626.55143738,True,data_center_reit
OKTA,OKTA,"Okta, Inc. - Class A Common Stock",NASDAQ,N,nasdaqlisted,us_unclassified_stock,us_unclassified,member,False,unclassified,low,393.0,255728409.08241272,False,
SYF,SYF,Synchrony Financial Common Stock,N,N,otherlisted,us_unclassified_stock,us_unclassified,member,False,unclassified,low,394.0,255345732.55233765,False,
CFG,CFG,"Citizens Financial Group, Inc. Common Stock",N,N,otherlisted,us_unclassified_stock,us_unclassified,member,False,unclassified,low,395.0,253513855.62763214,False,
XPO,XPO,"XPO, Inc. Common Stock",N,N,otherlisted,us_unclassified_stock,us_unclassified,member,False,unclassified,low,396.0,252720863.1515503,False,
CNC,CNC,Centene Corporation Common Stock,N,N,otherlisted,us_unclassified_stock,us_unclassified,member,False,unclassified,low,397.0,252158554.96730804,False,
AU,AU,AngloGold Ashanti PLC Ordinary Shares,N,N,otherlisted,us_unclassified_stock,us_unclassified,member,False,unclassified,low,398.0,251721297.01538086,False,
NDAQ,NDAQ,"Nasdaq, Inc. - Common Stock",NASDAQ,N,nasdaqlisted,us_unclassified_stock,us_unclassified,member,False,unclassified,low,399.0,250074624.8714447,False,
IQV,IQV,"IQVIA Holdings, Inc. Common Stock",N,N,otherlisted,us_unclassified_stock,us_unclassified,member,False,unclassified,low,400.0,249917978.07769775,False,
CPRT,CPRT,"Copart, Inc. - Common Stock",NASDAQ,N,nasdaqlisted,us_unclassified_stock,us_unclassified,member,False,unclassified,low,401.0,249387461.5091324,False,
CBOE,CBOE,"Cboe Global Markets, Inc. Common Stock",Z,N,otherlisted,us_unclassified_stock,us_unclassified,member,False,unclassified,low,402.0,247299645.06835938,False,
RIO,RIO,Rio Tinto Plc Common Stock,N,N,otherlisted,us_unclassified_stock,us_unclassified,member,False,unclassified,low,403.0,247290104.24423218,False,
MET,MET,"MetLife, Inc. Common Stock",N,N,otherlisted,us_unclassified_stock,us_unclassified,member,False,unclassified,low,404.0,247219381.08062744,False,
SU,SU,Suncor Energy  Inc. Common Stock,N,N,otherlisted,energy_oil_gas,us_energy_materials,member,False,name_keyword,medium,405.0,246320054.64782715,False,
U,U,Unity Software Inc. Common Stock,N,N,otherlisted,us_unclassified_stock,us_unclassified,member,False,unclassified,low,406.0,245676879.5030594,False,
XYL,XYL,Xylem Inc. Common Stock New,N,N,otherlisted,us_unclassified_stock,us_unclassified,member,False,unclassified,low,407.0,245167620.7824707,False,
YUM,YUM,"Yum! Brands, Inc.",N,N,otherlisted,us_unclassified_stock,us_unclassified,member,False,unclassified,low,408.0,244171607.1510315,False,
RMD,RMD,ResMed Inc. Common Stock,N,N,otherlisted,us_unclassified_stock,us_unclassified,member,False,unclassified,low,409.0,243409417.6368713,False,
TEM,TEM,"Tempus AI, Inc. - Class A Common Stock",NASDAQ,N,nasdaqlisted,us_unclassified_stock,us_unclassified,member,False,unclassified,low,410.0,242741816.2460327,False,
VIAV,VIAV,Viavi Solutions Inc. - Common Stock,NASDAQ,N,nasdaqlisted,us_unclassified_stock,us_unclassified,member,False,unclassified,low,411.0,241173213.6762619,False,
TKO,TKO,"TKO Group Holdings, Inc. Class A Common Stock",N,N,otherlisted,us_unclassified_stock,us_unclassified,member,False,unclassified,low,412.0,241067456.300354,False,
LEN,LEN,Lennar Corporation Class A Common Stock,N,N,otherlisted,us_unclassified_stock,us_unclassified,member,False,unclassified,low,413.0,240417506.9595337,False,
THC,THC,Tenet Healthcare Corporation Common Stock,N,N,otherlisted,us_unclassified_stock,us_unclassified,member,False,unclassified,low,414.0,239240195.3546142,False,
TLN,TLN,Talen Energy Corporation - Common Stock,NASDAQ,N,nasdaqlisted,energy_oil_gas,us_energy_materials,member,False,name_keyword,medium,415.0,239130898.84643555,False,
CLX,CLX,Clorox Company (The) Common Stock,N,N,otherlisted,us_unclassified_stock,us_unclassified,member,False,unclassified,low,416.0,238377741.6240692,False,
BN,BN,Brookfield Corporation Class A Limited Voting Shares,N,N,otherlisted,us_unclassified_stock,us_unclassified,member,False,unclassified,low,417.0,237860376.40247345,False,
AFL,AFL,AFLAC Incorporated Common Stock,N,N,otherlisted,us_unclassified_stock,us_unclassified,member,False,unclassified,low,418.0,236180791.2902832,False,
BURL,BURL,"Burlington Stores, Inc. Common Stock",N,N,otherlisted,us_unclassified_stock,us_unclassified,member,False,unclassified,low,419.0,235184884.30023193,False,
A,A,"Agilent Technologies, Inc. Common Stock",N,N,otherlisted,us_unclassified_stock,us_unclassified,member,False,unclassified,low,420.0,234854136.43951413,False,
CAVA,CAVA,"CAVA Group, Inc. Common Stock",N,N,otherlisted,us_unclassified_stock,us_unclassified,member,False,unclassified,low,421.0,234814594.96269226,False,
MOS,MOS,Mosaic Company (The) Common Stock,N,N,otherlisted,us_unclassified_stock,us_unclassified,member,False,unclassified,low,422.0,234305079.20064926,False,
VIK,VIK,Viking Holdings Ltd Ordinary Shares,N,N,otherlisted,us_unclassified_stock,us_unclassified,member,False,unclassified,low,423.0,234162426.69067383,False,
BTI,BTI,"British American Tobacco  Industries, p.l.c. Common Stock ADR",N,N,otherlisted,us_unclassified_stock,us_unclassified,member,False,unclassified,low,424.0,233891471.57936096,False,
CSGP,CSGP,"CoStar Group, Inc. - Common Stock",NASDAQ,N,nasdaqlisted,us_unclassified_stock,us_unclassified,member,False,unclassified,low,425.0,233868007.7030182,False,
WWD,WWD,"Woodward, Inc. - Common Stock",NASDAQ,N,nasdaqlisted,us_unclassified_stock,us_unclassified,member,False,unclassified,low,426.0,233737255.0048828,False,
RMBS,RMBS,"Rambus, Inc. - Common Stock",NASDAQ,N,nasdaqlisted,us_unclassified_stock,us_unclassified,member,False,unclassified,low,427.0,233245829.89501953,False,
CORZ,CORZ,"Core Scientific, Inc. - Common Stock",NASDAQ,N,nasdaqlisted,us_unclassified_stock,us_unclassified,member,False,unclassified,low,428.0,233086105.10721207,False,
MOD,MOD,Modine Manufacturing Company Common Stock,N,N,otherlisted,us_unclassified_stock,us_unclassified,member,False,unclassified,low,429.0,232553752.52456662,True,thermal_power
ENB,ENB,Enbridge Inc Common Stock,N,N,otherlisted,us_unclassified_stock,us_unclassified,member,False,unclassified,low,430.0,230876066.56455994,False,
QXO,QXO,"QXO, Inc. Common Stock",N,N,otherlisted,us_unclassified_stock,us_unclassified,member,False,unclassified,low,431.0,230246220.80450058,False,
FIVE,FIVE,"Five Below, Inc. - Common Stock",NASDAQ,N,nasdaqlisted,us_unclassified_stock,us_unclassified,member,False,unclassified,low,432.0,229947602.63519287,False,
CELH,CELH,"Celsius Holdings, Inc. - Common Stock",NASDAQ,N,nasdaqlisted,us_unclassified_stock,us_unclassified,member,False,unclassified,low,433.0,229734450.20532608,False,
OWL,OWL,Blue Owl Capital Inc. Class A Common Stock,N,N,otherlisted,us_unclassified_stock,us_unclassified,member,False,unclassified,low,434.0,229647094.14215088,False,
TTMI,TTMI,"TTM Technologies, Inc. - Common Stock",NASDAQ,N,nasdaqlisted,us_unclassified_stock,us_unclassified,member,False,unclassified,low,435.0,228538099.66506958,False,
OVV,OVV,Ovintiv Inc. (DE),N,N,otherlisted,us_unclassified_stock,us_unclassified,member,False,unclassified,low,436.0,228276095.3748703,False,
DKS,DKS,Dick's Sporting Goods Inc Common Stock,N,N,otherlisted,us_unclassified_stock,us_unclassified,member,False,unclassified,low,437.0,228072716.24450684,False,
AMKR,AMKR,"Amkor Technology, Inc. - Common Stock",NASDAQ,N,nasdaqlisted,us_unclassified_stock,us_unclassified,member,False,unclassified,low,438.0,227967586.82022092,False,
SNAP,SNAP,Snap Inc. Class A Common Stock,N,N,otherlisted,us_unclassified_stock,us_unclassified,member,False,unclassified,low,439.0,227808094.09148693,False,
WAB,WAB,Westinghouse Air Brake Technologies Corporation Common Stock,N,N,otherlisted,us_unclassified_stock,us_unclassified,member,False,unclassified,low,440.0,227479092.42858887,False,
JOBY,JOBY,"Joby Aviation, Inc. Common Stock",N,N,otherlisted,us_unclassified_stock,us_unclassified,member,False,unclassified,low,441.0,227264692.14291573,True,space_ev_defense
AWK,AWK,"American Water Works Company, Inc. Common Stock",N,N,otherlisted,us_unclassified_stock,us_unclassified,member,False,unclassified,low,442.0,226817136.23809814,False,
Q,Q,"Qnity Electronics, Inc. Common Stock",N,N,otherlisted,us_unclassified_stock,us_unclassified,member,False,unclassified,low,443.0,226470001.70440674,False,
FLY,FLY,Firefly Aerospace Inc. - Common Stock,NASDAQ,N,nasdaqlisted,us_unclassified_stock,us_unclassified,member,False,unclassified,low,444.0,226213677.6594162,False,
CLSK,CLSK,"CleanSpark, Inc. - Common Stock",NASDAQ,N,nasdaqlisted,us_unclassified_stock,us_unclassified,member,False,unclassified,low,445.0,224973155.25636673,False,
NTAP,NTAP,"NetApp, Inc. - Common Stock",NASDAQ,N,nasdaqlisted,us_unclassified_stock,us_unclassified,member,False,unclassified,low,446.0,224111638.57269287,True,server_network
HDB,HDB,HDFC Bank Limited Common Stock,N,N,otherlisted,fin_bank,us_finance,member,False,name_keyword,medium,447.0,223804607.85102844,False,
DT,DT,"Dynatrace, Inc. Common Stock",N,N,otherlisted,us_unclassified_stock,us_unclassified,member,False,unclassified,low,448.0,223062610.5649948,False,
DRI,DRI,"Darden Restaurants, Inc. Common Stock",N,N,otherlisted,us_unclassified_stock,us_unclassified,member,False,unclassified,low,449.0,222118279.4013977,False,
RIG,RIG,Transocean Ltd (Switzerland) Common Stock,N,N,otherlisted,us_unclassified_stock,us_unclassified,member,False,unclassified,low,450.0,222015368.77059937,False,
STRL,STRL,"Sterling Infrastructure, Inc. - Common Stock",NASDAQ,N,nasdaqlisted,us_unclassified_stock,us_unclassified,member,False,unclassified,low,451.0,220606610.46142578,False,
IT,IT,"Gartner, Inc. Common Stock",N,N,otherlisted,us_unclassified_stock,us_unclassified,member,False,unclassified,low,452.0,219602155.52368164,False,
ONON,ONON,On Holding AG Class A Ordinary Shares,N,N,otherlisted,us_unclassified_stock,us_unclassified,member,False,unclassified,low,453.0,218997554.26273346,False,
ENPH,ENPH,"Enphase Energy, Inc. - Common Stock",NASDAQ,N,nasdaqlisted,energy_oil_gas,us_energy_materials,member,False,name_keyword,medium,454.0,218767384.64889526,False,
PHM,PHM,"PulteGroup, Inc. Common Stock",N,N,otherlisted,us_unclassified_stock,us_unclassified,member,False,unclassified,low,455.0,218642479.76722717,False,
VRSN,VRSN,"VeriSign, Inc. - Common Stock",NASDAQ,N,nasdaqlisted,us_unclassified_stock,us_unclassified,member,False,unclassified,low,456.0,217460386.27624512,False,
STLD,STLD,"Steel Dynamics, Inc. - Common Stock",NASDAQ,N,nasdaqlisted,us_unclassified_stock,us_unclassified,member,False,unclassified,low,457.0,217246332.85446167,False,
VICI,VICI,VICI Properties Inc. Common Stock,N,N,otherlisted,us_unclassified_stock,us_unclassified,member,False,unclassified,low,458.0,217208045.8267212,False,
WING,WING,Wingstop Inc. - Common Stock,NASDAQ,N,nasdaqlisted,us_unclassified_stock,us_unclassified,member,False,unclassified,low,459.0,216533731.54144287,False,
AVAV,AVAV,"AeroVironment, Inc. - Common Stock",NASDAQ,N,nasdaqlisted,us_unclassified_stock,us_unclassified,member,False,unclassified,low,460.0,216511208.7432861,True,space_ev_defense
WCN,WCN,"Waste Connections, Inc. Common Shares",N,N,otherlisted,us_unclassified_stock,us_unclassified,member,False,unclassified,low,461.0,215913842.02957153,False,
NXT,NXT,Nextpower Inc. - Class A Common Stock,NASDAQ,N,nasdaqlisted,us_unclassified_stock,us_unclassified,member,False,unclassified,low,462.0,215650005.52215576,False,
ONTO,ONTO,Onto Innovation Inc. Common Stock,N,N,otherlisted,us_unclassified_stock,us_unclassified,member,False,unclassified,low,463.0,214784020.86639404,False,
BBY,BBY,"Best Buy Co., Inc. Common Stock",N,N,otherlisted,us_unclassified_stock,us_unclassified,member,False,unclassified,low,464.0,214701401.7024994,False,
MTB,MTB,M&T Bank Corporation Common Stock,N,N,otherlisted,fin_bank,us_finance,member,False,name_keyword,medium,465.0,214496468.35327148,False,
IP,IP,International Paper Company Common Stock,N,N,otherlisted,us_unclassified_stock,us_unclassified,member,False,unclassified,low,466.0,214215578.8963318,False,
LII,LII,"Lennox International, Inc. Common Stock",N,N,otherlisted,us_unclassified_stock,us_unclassified,member,False,unclassified,low,467.0,213516679.9041748,False,
AEIS,AEIS,"Advanced Energy Industries, Inc. - Common Stock",NASDAQ,N,nasdaqlisted,energy_oil_gas,us_energy_materials,member,False,name_keyword,medium,468.0,213499557.70263672,False,
GPN,GPN,Global Payments Inc. Common Stock,N,N,otherlisted,us_unclassified_stock,us_unclassified,member,False,unclassified,low,469.0,212856646.6140747,False,
BG,BG,Bunge Limited Common Shares,N,N,otherlisted,us_unclassified_stock,us_unclassified,member,False,unclassified,low,470.0,212566120.42541504,False,
PODD,PODD,Insulet Corporation - Common Stock,NASDAQ,N,nasdaqlisted,us_unclassified_stock,us_unclassified,member,False,unclassified,low,471.0,212049294.72961423,False,
CP,CP,Canadian Pacific Kansas City Limited Common Shares,N,N,otherlisted,us_unclassified_stock,us_unclassified,member,False,unclassified,low,472.0,211281504.47807312,False,
SGI,SGI,Somnigroup International Inc. Common Stock,N,N,otherlisted,us_unclassified_stock,us_unclassified,member,False,unclassified,low,473.0,211272815.10772705,False,
PEG,PEG,Public Service Enterprise Group Incorporated Common Stock,N,N,otherlisted,us_unclassified_stock,us_unclassified,member,False,unclassified,low,474.0,211140474.3637085,False,
NVS,NVS,Novartis AG Common Stock,N,N,otherlisted,us_unclassified_stock,us_unclassified,member,False,unclassified,low,475.0,210892465.90576172,False,
RY,RY,Royal Bank Of Canada Common Stock,N,N,otherlisted,fin_bank,us_finance,member,False,name_keyword,medium,476.0,210254380.92193604,False,
FE,FE,FirstEnergy Corp. Common Stock,N,N,otherlisted,energy_oil_gas,us_energy_materials,member,False,name_keyword,medium,477.0,210221775.44403076,False,
WST,WST,"West Pharmaceutical Services, Inc. Common Stock",N,N,otherlisted,biotech,us_healthcare,member,False,name_keyword,medium,478.0,209970529.15649414,False,
RL,RL,Ralph Lauren Corporation Common Stock,N,N,otherlisted,us_unclassified_stock,us_unclassified,member,False,unclassified,low,479.0,208565938.31481934,False,
WSM,WSM,"Williams-Sonoma, Inc. Common Stock (DE)",N,N,otherlisted,us_unclassified_stock,us_unclassified,member,False,unclassified,low,480.0,206689850.59890747,False,
BWXT,BWXT,"BWX Technologies, Inc. Common Stock",N,N,otherlisted,us_unclassified_stock,us_unclassified,member,False,unclassified,low,481.0,206507717.78945923,False,
WEC,WEC,"WEC Energy Group, Inc. Common Stock",N,N,otherlisted,energy_oil_gas,us_energy_materials,member,False,name_keyword,medium,482.0,204339341.44630432,False,
WBS,WBS,Webster Financial Corporation Common Stock,N,N,otherlisted,us_unclassified_stock,us_unclassified,member,False,unclassified,low,483.0,202699170.63293457,False,
AEHR,AEHR,Aehr Test Systems - Common Stock,NASDAQ,N,nasdaqlisted,us_unclassified_stock,us_unclassified,member,False,unclassified,low,484.0,202559046.52023315,False,
RGLD,RGLD,"Royal Gold, Inc. - Common Stock",NASDAQ,N,nasdaqlisted,us_unclassified_stock,us_unclassified,member,False,unclassified,low,485.0,202244967.96875,False,
BROS,BROS,Dutch Bros Inc. Class A Common Stock,N,N,otherlisted,us_unclassified_stock,us_unclassified,member,False,unclassified,low,486.0,201321849.25842285,False,
LVS,LVS,Las Vegas Sands Corp. Common Stock,N,N,otherlisted,energy_oil_gas,us_energy_materials,member,False,name_keyword,medium,487.0,201156641.4937973,False,
BLD,BLD,TopBuild Corp. Common Stock,N,N,otherlisted,us_unclassified_stock,us_unclassified,member,False,unclassified,low,488.0,200889697.76000977,False,
CAG,CAG,"ConAgra Brands, Inc. Common Stock",N,N,otherlisted,us_unclassified_stock,us_unclassified,member,False,unclassified,low,489.0,200486171.63734436,False,
SN,SN,"SharkNinja, Inc. Ordinary Shares",N,N,otherlisted,us_unclassified_stock,us_unclassified,member,False,unclassified,low,490.0,200232350.2796173,False,
ED,ED,"Consolidated Edison, Inc. Common Stock",N,N,otherlisted,us_unclassified_stock,us_unclassified,member,False,unclassified,low,491.0,199769718.3517456,False,
USFD,USFD,US Foods Holding Corp. Common Stock,N,N,otherlisted,us_unclassified_stock,us_unclassified,member,False,unclassified,low,492.0,199377501.91383362,False,
JBHT,JBHT,"J.B. Hunt Transport Services, Inc. - Common Stock",NASDAQ,N,nasdaqlisted,us_unclassified_stock,us_unclassified,member,False,unclassified,low,493.0,199066714.7827148,False,
PPG,PPG,"PPG Industries, Inc. Common Stock",N,N,otherlisted,us_unclassified_stock,us_unclassified,member,False,unclassified,low,494.0,198098537.53700253,False,
DECK,DECK,Deckers Outdoor Corporation Common Stock,N,N,otherlisted,us_unclassified_stock,us_unclassified,member,False,unclassified,low,495.0,197594519.7845459,False,
RRX,RRX,Regal Rexnord Corporation Common Stock,N,N,otherlisted,us_unclassified_stock,us_unclassified,member,False,unclassified,low,496.0,197473691.46881104,False,
RACE,RACE,Ferrari N.V. Common Shares,N,N,otherlisted,us_unclassified_stock,us_unclassified,member,False,unclassified,low,497.0,196918110.64300537,False,
FFIV,FFIV,"F5, Inc. - Common Stock",NASDAQ,N,nasdaqlisted,us_unclassified_stock,us_unclassified,member,False,unclassified,low,498.0,196529735.01586914,False,
PLUG,PLUG,"Plug Power, Inc. - Common Stock",NASDAQ,N,nasdaqlisted,us_unclassified_stock,us_unclassified,member,False,unclassified,low,499.0,196477041.48037434,False,
MTD,MTD,"Mettler-Toledo International, Inc. Common Stock",N,N,otherlisted,us_unclassified_stock,us_unclassified,member,False,unclassified,low,500.0,196291895.68481445,False,
AR,AR,Antero Resources Corporation Common Stock,N,N,otherlisted,us_unclassified_stock,us_unclassified,member,False,unclassified,low,501.0,195211837.70751953,False,
RJF,RJF,"Raymond James Financial, Inc. Common Stock",N,N,otherlisted,us_unclassified_stock,us_unclassified,member,False,unclassified,low,502.0,194887943.8293457,False,
DOV,DOV,Dover Corporation Common Stock,N,N,otherlisted,us_unclassified_stock,us_unclassified,member,False,unclassified,low,503.0,194423352.7015686,False,
SUNB,SUNB,"Sunbelt Rentals Holdings, Inc. Common Stock",N,N,otherlisted,us_unclassified_stock,us_unclassified,member,False,unclassified,low,504.0,194280725.43506622,False,
SBAC,SBAC,SBA Communications Corporation - Class A Common Stock,NASDAQ,N,nasdaqlisted,us_unclassified_stock,us_unclassified,member,False,unclassified,low,505.0,193049922.74246216,False,
GFS,GFS,GlobalFoundries Inc. - Ordinary Share,NASDAQ,N,nasdaqlisted,semi_foundry_idm,us_semiconductor,member,False,exact_symbol,high,506.0,192964738.5169983,True,us981a_ai_theme
PRU,PRU,"Prudential Financial, Inc. Common Stock",N,N,otherlisted,us_unclassified_stock,us_unclassified,member,False,unclassified,low,507.0,192953319.77653503,False,
TD,TD,Toronto Dominion Bank (The) Common Stock,N,N,otherlisted,fin_bank,us_finance,member,False,name_keyword,medium,508.0,192393468.8911438,False,
BIIB,BIIB,Biogen Inc. - Common Stock,NASDAQ,N,nasdaqlisted,biotech,us_healthcare,member,False,exact_symbol,high,509.0,191754494.0689087,False,
EIX,EIX,Edison International Common Stock,N,N,otherlisted,us_unclassified_stock,us_unclassified,member,False,unclassified,low,510.0,191262834.76715088,False,
SOUN,SOUN,"SoundHound AI, Inc. - Class A Common Stock",NASDAQ,N,nasdaqlisted,us_unclassified_stock,us_unclassified,member,False,unclassified,low,511.0,191059081.28437996,False,
MKC,MKC,"McCormick & Company, Incorporated Common Stock",N,N,otherlisted,us_unclassified_stock,us_unclassified,member,False,unclassified,low,512.0,190834318.59817505,False,
CMS,CMS,CMS Energy Corporation Common Stock,N,N,otherlisted,energy_oil_gas,us_energy_materials,member,False,name_keyword,medium,513.0,190577958.01506042,False,
LYFT,LYFT,"Lyft, Inc. - Class A Common Stock",NASDAQ,N,nasdaqlisted,us_unclassified_stock,us_unclassified,member,False,unclassified,low,514.0,190501517.84648895,False,
FORM,FORM,"FormFactor, Inc. - Common Stock",NASDAQ,N,nasdaqlisted,us_unclassified_stock,us_unclassified,member,False,unclassified,low,515.0,189601003.90319824,False,
ILMN,ILMN,"Illumina, Inc. - Common Stock",NASDAQ,N,nasdaqlisted,us_unclassified_stock,us_unclassified,member,False,unclassified,low,516.0,189358155.0567627,False,
BRO,BRO,"Brown & Brown, Inc. Common Stock",N,N,otherlisted,us_unclassified_stock,us_unclassified,member,False,unclassified,low,517.0,189265000.17433167,False,
CNP,CNP,"CenterPoint Energy, Inc (Holding Co) Common Stock",N,N,otherlisted,energy_oil_gas,us_energy_materials,member,False,name_keyword,medium,518.0,188680196.5866089,False,
GPC,GPC,Genuine Parts Company Common Stock,N,N,otherlisted,us_unclassified_stock,us_unclassified,member,False,unclassified,low,519.0,187854997.01690674,False,
FNV,FNV,Franco-Nevada Corporation,N,N,otherlisted,us_unclassified_stock,us_unclassified,member,False,unclassified,low,520.0,187377149.19433594,False,
AEE,AEE,Ameren Corporation Common Stock,N,N,otherlisted,us_unclassified_stock,us_unclassified,member,False,unclassified,low,521.0,187376817.21496582,False,
FDS,FDS,FactSet Research Systems Inc. Common Stock,N,N,otherlisted,us_unclassified_stock,us_unclassified,member,False,unclassified,low,522.0,187365454.4921875,False,
TECK,TECK,Teck Resources Ltd Ordinary Shares,N,N,otherlisted,us_unclassified_stock,us_unclassified,member,False,unclassified,low,523.0,186520661.85836792,False,
UUUU,UUUU,Energy Fuels Inc Ordinary Shares (Canada),A,N,otherlisted,energy_oil_gas,us_energy_materials,member,False,name_keyword,medium,524.0,186410316.18146896,False,
CHWY,CHWY,"Chewy, Inc. Class A Common Stock",N,N,otherlisted,us_unclassified_stock,us_unclassified,member,False,unclassified,low,525.0,186096215.5468941,False,
AGX,AGX,"Argan, Inc. Common Stock",N,N,otherlisted,us_unclassified_stock,us_unclassified,member,False,unclassified,low,526.0,185746130.26733398,False,
TRI,TRI,Thomson Reuters Corp - Common Shares,NASDAQ,N,nasdaqlisted,us_unclassified_stock,us_unclassified,member,False,unclassified,low,527.0,184720158.84399414,False,
RBRK,RBRK,"Rubrik, Inc. Class A Common Stock",N,N,otherlisted,us_unclassified_stock,us_unclassified,member,False,unclassified,low,528.0,184563348.4741211,False,
ACGL,ACGL,Arch Capital Group Ltd. - Common Stock,NASDAQ,N,nasdaqlisted,us_unclassified_stock,us_unclassified,member,False,unclassified,low,529.0,184469034.33532718,False,
IBN,IBN,ICICI Bank Limited Common Stock,N,N,otherlisted,fin_bank,us_finance,member,False,name_keyword,medium,530.0,183540789.42775726,False,
GRAB,GRAB,Grab Holdings Limited - Class A Ordinary Shares,NASDAQ,N,nasdaqlisted,us_unclassified_stock,us_unclassified,member,False,unclassified,low,531.0,183517277.1439791,False,
GRMN,GRMN,Garmin Ltd. Common Stock (Switzerland),N,N,otherlisted,us_unclassified_stock,us_unclassified,member,False,unclassified,low,532.0,182915321.54312137,False,
TDY,TDY,Teledyne Technologies Incorporated Common Stock,N,N,otherlisted,us_unclassified_stock,us_unclassified,member,False,unclassified,low,533.0,182743952.62145996,False,
HIG,HIG,"The Hartford Insurance Group, Inc. Common Stock",N,N,otherlisted,us_unclassified_stock,us_unclassified,member,False,unclassified,low,534.0,181811413.99612427,False,
CHD,CHD,"Church & Dwight Company, Inc. Common Stock",N,N,otherlisted,us_unclassified_stock,us_unclassified,member,False,unclassified,low,535.0,181003984.67636108,False,
ALGN,ALGN,"Align Technology, Inc. - Common Stock",NASDAQ,N,nasdaqlisted,us_unclassified_stock,us_unclassified,member,False,unclassified,low,536.0,180816917.81463623,False,
SWKS,SWKS,"Skyworks Solutions, Inc. - Common Stock",NASDAQ,N,nasdaqlisted,us_unclassified_stock,us_unclassified,member,False,unclassified,low,537.0,180446740.33470154,False,
LSCC,LSCC,Lattice Semiconductor Corporation - Common Stock,NASDAQ,N,nasdaqlisted,us_unclassified_stock,us_unclassified,member,False,unclassified,low,538.0,180219371.11206052,False,
ZBH,ZBH,"Zimmer Biomet Holdings, Inc. Common Stock",N,N,otherlisted,us_unclassified_stock,us_unclassified,member,False,unclassified,low,539.0,179719600.65574646,False,
GWRE,GWRE,"Guidewire Software, Inc. Common Stock",N,N,otherlisted,us_unclassified_stock,us_unclassified,member,False,unclassified,low,540.0,179569922.95455933,False,
BJ,BJ,"BJ's Wholesale Club Holdings, Inc. Common Stock",N,N,otherlisted,us_unclassified_stock,us_unclassified,member,False,unclassified,low,541.0,179523996.9215393,False,
NI,NI,NiSource Inc Common Stock,N,N,otherlisted,us_unclassified_stock,us_unclassified,member,False,unclassified,low,542.0,179222993.71089935,False,
SAIA,SAIA,"Saia, Inc. - Common Stock",NASDAQ,N,nasdaqlisted,us_unclassified_stock,us_unclassified,member,False,unclassified,low,543.0,179108659.375,False,
AER,AER,AerCap Holdings N.V. Ordinary Shares,N,N,otherlisted,us_unclassified_stock,us_unclassified,member,False,unclassified,low,544.0,178688288.65203857,False,
SSNC,SSNC,"SS&C Technologies Holdings, Inc. - Common Stock",NASDAQ,N,nasdaqlisted,us_unclassified_stock,us_unclassified,member,False,unclassified,low,545.0,178582218.85375977,False,
MOH,MOH,Molina Healthcare Inc Common Stock,N,N,otherlisted,us_unclassified_stock,us_unclassified,member,False,unclassified,low,546.0,178483053.48510742,False,
FOXA,FOXA,Fox Corporation - Class A Common Stock,NASDAQ,N,nasdaqlisted,us_unclassified_stock,us_unclassified,member,False,unclassified,low,547.0,177677248.4527588,False,
TPL,TPL,Texas Pacific Land Corporation Common Stock,N,N,otherlisted,us_unclassified_stock,us_unclassified,member,False,unclassified,low,548.0,176923884.4543457,False,
HEI,HEI,Heico Corporation Common Stock,N,N,otherlisted,us_unclassified_stock,us_unclassified,member,False,unclassified,low,549.0,176831304.43267822,False,
WIX,WIX,Wix.com Ltd. - Ordinary Shares,NASDAQ,N,nasdaqlisted,us_unclassified_stock,us_unclassified,member,False,unclassified,low,550.0,176623676.9958496,False,
KNX,KNX,Knight-Swift Transportation Holdings Inc.,N,N,otherlisted,us_unclassified_stock,us_unclassified,member,False,unclassified,low,551.0,175652269.9262619,False,
SJM,SJM,The J.M. Smucker Company Common Stock,N,N,otherlisted,us_unclassified_stock,us_unclassified,member,False,unclassified,low,552.0,174446467.3439026,False,
ZBRA,ZBRA,Zebra Technologies Corporation - Class A Common Stock,NASDAQ,N,nasdaqlisted,us_unclassified_stock,us_unclassified,member,False,unclassified,low,553.0,173878506.55517578,False,
GNRC,GNRC,Generac Holdlings Inc. Common Stock,N,N,otherlisted,us_unclassified_stock,us_unclassified,member,False,unclassified,low,554.0,173837576.1604309,False,
SITM,SITM,SiTime Corporation - Common Stock,NASDAQ,N,nasdaqlisted,us_unclassified_stock,us_unclassified,member,False,unclassified,low,555.0,173579940.23895264,False,
PKG,PKG,Packaging Corporation of America Common Stock,N,N,otherlisted,us_unclassified_stock,us_unclassified,member,False,unclassified,low,556.0,173505291.23382568,False,
TTE,TTE,TotalEnergies SE Ordinary Shares,N,N,otherlisted,us_unclassified_stock,us_unclassified,member,False,unclassified,low,557.0,172420254.15420532,False,
GAP,GAP,"Gap, Inc. (The) Common Stock",N,N,otherlisted,us_unclassified_stock,us_unclassified,member,False,unclassified,low,558.0,172148327.5505066,False,
TXRH,TXRH,"Texas Roadhouse, Inc. - Common Stock",NASDAQ,N,nasdaqlisted,us_unclassified_stock,us_unclassified,member,False,unclassified,low,559.0,171893267.29736328,False,
HST,HST,"Host Hotels & Resorts, Inc. - Common Stock",NASDAQ,N,nasdaqlisted,us_unclassified_stock,us_unclassified,member,False,unclassified,low,560.0,171421258.1896782,False,
HII,HII,"Huntington Ingalls Industries, Inc. Common Stock",N,N,otherlisted,us_unclassified_stock,us_unclassified,member,False,unclassified,low,561.0,170896795.28808594,False,
AMCR,AMCR,Amcor plc Ordinary Shares,N,N,otherlisted,us_unclassified_stock,us_unclassified,member,False,unclassified,low,562.0,170647416.05377197,False,
DTE,DTE,DTE Energy Company Common Stock,N,N,otherlisted,energy_oil_gas,us_energy_materials,member,False,name_keyword,medium,563.0,170380136.92703247,False,
MAS,MAS,Masco Corporation Common Stock,N,N,otherlisted,us_unclassified_stock,us_unclassified,member,False,unclassified,low,564.0,168911897.20802307,False,
BCS,BCS,Barclays PLC Common Stock,N,N,otherlisted,us_unclassified_stock,us_unclassified,member,False,unclassified,low,565.0,168586654.92725372,False,
PTC,PTC,PTC Inc. - Common Stock,NASDAQ,N,nasdaqlisted,us_unclassified_stock,us_unclassified,member,False,unclassified,low,566.0,167969083.4526062,False,
IOT,IOT,Samsara Inc. Class A Common Stock,N,N,otherlisted,us_unclassified_stock,us_unclassified,member,False,unclassified,low,567.0,166990093.73779297,False,
DOCU,DOCU,"DocuSign, Inc. - Common Stock",NASDAQ,N,nasdaqlisted,us_unclassified_stock,us_unclassified,member,False,unclassified,low,568.0,166853657.56206512,False,
P,P,"Everpure, Inc. Class A common stock",N,N,otherlisted,us_unclassified_stock,us_unclassified,member,False,unclassified,low,569.0,166853482.7835083,False,
DUOL,DUOL,"Duolingo, Inc. - Class A Common Stock",NASDAQ,N,nasdaqlisted,us_unclassified_stock,us_unclassified,member,False,unclassified,low,570.0,166619990.34233096,False,
CPAY,CPAY,"Corpay, Inc. Common Stock",N,N,otherlisted,us_unclassified_stock,us_unclassified,member,False,unclassified,low,571.0,166351967.9534912,False,
AGNC,AGNC,AGNC Investment Corp. - Common Stock,NASDAQ,N,nasdaqlisted,us_unclassified_stock,us_unclassified,member,False,unclassified,low,572.0,166137066.87688828,False,
GH,GH,"Guardant Health, Inc. - Common Stock",NASDAQ,N,nasdaqlisted,us_unclassified_stock,us_unclassified,member,False,unclassified,low,573.0,165871474.47509766,False,
ACHR,ACHR,Archer Aviation Inc. Class A Common Stock,N,N,otherlisted,us_unclassified_stock,us_unclassified,member,False,unclassified,low,574.0,165633337.59555817,True,space_ev_defense
DD,DD,"DuPont de Nemours, Inc. Common Stock",N,N,otherlisted,us_unclassified_stock,us_unclassified,member,False,unclassified,low,575.0,164976773.54335785,False,
TSN,TSN,"Tyson Foods, Inc. Common Stock",N,N,otherlisted,us_unclassified_stock,us_unclassified,member,False,unclassified,low,576.0,164745297.30148315,False,
SEDG,SEDG,"SolarEdge Technologies, Inc. - Common Stock",NASDAQ,N,nasdaqlisted,us_unclassified_stock,us_unclassified,member,False,unclassified,low,577.0,164732287.65964508,False,
FTV,FTV,Fortive Corporation Common Stock,N,N,otherlisted,us_unclassified_stock,us_unclassified,member,False,unclassified,low,578.0,164495792.3740387,False,
FPS,FPS,"Forgent Power Solutions, Inc. Class A Common Stock",N,N,otherlisted,us_unclassified_stock,us_unclassified,member,False,unclassified,low,579.0,164443291.2713318,False,
SFM,SFM,"Sprouts Farmers Market, Inc. - Common Stock",NASDAQ,N,nasdaqlisted,us_unclassified_stock,us_unclassified,member,False,unclassified,low,580.0,164372146.88110352,False,
CPB,CPB,The Campbell's Company - Common Stock,NASDAQ,N,nasdaqlisted,us_unclassified_stock,us_unclassified,member,False,unclassified,low,581.0,164286901.12552643,False,
EPAM,EPAM,"EPAM Systems, Inc. Common Stock",N,N,otherlisted,us_unclassified_stock,us_unclassified,member,False,unclassified,low,582.0,164212471.60491943,False,
NVMI,NVMI,Nova Ltd. - Ordinary Shares,NASDAQ,N,nasdaqlisted,us_unclassified_stock,us_unclassified,member,False,unclassified,low,583.0,164046241.9921875,False,
MUSA,MUSA,Murphy USA Inc. Common Stock,N,N,otherlisted,us_unclassified_stock,us_unclassified,member,False,unclassified,low,584.0,163970757.64770508,False,
ALK,ALK,"Alaska Air Group, Inc. Common Stock",N,N,otherlisted,us_unclassified_stock,us_unclassified,member,False,unclassified,low,585.0,163771961.75880432,False,
MASI,MASI,Masimo Corporation - Common Stock,NASDAQ,N,nasdaqlisted,us_unclassified_stock,us_unclassified,member,False,unclassified,low,586.0,163568990.7913208,False,
GDDY,GDDY,GoDaddy Inc. Class A Common Stock,N,N,otherlisted,us_unclassified_stock,us_unclassified,member,False,unclassified,low,587.0,163511685.83335876,False,
ATO,ATO,Atmos Energy Corporation Common Stock,N,N,otherlisted,energy_oil_gas,us_energy_materials,member,False,name_keyword,medium,588.0,163301322.09472656,False,
OPEN,OPEN,Opendoor Technologies Inc  - Common Stock,NASDAQ,N,nasdaqlisted,us_unclassified_stock,us_unclassified,member,False,unclassified,low,589.0,163147629.24342155,False,
APTV,APTV,Aptiv PLC Ordinary Shares,N,N,otherlisted,us_unclassified_stock,us_unclassified,member,False,unclassified,low,590.0,161736895.38002014,False,
CHKP,CHKP,Check Point Software Technologies Ltd. - Ordinary Shares,NASDAQ,N,nasdaqlisted,us_unclassified_stock,us_unclassified,member,False,unclassified,low,591.0,161718362.33215332,False,
FWONK,FWONK,Liberty Media Corporation - Series C Liberty Formula One Common Stock,NASDAQ,N,nasdaqlisted,us_unclassified_stock,us_unclassified,member,False,unclassified,low,592.0,161678781.1367035,False,
MGM,MGM,MGM Resorts International Common Stock,N,N,otherlisted,us_unclassified_stock,us_unclassified,member,False,unclassified,low,593.0,161308444.8726654,False,
BAM,BAM,Brookfield Asset Management Inc Class A Limited Voting Shares,N,N,otherlisted,us_unclassified_stock,us_unclassified,member,False,unclassified,low,594.0,160902108.253479,False,
JAZZ,JAZZ,Jazz Pharmaceuticals plc - Ordinary Shares,NASDAQ,N,nasdaqlisted,biotech,us_healthcare,member,False,name_keyword,medium,595.0,159505833.50906372,False,
CCEP,CCEP,Coca-Cola Europacific Partners plc - Ordinary Shares,NASDAQ,N,nasdaqlisted,us_unclassified_stock,us_unclassified,member,False,unclassified,low,596.0,159340479.8461914,False,
AVB,AVB,"AvalonBay Communities, Inc. Common Stock",N,N,otherlisted,us_unclassified_stock,us_unclassified,member,False,unclassified,low,597.0,158842891.5237427,False,
STE,STE,STERIS plc (Ireland) Ordinary Shares,N,N,otherlisted,us_unclassified_stock,us_unclassified,member,False,unclassified,low,598.0,158377792.71850586,False,
DGX,DGX,Quest Diagnostics Incorporated Common Stock,N,N,otherlisted,us_unclassified_stock,us_unclassified,member,False,unclassified,low,599.0,158098571.02966306,False,
WCC,WCC,"WESCO International, Inc. Common Stock",N,N,otherlisted,us_unclassified_stock,us_unclassified,member,False,unclassified,low,600.0,157767095.50323486,False,
TRP,TRP,TC Energy Corporation Common Stock,N,N,otherlisted,energy_oil_gas,us_energy_materials,member,False,name_keyword,medium,601.0,157306135.4587555,False,
INVH,INVH,Invitation Homes Inc. Common Stock,N,N,otherlisted,us_unclassified_stock,us_unclassified,member,False,unclassified,low,602.0,157268996.5909958,False,
ETSY,ETSY,"Etsy, Inc. Common Stock",N,N,otherlisted,us_unclassified_stock,us_unclassified,member,False,unclassified,low,603.0,157182931.20937347,False,
BBIO,BBIO,"BridgeBio Pharma, Inc. - Common Stock",NASDAQ,N,nasdaqlisted,us_unclassified_stock,us_unclassified,member,False,unclassified,low,604.0,156938400.0,False,
TRU,TRU,TransUnion Common Stock,N,N,otherlisted,us_unclassified_stock,us_unclassified,member,False,unclassified,low,605.0,156804912.04795837,False,
CG,CG,The Carlyle Group Inc. - Common Stock,NASDAQ,N,nasdaqlisted,us_unclassified_stock,us_unclassified,member,False,unclassified,low,606.0,156623389.286232,False,
POET,POET,POET Technologies Inc. - Common Shares,NASDAQ,N,nasdaqlisted,us_unclassified_stock,us_unclassified,member,False,unclassified,low,607.0,156610208.99891853,False,
VLTO,VLTO,Veralto Corp Common Stock,N,N,otherlisted,us_unclassified_stock,us_unclassified,member,False,unclassified,low,608.0,156590604.73692322,False,
PEN,PEN,"Penumbra, Inc. Common Stock",N,N,otherlisted,us_unclassified_stock,us_unclassified,member,False,unclassified,low,609.0,156421361.6906891,False,
ELF,ELF,"e.l.f. Beauty, Inc. Common Stock",N,N,otherlisted,us_unclassified_stock,us_unclassified,member,False,unclassified,low,610.0,155923811.22436523,False,
RCAT,RCAT,"Red Cat Holdings, Inc. - Common Stock",NASDAQ,N,nasdaqlisted,us_unclassified_stock,us_unclassified,member,False,unclassified,low,611.0,155881802.2661686,False,
LEU,LEU,Centrus Energy Corp. Class A Common Stock,N,N,otherlisted,energy_oil_gas,us_energy_materials,member,False,name_keyword,medium,612.0,154706499.836731,False,
CNH,CNH,CNH Industrial N.V. Common Shares,N,N,otherlisted,us_unclassified_stock,us_unclassified,member,False,unclassified,low,613.0,154580357.92803764,False,
LDOS,LDOS,"Leidos Holdings, Inc. Common Stock",N,N,otherlisted,us_unclassified_stock,us_unclassified,member,False,unclassified,low,614.0,154122190.7119751,False,
SEI,SEI,"Solaris Energy Infrastructure, Inc. Class A Common Stock",N,N,otherlisted,energy_oil_gas,us_energy_materials,member,False,name_keyword,medium,615.0,153347733.5521698,False,
HSBC,HSBC,"HSBC Holdings, plc. Common Stock",N,N,otherlisted,us_unclassified_stock,us_unclassified,member,False,unclassified,low,616.0,152505818.33648682,False,
IRM,IRM,Iron Mountain Incorporated (Delaware)Common Stock REIT,N,N,otherlisted,reit_infrastructure,us_defensive_assets,member,False,name_keyword,medium,617.0,152428261.89613342,True,data_center_reit
TYL,TYL,"Tyler Technologies, Inc. Common Stock",N,N,otherlisted,us_unclassified_stock,us_unclassified,member,False,unclassified,low,618.0,152188460.65063477,False,
SOLS,SOLS,Solstice Advanced Materials Inc. - Common Stock,NASDAQ,N,nasdaqlisted,materials_mining,us_energy_materials,member,False,name_keyword,medium,619.0,152075102.866745,False,
ES,ES,Eversource Energy (D/B/A) Common Stock,N,N,otherlisted,energy_oil_gas,us_energy_materials,member,False,name_keyword,medium,620.0,151958536.86714172,False,
BNS,BNS,Bank Nova Scotia Halifax Pfd 3 Ordinary Shares,N,N,otherlisted,fin_bank,us_finance,member,False,name_keyword,medium,621.0,151847446.33369446,False,
ITT,ITT,ITT Inc. Common Stock,N,N,otherlisted,us_unclassified_stock,us_unclassified,member,False,unclassified,low,622.0,151818286.56997678,False,
RPRX,RPRX,Royalty Pharma plc - Class A Ordinary Shares,NASDAQ,N,nasdaqlisted,us_unclassified_stock,us_unclassified,member,False,unclassified,low,623.0,151669617.9965973,False,
DY,DY,"Dycom Industries, Inc. Common Stock",N,N,otherlisted,us_unclassified_stock,us_unclassified,member,False,unclassified,low,624.0,150945744.0032959,True,grid_engineering
MEDP,MEDP,"Medpace Holdings, Inc. - Common Stock",NASDAQ,N,nasdaqlisted,us_unclassified_stock,us_unclassified,member,False,unclassified,low,625.0,150895049.35913086,False,
CLF,CLF,Cleveland-Cliffs Inc. Common Stock,N,N,otherlisted,us_unclassified_stock,us_unclassified,member,False,unclassified,low,626.0,149944386.2080574,False,
WSO,WSO,"Watsco, Inc. Common Stock",N,N,otherlisted,us_unclassified_stock,us_unclassified,member,False,unclassified,low,627.0,149439714.54162598,False,
NYT,NYT,New York Times Company (The) Common Stock,N,N,otherlisted,us_unclassified_stock,us_unclassified,member,False,unclassified,low,628.0,149166279.58221436,False,
TOL,TOL,"Toll Brothers, Inc. Common Stock",N,N,otherlisted,us_unclassified_stock,us_unclassified,member,False,unclassified,low,629.0,148642087.4633789,False,
JKHY,JKHY,"Jack Henry & Associates, Inc. - Common Stock",NASDAQ,N,nasdaqlisted,us_unclassified_stock,us_unclassified,member,False,unclassified,low,630.0,148276503.4072876,False,
FCNCA,FCNCA,"First Citizens BancShares, Inc. - Class A Common Stock",NASDAQ,N,nasdaqlisted,us_unclassified_stock,us_unclassified,member,False,unclassified,low,631.0,147795324.70703125,False,
LH,LH,Labcorp Holdings Inc. Common Stock,N,N,otherlisted,us_unclassified_stock,us_unclassified,member,False,unclassified,low,632.0,147654784.1720581,False,
HAS,HAS,"Hasbro, Inc. - Common Stock",NASDAQ,N,nasdaqlisted,us_unclassified_stock,us_unclassified,member,False,unclassified,low,633.0,147165638.63182068,False,
FLS,FLS,Flowserve Corporation Common Stock,N,N,otherlisted,us_unclassified_stock,us_unclassified,member,False,unclassified,low,634.0,147126154.83436584,False,
CACI,CACI,"CACI International, Inc. Class A Common Stock",N,N,otherlisted,us_unclassified_stock,us_unclassified,member,False,unclassified,low,635.0,146891747.51586914,False,
AES,AES,The AES Corporation Common Stock,N,N,otherlisted,us_unclassified_stock,us_unclassified,member,False,unclassified,low,636.0,146824468.56250763,False,
EAT,EAT,"Brinker International, Inc. Common Stock",N,N,otherlisted,us_unclassified_stock,us_unclassified,member,False,unclassified,low,637.0,146709732.39898682,False,
POOL,POOL,Pool Corporation - Common Stock,NASDAQ,N,nasdaqlisted,us_unclassified_stock,us_unclassified,member,False,unclassified,low,638.0,146559406.35910034,False,
WYNN,WYNN,"Wynn Resorts, Limited - Common Stock",NASDAQ,N,nasdaqlisted,us_unclassified_stock,us_unclassified,member,False,unclassified,low,639.0,146438884.66796875,False,
STLA,STLA,Stellantis N.V. Common Shares,N,N,otherlisted,us_unclassified_stock,us_unclassified,member,False,unclassified,low,640.0,145970287.46783257,False,
EXPD,EXPD,"Expeditors International of Washington, Inc. Common Stock",N,N,otherlisted,us_unclassified_stock,us_unclassified,member,False,unclassified,low,641.0,145837379.51202393,False,
Z,Z,"Zillow Group, Inc. - Class C Capital Stock",NASDAQ,N,nasdaqlisted,us_unclassified_stock,us_unclassified,member,False,unclassified,low,642.0,145347157.36923218,False,
NBIX,NBIX,"Neurocrine Biosciences, Inc. - Common Stock",NASDAQ,N,nasdaqlisted,us_unclassified_stock,us_unclassified,member,False,unclassified,low,643.0,145048049.48120117,False,
XE,XE,"X-Energy, Inc. - Class A Common Stock",NASDAQ,N,nasdaqlisted,energy_oil_gas,us_energy_materials,member,False,name_keyword,medium,644.0,144875149.9300003,False,
LNT,LNT,Alliant Energy Corporation - Common Stock,NASDAQ,N,nasdaqlisted,energy_oil_gas,us_energy_materials,member,False,name_keyword,medium,645.0,144124811.8358612,False,
EQH,EQH,"Equitable Holdings, Inc. Common Stock",N,N,otherlisted,us_unclassified_stock,us_unclassified,member,False,unclassified,low,646.0,143877587.1307373,False,
GME,GME,GameStop Corporation Common Stock,N,N,otherlisted,us_unclassified_stock,us_unclassified,member,False,unclassified,low,647.0,143736718.15166473,False,
VTRS,VTRS,Viatris Inc. - Common Stock,NASDAQ,N,nasdaqlisted,us_unclassified_stock,us_unclassified,member,False,unclassified,low,648.0,143670239.93315697,False,
CART,CART,Maplebear Inc. - Common Stock,NASDAQ,N,nasdaqlisted,us_unclassified_stock,us_unclassified,member,False,unclassified,low,649.0,143665044.03877258,False,
AMPX,AMPX,"Amprius Technologies, Inc. Common Stock",N,N,otherlisted,us_unclassified_stock,us_unclassified,member,False,unclassified,low,650.0,143431357.44323736,False,
EVRG,EVRG,"Evergy, Inc. - Common Stock",NASDAQ,N,nasdaqlisted,us_unclassified_stock,us_unclassified,member,False,unclassified,low,651.0,143215326.46636963,False,
EPD,EPD,Enterprise Products Partners L.P. Common Stock,N,N,otherlisted,us_unclassified_stock,us_unclassified,member,False,unclassified,low,652.0,143155340.2791977,False,
CNI,CNI,Canadian National Railway Company Common Stock,N,N,otherlisted,us_unclassified_stock,us_unclassified,member,False,unclassified,low,653.0,142836686.02676392,False,
ROL,ROL,"Rollins, Inc. Common Stock",N,N,otherlisted,us_unclassified_stock,us_unclassified,member,False,unclassified,low,654.0,142421433.5723877,False,
PBF,PBF,PBF Energy Inc. Class A Common Stock,N,N,otherlisted,energy_oil_gas,us_energy_materials,member,False,name_keyword,medium,655.0,142156796.46968842,False,
AMRZ,AMRZ,Amrize Ltd Ordinary Shares,N,N,otherlisted,us_unclassified_stock,us_unclassified,member,False,unclassified,low,656.0,141340416.33911133,False,
ROIV,ROIV,Roivant Sciences Ltd. - Common Shares,NASDAQ,N,nasdaqlisted,us_unclassified_stock,us_unclassified,member,False,unclassified,low,657.0,140754020.76396942,False,
SNX,SNX,TD SYNNEX Corporation Common Stock,N,N,otherlisted,us_unclassified_stock,us_unclassified,member,False,unclassified,low,658.0,140709497.10083008,False,
MDGL,MDGL,"Madrigal Pharmaceuticals, Inc. - Common Stock",NASDAQ,N,nasdaqlisted,biotech,us_healthcare,member,False,name_keyword,medium,659.0,140590009.74731445,False,
POWL,POWL,"Powell Industries, Inc. - Common Stock",NASDAQ,N,nasdaqlisted,transformer,us_industrial,leader,True,exact_symbol,high,660.0,140572828.6605835,True,thermal_power
UHS,UHS,"Universal Health Services, Inc. Common Stock",N,N,otherlisted,us_unclassified_stock,us_unclassified,member,False,unclassified,low,661.0,140410445.50628662,False,
FND,FND,"Floor & Decor Holdings, Inc. Common Stock",N,N,otherlisted,us_unclassified_stock,us_unclassified,member,False,unclassified,low,662.0,140334357.3961258,False,
PFGC,PFGC,Performance Food Group Company Common Stock,N,N,otherlisted,us_unclassified_stock,us_unclassified,member,False,unclassified,low,663.0,139678253.46298218,False,
RRC,RRC,Range Resources Corporation Common Stock,N,N,otherlisted,us_unclassified_stock,us_unclassified,member,False,unclassified,low,664.0,139309638.77105713,False,
BBAI,BBAI,"BigBear.ai, Inc. Common Stock",N,N,otherlisted,us_unclassified_stock,us_unclassified,member,False,unclassified,low,665.0,139275375.0,False,
CLH,CLH,"Clean Harbors, Inc. Common Stock",N,N,otherlisted,us_unclassified_stock,us_unclassified,member,False,unclassified,low,666.0,138859903.83911133,False,
IONS,IONS,"Ionis Pharmaceuticals, Inc. - Common Stock",NASDAQ,N,nasdaqlisted,biotech,us_healthcare,member,False,name_keyword,medium,667.0,138705756.23512268,False,
IEX,IEX,IDEX Corporation Common Stock,N,N,otherlisted,us_unclassified_stock,us_unclassified,member,False,unclassified,low,668.0,138250086.78588867,False,
CRL,CRL,"Charles River Laboratories International, Inc. Common Stock",N,N,otherlisted,us_unclassified_stock,us_unclassified,member,False,unclassified,low,669.0,137621561.227417,False,
NTNX,NTNX,"Nutanix, Inc. - Class A Common Stock",NASDAQ,N,nasdaqlisted,us_unclassified_stock,us_unclassified,member,False,unclassified,low,670.0,137389074.74136353,False,
AGI,AGI,Alamos Gold Inc. Class A Common Shares,N,N,otherlisted,us_unclassified_stock,us_unclassified,member,False,unclassified,low,671.0,137218234.7694397,False,
SM,SM,SM Energy Company Common Stock,N,N,otherlisted,energy_oil_gas,us_energy_materials,member,False,name_keyword,medium,672.0,137042166.89691544,False,
AS,AS,"Amer Sports, Inc. Ordinary Shares",N,N,otherlisted,us_unclassified_stock,us_unclassified,member,False,unclassified,low,673.0,136827481.5990448,False,
SWK,SWK,"Stanley Black & Decker, Inc. Common Stock",N,N,otherlisted,us_unclassified_stock,us_unclassified,member,False,unclassified,low,674.0,136275170.18013,False,
GEN,GEN,Gen Digital Inc. - Common Stock,NASDAQ,N,nasdaqlisted,us_unclassified_stock,us_unclassified,member,False,unclassified,low,675.0,136080349.16057587,False,
KRMN,KRMN,Karman Holdings Inc. Common Stock,N,N,otherlisted,us_unclassified_stock,us_unclassified,member,False,unclassified,low,676.0,135467778.175354,False,
CSL,CSL,Carlisle Companies Incorporated Common Stock,N,N,otherlisted,us_unclassified_stock,us_unclassified,member,False,unclassified,low,677.0,134654459.09118652,False,
DINO,DINO,HF Sinclair Corporation Common Stock,N,N,otherlisted,us_unclassified_stock,us_unclassified,member,False,unclassified,low,678.0,134163813.88053893,False,
OC,OC,Owens Corning Inc Common Stock New,N,N,otherlisted,us_unclassified_stock,us_unclassified,member,False,unclassified,low,679.0,134085816.54281619,False,
COO,COO,"The Cooper Companies, Inc.  - Common Stock",NASDAQ,N,nasdaqlisted,us_unclassified_stock,us_unclassified,member,False,unclassified,low,680.0,133908570.11566162,False,
BWA,BWA,BorgWarner Inc. Common Stock,N,N,otherlisted,us_unclassified_stock,us_unclassified,member,False,unclassified,low,681.0,133534724.27501678,False,
ALLY,ALLY,Ally Financial Inc. Common Stock,N,N,otherlisted,us_unclassified_stock,us_unclassified,member,False,unclassified,low,682.0,133528313.24386597,False,
OLLI,OLLI,"Ollie's Bargain Outlet Holdings, Inc. - Common Stock",NASDAQ,N,nasdaqlisted,us_unclassified_stock,us_unclassified,member,False,unclassified,low,683.0,133425477.66342163,False,
JHX,JHX,James Hardie Industries plc. Ordinary Shares,N,N,otherlisted,us_unclassified_stock,us_unclassified,member,False,unclassified,low,684.0,133309968.4999466,False,
SANM,SANM,Sanmina Corporation - Common Stock,NASDAQ,N,nasdaqlisted,us_unclassified_stock,us_unclassified,member,False,unclassified,low,685.0,133304062.23983765,False,
CRBG,CRBG,Corebridge Financial Inc. Common Stock,N,N,otherlisted,us_unclassified_stock,us_unclassified,member,False,unclassified,low,686.0,132060537.46490479,False,
EOSE,EOSE,"Eos Energy Enterprises, Inc. - Common Stock",NASDAQ,N,nasdaqlisted,energy_oil_gas,us_energy_materials,member,False,name_keyword,medium,687.0,131782677.19051838,False,
BTG,BTG,B2Gold Corp Common shares (Canada),A,N,otherlisted,us_unclassified_stock,us_unclassified,member,False,unclassified,low,688.0,131427029.26638126,False,
ALLE,ALLE,Allegion plc Ordinary Shares,N,N,otherlisted,us_unclassified_stock,us_unclassified,member,False,unclassified,low,689.0,130479718.62182617,False,
RH,RH,RH Common Stock,N,N,otherlisted,us_unclassified_stock,us_unclassified,member,False,unclassified,low,690.0,129497189.07623291,False,
PAYC,PAYC,"Paycom Software, Inc. Common Stock",N,N,otherlisted,us_unclassified_stock,us_unclassified,member,False,unclassified,low,691.0,129454872.90992737,False,
CYTK,CYTK,"Cytokinetics, Incorporated - Common Stock",NASDAQ,N,nasdaqlisted,us_unclassified_stock,us_unclassified,member,False,unclassified,low,692.0,129428651.77993774,False,
PRIM,PRIM,Primoris Services Corporation Common Stock,N,N,otherlisted,us_unclassified_stock,us_unclassified,member,False,unclassified,low,693.0,129316158.89892578,True,grid_engineering
UEC,UEC,Uranium Energy Corp. Common Stock,A,N,otherlisted,energy_oil_gas,us_energy_materials,member,False,name_keyword,medium,694.0,128890191.75891876,False,
INCY,INCY,Incyte Corporation - Common Stock,NASDAQ,N,nasdaqlisted,us_unclassified_stock,us_unclassified,member,False,unclassified,low,695.0,128768947.55783081,False,
ASND,ASND,Ascendis Pharma A/S - Ordinary Share,NASDAQ,N,nasdaqlisted,us_unclassified_stock,us_unclassified,member,False,unclassified,low,696.0,128717566.11328126,False,
IBRX,IBRX,"ImmunityBio, Inc. - Common Stock",NASDAQ,N,nasdaqlisted,us_unclassified_stock,us_unclassified,member,False,unclassified,low,697.0,128389772.61810303,False,
UPST,UPST,"Upstart Holdings, Inc. - Common stock",NASDAQ,N,nasdaqlisted,us_unclassified_stock,us_unclassified,member,False,unclassified,low,698.0,128370424.91025925,False,
BAX,BAX,Baxter International Inc. Common Stock,N,N,otherlisted,us_unclassified_stock,us_unclassified,member,False,unclassified,low,699.0,128104918.62945557,False,
DOC,DOC,"Healthpeak Properties, Inc. Common Stock",N,N,otherlisted,us_unclassified_stock,us_unclassified,member,False,unclassified,low,700.0,128090029.13274765,False,
CE,CE,Celanese Corporation Common Stock,N,N,otherlisted,us_unclassified_stock,us_unclassified,member,False,unclassified,low,701.0,128066733.06865692,False,
WFRD,WFRD,Weatherford International plc - Ordinary shares,NASDAQ,N,nasdaqlisted,us_unclassified_stock,us_unclassified,member,False,unclassified,low,702.0,128006218.43261719,False,
BALL,BALL,Ball Corporation Common Stock,N,N,otherlisted,us_unclassified_stock,us_unclassified,member,False,unclassified,low,703.0,127767622.46704102,False,
SNA,SNA,Snap-On Incorporated Common Stock,N,N,otherlisted,us_unclassified_stock,us_unclassified,member,False,unclassified,low,704.0,127436717.96569824,False,
BUD,BUD,Anheuser-Busch Inbev SA Sponsored ADR (Belgium),N,N,otherlisted,us_unclassified_stock,us_unclassified,member,False,unclassified,low,705.0,127346989.8349762,False,
NLY,NLY,Annaly Capital Management Inc. Common Stock,N,N,otherlisted,us_unclassified_stock,us_unclassified,member,False,unclassified,low,706.0,125442300.7555008,False,
GLXY,GLXY,Galaxy Digital Inc. - Class A common stock,NASDAQ,N,nasdaqlisted,us_unclassified_stock,us_unclassified,member,False,unclassified,low,707.0,125062457.97309875,False,
TAP,TAP,Molson Coors Beverage Company Class B Common Stock,N,N,otherlisted,us_unclassified_stock,us_unclassified,member,False,unclassified,low,708.0,124567215.55271149,False,
IAG,IAG,Iamgold Corporation Ordinary Shares,N,N,otherlisted,us_unclassified_stock,us_unclassified,member,False,unclassified,low,709.0,124400056.13517761,False,
WLK,WLK,Westlake Corporation Common Stock,N,N,otherlisted,us_unclassified_stock,us_unclassified,member,False,unclassified,low,710.0,123808440.04974365,False,
IVZ,IVZ,Invesco Ltd Common Stock,N,N,otherlisted,us_unclassified_stock,us_unclassified,member,False,unclassified,low,711.0,123436892.15526581,False,
BEN,BEN,"Franklin Resources, Inc. Common Stock",N,N,otherlisted,us_unclassified_stock,us_unclassified,member,False,unclassified,low,712.0,123016839.91241455,False,
TECH,TECH,Bio-Techne Corp - Common Stock,NASDAQ,N,nasdaqlisted,us_unclassified_stock,us_unclassified,member,False,unclassified,low,713.0,122438591.2820816,False,
ARWR,ARWR,"Arrowhead Pharmaceuticals, Inc. - Common Stock",NASDAQ,N,nasdaqlisted,biotech,us_healthcare,member,False,name_keyword,medium,714.0,122077281.41403198,False,
UMC,UMC,United Microelectronics Corporation (NEW) Common Stock,N,N,otherlisted,us_unclassified_stock,us_unclassified,member,False,unclassified,low,715.0,121665785.21895409,False,
JLL,JLL,Jones Lang LaSalle Incorporated Common Stock,N,N,otherlisted,us_unclassified_stock,us_unclassified,member,False,unclassified,low,716.0,121492025.57678223,False,
EQX,EQX,Equinox Gold Corp. Common Shares,A,N,otherlisted,us_unclassified_stock,us_unclassified,member,False,unclassified,low,717.0,121330175.5812645,False,
JBLU,JBLU,JetBlue Airways Corporation - Common Stock,NASDAQ,N,nasdaqlisted,us_unclassified_stock,us_unclassified,member,False,unclassified,low,718.0,121179002.9510498,False,
ZETA,ZETA,Zeta Global Holdings Corp. Class A Common Stock,N,N,otherlisted,us_unclassified_stock,us_unclassified,member,False,unclassified,low,719.0,121095055.09405136,False,
CM,CM,Canadian Imperial Bank of Commerce Common Stock,N,N,otherlisted,fin_bank,us_finance,member,False,name_keyword,medium,720.0,120799087.76016235,False,
RGEN,RGEN,Repligen Corporation - Common Stock,NASDAQ,N,nasdaqlisted,us_unclassified_stock,us_unclassified,member,False,unclassified,low,721.0,120590292.68722534,False,
TRMB,TRMB,Trimble Inc. - Common Stock,NASDAQ,N,nasdaqlisted,us_unclassified_stock,us_unclassified,member,False,unclassified,low,722.0,120268737.57705688,False,
CHRD,CHRD,Chord Energy Corporation - Common Stock,NASDAQ,N,nasdaqlisted,energy_oil_gas,us_energy_materials,member,False,name_keyword,medium,723.0,119668812.84942627,False,
ALC,ALC,Alcon Inc. Ordinary Shares,N,N,otherlisted,us_unclassified_stock,us_unclassified,member,False,unclassified,low,724.0,119552715.46020508,False,
MTCH,MTCH,"Match Group, Inc. - Common Stock",NASDAQ,N,nasdaqlisted,us_unclassified_stock,us_unclassified,member,False,unclassified,low,725.0,119002691.47472382,False,
BAH,BAH,Booz Allen Hamilton Holding Corporation Common Stock,N,N,otherlisted,us_unclassified_stock,us_unclassified,member,False,unclassified,low,726.0,118687137.64343262,False,
WMS,WMS,"Advanced Drainage Systems, Inc. Common Stock",N,N,otherlisted,us_unclassified_stock,us_unclassified,member,False,unclassified,low,727.0,118572844.57397461,False,
WRB,WRB,W.R. Berkley Corporation Common Stock,N,N,otherlisted,us_unclassified_stock,us_unclassified,member,False,unclassified,low,728.0,118328425.49476624,False,
DVA,DVA,DaVita Inc. Common Stock,N,N,otherlisted,us_unclassified_stock,us_unclassified,member,False,unclassified,low,729.0,118286421.19674683,False,
PRAX,PRAX,"Praxis Precision Medicines, Inc. - Common Stock",NASDAQ,N,nasdaqlisted,us_unclassified_stock,us_unclassified,member,False,unclassified,low,730.0,117929927.43988037,False,
AHR,AHR,"American Healthcare REIT, Inc. Common Stock",N,N,otherlisted,reit_infrastructure,us_defensive_assets,member,False,name_keyword,medium,731.0,117877743.81065369,False,
GTLB,GTLB,GitLab Inc. - Class A Common Stock,NASDAQ,N,nasdaqlisted,us_unclassified_stock,us_unclassified,member,False,unclassified,low,732.0,117618834.11045074,False,
FRO,FRO,Frontline Plc Ordinary Shares,N,N,otherlisted,us_unclassified_stock,us_unclassified,member,False,unclassified,low,733.0,117278015.09399414,False,
TPG,TPG,TPG Inc. - Class A Common Stock,NASDAQ,N,nasdaqlisted,us_unclassified_stock,us_unclassified,member,False,unclassified,low,734.0,116749138.42887878,False,
SHAK,SHAK,"Shake Shack, Inc. Class A Common Stock",N,N,otherlisted,us_unclassified_stock,us_unclassified,member,False,unclassified,low,735.0,116220445.74222565,False,
WY,WY,Weyerhaeuser Company Common Stock,N,N,otherlisted,us_unclassified_stock,us_unclassified,member,False,unclassified,low,736.0,115825933.1870079,False,
PFG,PFG,Principal Financial Group Inc - Common Stock,NASDAQ,N,nasdaqlisted,us_unclassified_stock,us_unclassified,member,False,unclassified,low,737.0,115634013.73291016,False,
FROG,FROG,JFrog Ltd. - Ordinary shares,NASDAQ,N,nasdaqlisted,us_unclassified_stock,us_unclassified,member,False,unclassified,low,738.0,114689010.92128754,False,
IFF,IFF,"International Flavors & Fragrances, Inc. Common Stock",N,N,otherlisted,us_unclassified_stock,us_unclassified,member,False,unclassified,low,739.0,114546512.13417053,False,
AXSM,AXSM,"Axsome Therapeutics, Inc. - Common Stock",NASDAQ,N,nasdaqlisted,biotech,us_healthcare,member,False,name_keyword,medium,740.0,114517804.8751831,False,
UAMY,UAMY,United States Antimony Corporation Common Stock,N,N,otherlisted,us_unclassified_stock,us_unclassified,member,False,unclassified,low,741.0,114421009.0043068,False,
APG,APG,APi Group Corporation Common Stock,N,N,otherlisted,us_unclassified_stock,us_unclassified,member,False,unclassified,low,742.0,114355451.73683167,True,thermal_power
DEO,DEO,Diageo plc Common Stock,N,N,otherlisted,us_unclassified_stock,us_unclassified,member,False,unclassified,low,743.0,114275399.15542603,False,
SAN,SAN,"Banco Santander, S.A. Sponsored ADR (Spain)",N,N,otherlisted,us_unclassified_stock,us_unclassified,member,False,unclassified,low,744.0,114031761.40069962,False,
BF-B,BF.B,Brown Forman Inc Class B Common Stock,N,N,otherlisted,us_unclassified_stock,us_unclassified,member,False,unclassified,low,745.0,113976278.99341585,False,
RBA,RBA,"RB Global, Inc. Common Stock",N,N,otherlisted,us_unclassified_stock,us_unclassified,member,False,unclassified,low,746.0,112961900.62599182,False,
CROX,CROX,"Crocs, Inc. - Common Stock",NASDAQ,N,nasdaqlisted,us_unclassified_stock,us_unclassified,member,False,unclassified,low,747.0,112782201.65100098,False,
PNFP,PNFP,"Pinnacle Financial Partners, Inc. Common stock",N,N,otherlisted,us_unclassified_stock,us_unclassified,member,False,unclassified,low,748.0,112554293.0809021,False,
H,H,Hyatt Hotels Corporation Class A Common Stock,N,N,otherlisted,us_unclassified_stock,us_unclassified,member,False,unclassified,low,749.0,112545232.76138306,False,
M,M,Macy's Inc Common Stock,N,N,otherlisted,us_unclassified_stock,us_unclassified,member,False,unclassified,low,750.0,112114776.15003586,False,
VFC,VFC,V.F. Corporation Common Stock,N,N,otherlisted,us_unclassified_stock,us_unclassified,member,False,unclassified,low,751.0,112068871.60711288,False,
HBM,HBM,Hudbay Minerals Inc. Ordinary Shares (Canada),N,N,otherlisted,us_unclassified_stock,us_unclassified,member,False,unclassified,low,752.0,111938896.05875015,False,
ELAN,ELAN,Elanco Animal Health Incorporated Common Stock,N,N,otherlisted,us_unclassified_stock,us_unclassified,member,False,unclassified,low,753.0,111570104.7873497,False,
LGN,LGN,Legence Corp. - Class A Common stock,NASDAQ,N,nasdaqlisted,us_unclassified_stock,us_unclassified,member,False,unclassified,low,754.0,111223303.02314758,False,
EG,EG,"Everest Group, Ltd. Common Stock",N,N,otherlisted,us_unclassified_stock,us_unclassified,member,False,unclassified,low,755.0,110626515.09399414,False,
IESC,IESC,"IES Holdings, Inc. - Common Stock",NASDAQ,N,nasdaqlisted,us_unclassified_stock,us_unclassified,member,False,unclassified,low,756.0,110421365.41748047,True,grid_engineering
ESLT,ESLT,Elbit Systems Ltd. - Ordinary Shares,NASDAQ,N,nasdaqlisted,us_unclassified_stock,us_unclassified,member,False,unclassified,low,757.0,110322627.07214355,False,
KMX,KMX,CarMax Inc,N,N,otherlisted,us_unclassified_stock,us_unclassified,member,False,unclassified,low,758.0,110248859.85946655,False,
PLNT,PLNT,"Planet Fitness, Inc. Common Stock",N,N,otherlisted,us_unclassified_stock,us_unclassified,member,False,unclassified,low,759.0,109747356.93664551,False,
TXT,TXT,Textron Inc. Common Stock,N,N,otherlisted,us_unclassified_stock,us_unclassified,member,False,unclassified,low,760.0,109422075.16021729,False,
S,S,"SentinelOne, Inc. Class A Common Stock",N,N,otherlisted,us_unclassified_stock,us_unclassified,member,False,unclassified,low,761.0,109265847.65310287,False,
BAP,BAP,Credicorp Ltd. Common Stock,N,N,otherlisted,us_unclassified_stock,us_unclassified,member,False,unclassified,low,762.0,108901800.0,False,
MKL,MKL,Markel Group Inc. Common Stock,N,N,otherlisted,us_unclassified_stock,us_unclassified,member,False,unclassified,low,763.0,108586787.60681152,False,
CCK,CCK,"Crown Holdings, Inc.",N,N,otherlisted,us_unclassified_stock,us_unclassified,member,False,unclassified,low,764.0,108507241.75720215,False,
CNM,CNM,"Core & Main, Inc. Class A Common Stock",N,N,otherlisted,us_unclassified_stock,us_unclassified,member,False,unclassified,low,765.0,108503466.68186188,False,
RBC,RBC,RBC Bearings Incorporated Common Stock,N,N,otherlisted,us_unclassified_stock,us_unclassified,member,False,unclassified,low,766.0,108473371.08154297,False,
JEF,JEF,Jefferies Financial Group Inc. Common Stock,N,N,otherlisted,us_unclassified_stock,us_unclassified,member,False,unclassified,low,767.0,108333002.27413177,False,
MNDY,MNDY,monday.com Ltd. - Ordinary Shares,NASDAQ,N,nasdaqlisted,us_unclassified_stock,us_unclassified,member,False,unclassified,low,768.0,108192974.95956421,False,
BRK-A,BRK.A,Berkshire Hathaway Inc. Common Stock,N,N,otherlisted,us_unclassified_stock,us_unclassified,member,False,unclassified,low,769.0,107256500.0,False,
J,J,Jacobs Solutions Inc. Common Stock,N,N,otherlisted,us_unclassified_stock,us_unclassified,member,False,unclassified,low,770.0,107174571.55570984,False,
LBRT,LBRT,Liberty Energy Inc. Class A common stock,N,N,otherlisted,energy_oil_gas,us_energy_materials,member,False,name_keyword,medium,771.0,107131412.25500107,False,
AVY,AVY,Avery Dennison Corporation Common Stock,N,N,otherlisted,us_unclassified_stock,us_unclassified,member,False,unclassified,low,772.0,106980285.19897461,False,
DNN,DNN,Denison Mines Corp Ordinary Shares (Canada),A,N,otherlisted,us_unclassified_stock,us_unclassified,member,False,unclassified,low,773.0,106710407.64480829,False,
EGO,EGO,Eldorado Gold Corporation Ordinary Shares,N,N,otherlisted,us_unclassified_stock,us_unclassified,member,False,unclassified,low,774.0,106638130.01174927,False,
RUN,RUN,Sunrun Inc. - Common Stock,NASDAQ,N,nasdaqlisted,us_unclassified_stock,us_unclassified,member,False,unclassified,low,775.0,106392648.55408669,False,
BBWI,BBWI,"Bath & Body Works, Inc.",N,N,otherlisted,us_unclassified_stock,us_unclassified,member,False,unclassified,low,776.0,106125565.58113097,False,
BOOT,BOOT,"Boot Barn Holdings, Inc. Common Stock",N,N,otherlisted,us_unclassified_stock,us_unclassified,member,False,unclassified,low,777.0,105913762.97531128,False,
ESI,ESI,Element Solutions Inc. Common Stock,N,N,otherlisted,us_unclassified_stock,us_unclassified,member,False,unclassified,low,778.0,105721354.16259766,False,
KIM,KIM,Kimco Realty Corporation (HC) Common Stock,N,N,otherlisted,us_unclassified_stock,us_unclassified,member,False,unclassified,low,779.0,105316929.62808609,False,
JHG,JHG,Janus Henderson Group plc Ordinary Shares,N,N,otherlisted,us_unclassified_stock,us_unclassified,member,False,unclassified,low,780.0,105285446.6386795,False,
CENX,CENX,Century Aluminum Company - Common Stock,NASDAQ,N,nasdaqlisted,us_unclassified_stock,us_unclassified,member,False,unclassified,low,781.0,105206758.67919922,False,
EXEL,EXEL,"Exelixis, Inc. - Common Stock",NASDAQ,N,nasdaqlisted,us_unclassified_stock,us_unclassified,member,False,unclassified,low,782.0,105076927.02140808,False,
ARMK,ARMK,Aramark Common Stock,N,N,otherlisted,us_unclassified_stock,us_unclassified,member,False,unclassified,low,783.0,105056881.05010986,False,
PSKY,PSKY,Paramount Skydance Corporation - Class B Common Stock,NASDAQ,N,nasdaqlisted,us_unclassified_stock,us_unclassified,member,False,unclassified,low,784.0,104850588.04779053,False,
DAVE,DAVE,Dave Inc.  - Class A Common Stock,NASDAQ,N,nasdaqlisted,us_unclassified_stock,us_unclassified,member,False,unclassified,low,785.0,103723416.11938477,False,
XP,XP,XP Inc. - Class A Common Stock,NASDAQ,N,nasdaqlisted,us_unclassified_stock,us_unclassified,member,False,unclassified,low,786.0,103411824.14369583,False,
EWBC,EWBC,"East West Bancorp, Inc. - Common Stock",NASDAQ,N,nasdaqlisted,fin_bank,us_finance,member,False,name_keyword,medium,787.0,102837182.79647827,False,
MAA,MAA,"Mid-America Apartment Communities, Inc. Common Stock",N,N,otherlisted,us_unclassified_stock,us_unclassified,member,False,unclassified,low,788.0,102417573.14300537,False,
PTEN,PTEN,"Patterson-UTI Energy, Inc. - Common Stock",NASDAQ,N,nasdaqlisted,energy_oil_gas,us_energy_materials,member,False,name_keyword,medium,789.0,101996080.03234863,False,
FBIN,FBIN,"Fortune Brands Innovations, Inc. Common Stock",N,N,otherlisted,us_unclassified_stock,us_unclassified,member,False,unclassified,low,790.0,101932426.84249878,False,
CINF,CINF,Cincinnati Financial Corporation - Common Stock,NASDAQ,N,nasdaqlisted,us_unclassified_stock,us_unclassified,member,False,unclassified,low,791.0,101876538.986969,False,
ALM,ALM,Almonty Industries Inc. - Common Shares,NASDAQ,N,nasdaqlisted,us_unclassified_stock,us_unclassified,member,False,unclassified,low,792.0,101441172.66826628,False,
ANF,ANF,Abercrombie & Fitch Company Common Stock,N,N,otherlisted,us_unclassified_stock,us_unclassified,member,False,unclassified,low,793.0,101096422.58605957,False,
ACM,ACM,AECOM Common Stock,N,N,otherlisted,us_unclassified_stock,us_unclassified,member,False,unclassified,low,794.0,101047580.78002931,True,grid_engineering
AYI,AYI,Acuity Inc. Common Stock,N,N,otherlisted,us_unclassified_stock,us_unclassified,member,False,unclassified,low,795.0,101035357.40966797,False,
VSEC,VSEC,VSE Corporation - Common Stock,NASDAQ,N,nasdaqlisted,us_unclassified_stock,us_unclassified,member,False,unclassified,low,796.0,100909696.20437622,False,
RVTY,RVTY,"Revvity, Inc. Common Stock",N,N,otherlisted,us_unclassified_stock,us_unclassified,member,False,unclassified,low,797.0,100463351.70478821,False,
BTE,BTE,Baytex Energy Corp Common Shares,N,N,otherlisted,energy_oil_gas,us_energy_materials,member,False,name_keyword,medium,798.0,100172543.86892319,False,
UBS,UBS,UBS Group AG Registered Ordinary Shares,N,N,otherlisted,us_unclassified_stock,us_unclassified,member,False,unclassified,low,799.0,99900443.78471375,False,
SUI,SUI,"Sun Communities, Inc. Common Stock",N,N,otherlisted,us_unclassified_stock,us_unclassified,member,False,unclassified,low,800.0,99790681.60438536,False,
IRDM,IRDM,Iridium Communications Inc - Common Stock,NASDAQ,N,nasdaqlisted,us_unclassified_stock,us_unclassified,member,False,unclassified,low,948.0,74425071.70028687,True,space_ev_defense
GVA,GVA,Granite Construction Incorporated Common Stock,N,N,otherlisted,us_unclassified_stock,us_unclassified,member,False,unclassified,low,961.0,72581974.39613342,True,grid_engineering
AAON,AAON,"AAON, Inc. - Common Stock",NASDAQ,N,nasdaqlisted,us_unclassified_stock,us_unclassified,member,False,unclassified,low,976.0,71148442.71240234,True,thermal_power
WTS,WTS,"Watts Water Technologies, Inc. Class A Common Stock",N,N,otherlisted,us_unclassified_stock,us_unclassified,member,False,unclassified,low,993.0,69580956.4086914,True,thermal_power
ECG,ECG,"Everus Construction Group, Inc. Common Stock",N,N,otherlisted,us_unclassified_stock,us_unclassified,member,False,unclassified,low,1055.0,64341803.077697754,True,grid_engineering
FELE,FELE,"Franklin Electric Co., Inc. - Common Stock",NASDAQ,N,nasdaqlisted,us_unclassified_stock,us_unclassified,member,False,unclassified,low,1650.0,23096504.558563232,True,thermal_power
ARM,ARM,Arm Holdings plc - American Depositary Shares,NASDAQ,N,nasdaqlisted,semi_eda_ip,us_semiconductor,leader,True,exact_symbol,high,,,True,us981a_ai_theme
CARR,CARR,Carrier Global Corporation Common Stock,N,N,otherlisted,us_unclassified_stock,us_unclassified,member,False,unclassified,low,,,True,thermal_power
DLR,DLR,"Digital Realty Trust, Inc. Common Stock",N,N,otherlisted,us_unclassified_stock,us_unclassified,member,False,unclassified,low,,,True,data_center_reit
FLR,FLR,Fluor Corporation Common Stock,N,N,otherlisted,us_unclassified_stock,us_unclassified,member,False,unclassified,low,,,True,grid_engineering
LUNR,LUNR,"Intuitive Machines, Inc. - Class A Common Stock",NASDAQ,N,nasdaqlisted,us_unclassified_stock,us_unclassified,member,False,unclassified,low,,,True,space_ev_defense
NOW,NOW,"ServiceNow, Inc. Common Stock",N,N,otherlisted,saas_software,us_technology,leader,True,exact_symbol,high,,,True,software_platform
PLTR,PLTR,Palantir Technologies Inc. - Class A Common Stock,NASDAQ,N,nasdaqlisted,us_unclassified_stock,us_unclassified,member,False,unclassified,low,,,True,space_ev_defense
PSTG,,,,,,,,,,,,,,True,server_network
PWR,PWR,"Quanta Services, Inc. Common Stock",N,N,otherlisted,grid_engineering,us_industrial,leader,True,exact_symbol,high,,,True,grid_engineering
QQQ,QQQ,"Invesco QQQ Trust, Series 1",NASDAQ,Y,nasdaqlisted,technology_index_etf,us_etf,core_leader,True,exact_etf_symbol,high,,,True,
SMH,SMH,VanEck Semiconductor ETF,NASDAQ,Y,nasdaqlisted,semiconductor_etf,us_etf,core_leader,True,exact_etf_symbol,high,,,True,
SOXX,SOXX,iShares PHLX SOX Semiconductor Sector Index Fund,NASDAQ,Y,nasdaqlisted,semiconductor_etf,us_etf,core_leader,True,exact_etf_symbol,high,,,True,
SPY,SPY,State Street SPDR S&P 500 ETF Trust,P,Y,otherlisted,market_index_etf,us_etf,core_leader,True,exact_etf_symbol,high,,,True,
TER,TER,"Teradyne, Inc. - Common Stock",NASDAQ,N,nasdaqlisted,semi_equipment,us_semiconductor,member,False,exact_symbol,high,,,True,semi_equipment
XLK,XLK,State Street Technology Select Sector SPDR ETF,P,Y,otherlisted,technology_etf,us_etf,leader,True,exact_etf_symbol,high,,,True,
